rank,thread_id,event,left,mid,right,depth,time
0,0,divide_to_workers,0,1500,3000,0,0.000078
0,1,divide,1454,1454,1455,11,0.000000
0,1,merge,1454,1454,1455,11,0.000005
0,1,divide,1454,1455,1456,10,0.000028
0,1,merge,1454,1455,1456,10,0.000000
0,1,divide,1457,1457,1458,11,0.000000
0,1,merge,1457,1457,1458,11,0.000000
0,1,divide,1457,1458,1459,10,0.000013
0,1,merge,1457,1458,1459,10,0.000000
0,1,divide,1454,1456,1459,9,0.000075
0,1,merge,1454,1456,1459,9,0.000001
0,1,divide,1460,1460,1461,11,0.000000
0,1,merge,1460,1460,1461,11,0.000000
0,1,divide,1460,1461,1462,10,0.000015
0,1,merge,1460,1461,1462,10,0.000000
0,1,divide,1463,1463,1464,11,0.000000
0,1,merge,1463,1463,1464,11,0.000000
0,1,divide,1463,1464,1465,10,0.000010
0,1,merge,1463,1464,1465,10,0.000000
0,1,divide,1460,1462,1465,9,0.000052
0,1,merge,1460,1462,1465,9,0.000000
0,1,divide,1454,1459,1465,8,0.000162
0,1,merge,1454,1459,1465,8,0.000001
0,1,divide,1466,1466,1467,11,0.000000
0,1,merge,1466,1466,1467,11,0.000000
0,1,divide,1466,1467,1468,10,0.000015
0,1,merge,1466,1467,1468,10,0.000000
0,1,divide,1469,1469,1470,11,0.000000
0,1,merge,1469,1469,1470,11,0.000000
0,1,divide,1469,1470,1471,10,0.000013
0,1,merge,1469,1470,1471,10,0.000000
0,1,divide,1466,1468,1471,9,0.000055
0,1,merge,1466,1468,1471,9,0.000000
0,1,divide,1472,1472,1473,11,0.000000
0,1,merge,1472,1472,1473,11,0.000000
0,1,divide,1472,1473,1474,10,0.000013
0,1,merge,1472,1473,1474,10,0.000000
0,1,divide,1475,1475,1476,10,0.000000
0,1,merge,1475,1475,1476,10,0.000000
0,1,divide,1472,1474,1476,9,0.000041
0,1,merge,1472,1474,1476,9,0.000000
0,1,divide,1466,1471,1476,8,0.000127
0,1,merge,1466,1471,1476,8,0.000001
0,1,divide,1454,1465,1476,7,0.000319
0,1,merge,1454,1465,1476,7,0.000001
0,1,divide,1477,1477,1478,11,0.000000
0,1,merge,1477,1477,1478,11,0.000000
0,1,divide,1477,1478,1479,10,0.000013
0,1,merge,1477,1478,1479,10,0.000000
0,1,divide,1480,1480,1481,11,0.000000
0,1,merge,1480,1480,1481,11,0.000000
0,1,divide,1480,1481,1482,10,0.000014
0,1,merge,1480,1481,1482,10,0.000000
0,1,divide,1477,1479,1482,9,0.000054
0,1,merge,1477,1479,1482,9,0.000000
0,1,divide,1483,1483,1484,11,0.000000
0,1,merge,1483,1483,1484,11,0.000000
0,1,divide,1483,1484,1485,10,0.000014
0,1,merge,1483,1484,1485,10,0.000000
0,1,divide,1486,1486,1487,11,0.000000
0,1,merge,1486,1486,1487,11,0.000000
0,1,divide,1486,1487,1488,10,0.000016
0,1,merge,1486,1487,1488,10,0.000000
0,1,divide,1483,1485,1488,9,0.000057
0,1,merge,1483,1485,1488,9,0.000000
0,1,divide,1477,1482,1488,8,0.000139
0,1,merge,1477,1482,1488,8,0.000001
0,1,divide,1489,1489,1490,11,0.000000
0,1,merge,1489,1489,1490,11,0.000000
0,1,divide,1489,1490,1491,10,0.000013
0,1,merge,1489,1490,1491,10,0.000000
0,1,divide,1492,1492,1493,11,0.000000
0,1,merge,1492,1492,1493,11,0.000000
0,1,divide,1492,1493,1494,10,0.000014
0,1,merge,1492,1493,1494,10,0.000000
0,1,divide,1489,1491,1494,9,0.000053
0,1,merge,1489,1491,1494,9,0.000000
0,1,divide,1495,1495,1496,11,0.000000
0,1,merge,1495,1495,1496,11,0.000000
0,1,divide,1495,1496,1497,10,0.000012
0,1,merge,1495,1496,1497,10,0.000000
0,1,divide,1498,1498,1499,10,0.000000
0,1,merge,1498,1498,1499,10,0.000000
0,1,divide,1495,1497,1499,9,0.000042
0,1,merge,1495,1497,1499,9,0.000000
0,1,divide,1489,1494,1499,8,0.000124
0,1,merge,1489,1494,1499,8,0.000001
0,1,divide,1477,1488,1499,7,0.000293
0,1,merge,1477,1488,1499,7,0.000001
0,1,divide,1454,1476,1499,6,0.000639
0,1,merge,1454,1476,1499,6,0.000005
0,1,divide,1407,1407,1408,11,0.000000
0,1,merge,1407,1407,1408,11,0.000000
0,1,divide,1407,1408,1409,10,0.000014
0,1,merge,1407,1408,1409,10,0.000000
0,1,divide,1410,1410,1411,11,0.000000
0,1,merge,1410,1410,1411,11,0.000000
0,1,divide,1410,1411,1412,10,0.000012
0,1,merge,1410,1411,1412,10,0.000000
0,1,divide,1407,1409,1412,9,0.000054
0,1,merge,1407,1409,1412,9,0.000000
0,1,divide,1413,1413,1414,11,0.000000
0,1,merge,1413,1413,1414,11,0.000000
0,1,divide,1413,1414,1415,10,0.000014
0,1,merge,1413,1414,1415,10,0.000000
0,0,divide,704,704,705,11,0.000000
0,0,merge,704,704,705,11,0.000001
0,0,divide,704,705,706,10,0.000024
0,0,merge,704,705,706,10,0.000000
0,0,divide,707,707,708,11,0.000000
0,0,merge,707,707,708,11,0.000000
0,0,divide,707,708,709,10,0.000011
0,0,merge,707,708,709,10,0.000000
0,0,divide,704,706,709,9,0.000065
0,0,merge,704,706,709,9,0.000001
0,0,divide,710,710,711,11,0.000000
0,0,merge,710,710,711,11,0.000000
0,0,divide,710,711,712,10,0.000009
0,0,merge,710,711,712,10,0.000000
0,0,divide,713,713,714,11,0.000000
0,0,merge,713,713,714,11,0.000000
0,0,divide,713,714,715,10,0.000009
0,0,merge,713,714,715,10,0.000000
0,0,divide,710,712,715,9,0.000042
0,0,merge,710,712,715,9,0.000000
0,0,divide,704,709,715,8,0.000126
0,0,merge,704,709,715,8,0.000001
0,0,divide,716,716,717,11,0.000000
0,0,merge,716,716,717,11,0.000000
0,0,divide,716,717,718,10,0.000011
0,0,merge,716,717,718,10,0.000000
0,0,divide,719,719,720,11,0.000000
0,0,merge,719,719,720,11,0.000000
0,0,divide,719,720,721,10,0.000010
0,0,merge,719,720,721,10,0.000000
0,0,divide,716,718,721,9,0.000043
0,0,merge,716,718,721,9,0.000000
0,0,divide,722,722,723,11,0.000000
0,0,merge,722,722,723,11,0.000000
0,0,divide,722,723,724,10,0.000011
0,0,merge,722,723,724,10,0.000000
0,0,divide,725,725,726,10,0.000000
0,0,merge,725,725,726,10,0.000000
0,0,divide,722,724,726,9,0.000032
0,0,merge,722,724,726,9,0.000000
0,0,divide,716,721,726,8,0.000095
0,0,merge,716,721,726,8,0.000001
0,0,divide,704,715,726,7,0.000241
0,0,merge,704,715,726,7,0.000001
0,0,divide,727,727,728,11,0.000000
0,0,merge,727,727,728,11,0.000000
0,0,divide,727,728,729,10,0.000012
0,0,merge,727,728,729,10,0.000000
0,0,divide,730,730,731,11,0.000000
0,0,merge,730,730,731,11,0.000000
0,0,divide,730,731,732,10,0.000009
0,0,merge,730,731,732,10,0.000000
0,0,divide,727,729,732,9,0.000039
0,0,merge,727,729,732,9,0.000000
0,0,divide,733,733,734,11,0.000000
0,0,merge,733,733,734,11,0.000000
0,0,divide,733,734,735,10,0.000010
0,0,merge,733,734,735,10,0.000000
0,0,divide,736,736,737,11,0.000000
0,0,merge,736,736,737,11,0.000000
0,0,divide,736,737,738,10,0.000013
0,0,merge,736,737,738,10,0.000000
0,0,divide,733,735,738,9,0.000040
0,0,merge,733,735,738,9,0.000000
0,0,divide,727,732,738,8,0.000100
0,0,merge,727,732,738,8,0.000001
0,0,divide,739,739,740,11,0.000000
0,0,merge,739,739,740,11,0.000000
0,0,divide,739,740,741,10,0.000016
0,0,merge,739,740,741,10,0.000000
0,0,divide,742,742,743,11,0.000000
0,0,merge,742,742,743,11,0.000000
0,0,divide,742,743,744,10,0.000013
0,0,merge,742,743,744,10,0.000000
0,0,divide,739,741,744,9,0.000049
0,0,merge,739,741,744,9,0.000000
0,0,divide,745,745,746,11,0.000000
0,0,merge,745,745,746,11,0.000000
0,0,divide,745,746,747,10,0.000012
0,0,merge,745,746,747,10,0.000000
0,0,divide,748,748,749,10,0.000000
0,0,merge,748,748,749,10,0.000000
0,0,divide,745,747,749,9,0.000030
0,0,merge,745,747,749,9,0.000000
0,0,divide,739,744,749,8,0.000099
0,0,merge,739,744,749,8,0.000001
0,0,divide,727,738,749,7,0.000218
0,0,merge,727,738,749,7,0.000001
0,0,divide,704,726,749,6,0.000484
0,0,merge,704,726,749,6,0.000002
0,0,divide,657,657,658,11,0.000000
0,0,merge,657,657,658,11,0.000000
0,0,divide,657,658,659,10,0.000009
0,0,merge,657,658,659,10,0.000000
0,0,divide,660,660,661,11,0.000000
0,0,merge,660,660,661,11,0.000000
0,0,divide,660,661,662,10,0.000010
0,0,merge,660,661,662,10,0.000000
0,0,divide,657,659,662,9,0.000039
0,0,merge,657,659,662,9,0.000000
0,0,divide,663,663,664,11,0.000000
0,0,merge,663,663,664,11,0.000000
0,0,divide,663,664,665,10,0.000012
0,0,merge,663,664,665,10,0.000000
0,0,divide,666,666,667,11,0.000000
0,0,merge,666,666,667,11,0.000000
0,0,divide,666,667,668,10,0.000009
0,0,merge,666,667,668,10,0.000000
0,0,divide,663,665,668,9,0.000040
0,0,merge,663,665,668,9,0.000000
0,0,divide,657,662,668,8,0.000098
0,0,merge,657,662,668,8,0.000000
0,0,divide,669,669,670,11,0.000000
0,0,merge,669,669,670,11,0.000000
0,0,divide,669,670,671,10,0.000010
0,0,merge,669,670,671,10,0.000000
0,0,divide,672,672,673,11,0.000000
0,0,merge,672,672,673,11,0.000001
0,0,divide,672,673,674,10,0.000009
0,0,merge,672,673,674,10,0.000000
0,0,divide,669,671,674,9,0.000039
0,0,merge,669,671,674,9,0.000000
0,0,divide,675,675,676,11,0.000000
0,0,merge,675,675,676,11,0.000000
0,0,divide,675,676,677,10,0.000015
0,0,merge,675,676,677,10,0.000000
0,0,divide,678,678,679,11,0.000000
0,0,merge,678,678,679,11,0.000000
0,0,divide,678,679,680,10,0.000017
0,0,merge,678,679,680,10,0.000000
0,0,divide,675,677,680,9,0.001143
0,0,merge,675,677,680,9,0.000000
0,0,divide,669,674,680,8,0.001206
0,0,merge,669,674,680,8,0.000001
0,0,divide,657,668,680,7,0.001327
0,0,merge,657,668,680,7,0.000001
0,0,divide,681,681,682,11,0.000000
0,0,merge,681,681,682,11,0.000000
0,0,divide,681,682,683,10,0.000015
0,0,merge,681,682,683,10,0.000000
0,0,divide,684,684,685,11,0.000000
0,0,merge,684,684,685,11,0.000000
0,0,divide,684,685,686,10,0.000011
0,0,merge,684,685,686,10,0.000000
0,0,divide,681,683,686,9,0.000052
0,0,merge,681,683,686,9,0.000000
0,0,divide,687,687,688,11,0.000000
0,0,merge,687,687,688,11,0.000000
0,0,divide,687,688,689,10,0.000013
0,0,merge,687,688,689,10,0.000000
0,0,divide,690,690,691,11,0.000000
0,0,merge,690,690,691,11,0.000000
0,0,divide,690,691,692,10,0.000012
0,0,merge,690,691,692,10,0.000000
0,0,divide,687,689,692,9,0.000049
0,0,merge,687,689,692,9,0.000000
0,0,divide,681,686,692,8,0.000134
0,0,merge,681,686,692,8,0.000001
0,0,divide,693,693,694,11,0.000000
0,0,merge,693,693,694,11,0.000000
0,0,divide,693,694,695,10,0.000012
0,0,merge,693,694,695,10,0.000000
0,0,divide,696,696,697,11,0.000000
0,0,merge,696,696,697,11,0.000000
0,0,divide,696,697,698,10,0.000014
0,0,merge,696,697,698,10,0.000000
0,0,divide,693,695,698,9,0.000052
0,0,merge,693,695,698,9,0.000000
0,0,divide,699,699,700,11,0.000000
0,0,merge,699,699,700,11,0.000000
0,0,divide,699,700,701,10,0.000017
0,0,merge,699,700,701,10,0.000000
0,0,divide,702,702,703,10,0.000000
0,0,merge,702,702,703,10,0.000000
0,0,divide,699,701,703,9,0.000044
0,0,merge,699,701,703,9,0.000000
0,0,divide,693,698,703,8,0.000122
0,0,merge,693,698,703,8,0.000001
0,0,divide,681,692,703,7,0.000281
0,0,merge,681,692,703,7,0.000001
0,0,divide,657,680,703,6,0.001637
0,0,merge,657,680,703,6,0.000002
0,0,divide,657,703,749,5,0.002151
0,0,merge,657,703,749,5,0.000008
0,0,divide,610,610,611,11,0.000000
0,0,merge,610,610,611,11,0.000000
0,0,divide,610,611,612,10,0.000015
0,0,merge,610,611,612,10,0.000000
0,0,divide,613,613,614,11,0.000000
0,0,merge,613,613,614,11,0.000000
0,0,divide,613,614,615,10,0.000016
0,0,merge,613,614,615,10,0.000000
0,0,divide,610,612,615,9,0.000053
0,0,merge,610,612,615,9,0.000000
0,0,divide,616,616,617,11,0.000000
0,0,merge,616,616,617,11,0.000000
0,0,divide,616,617,618,10,0.000014
0,0,merge,616,617,618,10,0.000000
0,0,divide,619,619,620,11,0.000000
0,0,merge,619,619,620,11,0.000000
0,0,divide,619,620,621,10,0.000010
0,0,merge,619,620,621,10,0.000000
0,0,divide,616,618,621,9,0.000051
0,0,merge,616,618,621,9,0.000000
0,0,divide,610,615,621,8,0.000129
0,0,merge,610,615,621,8,0.000000
0,0,divide,622,622,623,11,0.000000
0,0,merge,622,622,623,11,0.000000
0,0,divide,622,623,624,10,0.000014
0,0,merge,622,623,624,10,0.000000
0,0,divide,625,625,626,11,0.000000
0,0,merge,625,625,626,11,0.000000
0,0,divide,625,626,627,10,0.000012
0,0,merge,625,626,627,10,0.000000
0,0,divide,622,624,627,9,0.000054
0,0,merge,622,624,627,9,0.000000
0,0,divide,628,628,629,11,0.000000
0,0,merge,628,628,629,11,0.000000
0,0,divide,628,629,630,10,0.000013
0,0,merge,628,629,630,10,0.000000
0,0,divide,631,631,632,11,0.000000
0,0,merge,631,631,632,11,0.000000
0,0,divide,631,632,633,10,0.000012
0,0,merge,631,632,633,10,0.000000
0,0,divide,628,630,633,9,0.000054
0,0,merge,628,630,633,9,0.000000
0,0,divide,622,627,633,8,0.000135
0,0,merge,622,627,633,8,0.000000
0,0,divide,610,621,633,7,0.000291
0,0,merge,610,621,633,7,0.000001
0,0,divide,634,634,635,11,0.000000
0,0,merge,634,634,635,11,0.000000
0,0,divide,634,635,636,10,0.000012
0,0,merge,634,635,636,10,0.000000
0,0,divide,637,637,638,11,0.000000
0,0,merge,637,637,638,11,0.000000
0,0,divide,637,638,639,10,0.000014
0,0,merge,637,638,639,10,0.000000
0,0,divide,634,636,639,9,0.000051
0,0,merge,634,636,639,9,0.000000
0,0,divide,640,640,641,11,0.000000
0,0,merge,640,640,641,11,0.000000
0,0,divide,640,641,642,10,0.000015
0,0,merge,640,641,642,10,0.000000
0,0,divide,643,643,644,11,0.000000
0,0,merge,643,643,644,11,0.000000
0,0,divide,643,644,645,10,0.000013
0,0,merge,643,644,645,10,0.000000
0,0,divide,640,642,645,9,0.000062
0,0,merge,640,642,645,9,0.000000
0,0,divide,634,639,645,8,0.000138
0,0,merge,634,639,645,8,0.000000
0,0,divide,646,646,647,11,0.000000
0,0,merge,646,646,647,11,0.000000
0,0,divide,646,647,648,10,0.000013
0,0,merge,646,647,648,10,0.000000
0,0,divide,649,649,650,11,0.000000
0,0,merge,649,649,650,11,0.000000
0,0,divide,649,650,651,10,0.000015
0,1,divide,1416,1416,1417,11,0.002013
0,1,merge,1416,1416,1417,11,0.000001
0,1,divide,1416,1417,1418,10,0.003763
0,1,merge,1416,1417,1418,10,0.000000
0,1,divide,1413,1415,1418,9,0.003803
0,1,merge,1413,1415,1418,9,0.000000
0,1,divide,1407,1412,1418,8,0.003885
0,1,merge,1407,1412,1418,8,0.000001
0,1,divide,1419,1419,1420,11,0.000000
0,1,merge,1419,1419,1420,11,0.000000
0,1,divide,1419,1420,1421,10,0.000015
0,1,merge,1419,1420,1421,10,0.000000
0,1,divide,1422,1422,1423,11,0.000000
0,1,merge,1422,1422,1423,11,0.000000
0,1,divide,1422,1423,1424,10,0.000010
0,1,merge,1422,1423,1424,10,0.000000
0,1,divide,1419,1421,1424,9,0.000062
0,1,merge,1419,1421,1424,9,0.000000
0,1,divide,1425,1425,1426,11,0.000000
0,1,merge,1425,1425,1426,11,0.000000
0,1,divide,1425,1426,1427,10,0.000013
0,1,merge,1425,1426,1427,10,0.000000
0,1,divide,1428,1428,1429,11,0.000000
0,1,merge,1428,1428,1429,11,0.000000
0,1,divide,1428,1429,1430,10,0.000013
0,1,merge,1428,1429,1430,10,0.000000
0,1,divide,1425,1427,1430,9,0.000051
0,1,merge,1425,1427,1430,9,0.000000
0,1,divide,1419,1424,1430,8,0.000138
0,1,merge,1419,1424,1430,8,0.000001
0,1,divide,1407,1418,1430,7,0.004051
0,1,merge,1407,1418,1430,7,0.000001
0,1,divide,1431,1431,1432,11,0.000000
0,1,merge,1431,1431,1432,11,0.000000
0,1,divide,1431,1432,1433,10,0.000015
0,1,merge,1431,1432,1433,10,0.000000
0,1,divide,1434,1434,1435,11,0.000000
0,1,merge,1434,1434,1435,11,0.000000
0,1,divide,1434,1435,1436,10,0.000022
0,1,merge,1434,1435,1436,10,0.000000
0,1,divide,1431,1433,1436,9,0.000061
0,1,merge,1431,1433,1436,9,0.000000
0,1,divide,1437,1437,1438,11,0.000000
0,1,merge,1437,1437,1438,11,0.000000
0,1,divide,1437,1438,1439,10,0.000012
0,1,merge,1437,1438,1439,10,0.000000
0,1,divide,1440,1440,1441,11,0.000000
0,1,merge,1440,1440,1441,11,0.000000
0,1,divide,1440,1441,1442,10,0.000013
0,1,merge,1440,1441,1442,10,0.000000
0,1,divide,1437,1439,1442,9,0.000053
0,1,merge,1437,1439,1442,9,0.000000
0,1,divide,1431,1436,1442,8,0.000137
0,1,merge,1431,1436,1442,8,0.000000
0,1,divide,1443,1443,1444,11,0.000000
0,1,merge,1443,1443,1444,11,0.000000
0,1,divide,1443,1444,1445,10,0.000016
0,1,merge,1443,1444,1445,10,0.000000
0,1,divide,1446,1446,1447,11,0.000000
0,1,merge,1446,1446,1447,11,0.000000
0,1,divide,1446,1447,1448,10,0.000022
0,1,merge,1446,1447,1448,10,0.000000
0,1,divide,1443,1445,1448,9,0.000063
0,1,merge,1443,1445,1448,9,0.000000
0,1,divide,1449,1449,1450,11,0.000000
0,1,merge,1449,1449,1450,11,0.000000
0,1,divide,1449,1450,1451,10,0.000012
0,1,merge,1449,1450,1451,10,0.000000
0,1,divide,1452,1452,1453,10,0.000000
0,1,merge,1452,1452,1453,10,0.000000
0,1,divide,1449,1451,1453,9,0.000037
0,1,merge,1449,1451,1453,9,0.000000
0,1,divide,1443,1448,1453,8,0.000130
0,1,merge,1443,1448,1453,8,0.000000
0,1,divide,1431,1442,1453,7,0.000292
0,1,merge,1431,1442,1453,7,0.000001
0,1,divide,1407,1430,1453,6,0.004370
0,1,merge,1407,1430,1453,6,0.000002
0,1,divide,1407,1453,1499,5,0.005046
0,1,merge,1407,1453,1499,5,0.000008
0,1,divide,1360,1360,1361,11,0.000000
0,1,merge,1360,1360,1361,11,0.000000
0,1,divide,1360,1361,1362,10,0.000016
0,1,merge,1360,1361,1362,10,0.000000
0,1,divide,1363,1363,1364,11,0.000000
0,1,merge,1363,1363,1364,11,0.000000
0,1,divide,1363,1364,1365,10,0.000012
0,1,merge,1363,1364,1365,10,0.000000
0,1,divide,1360,1362,1365,9,0.000053
0,1,merge,1360,1362,1365,9,0.000000
0,1,divide,1366,1366,1367,11,0.000000
0,1,merge,1366,1366,1367,11,0.000000
0,1,divide,1366,1367,1368,10,0.000014
0,1,merge,1366,1367,1368,10,0.000000
0,1,divide,1369,1369,1370,11,0.000000
0,1,merge,1369,1369,1370,11,0.000000
0,1,divide,1369,1370,1371,10,0.000013
0,1,merge,1369,1370,1371,10,0.000000
0,1,divide,1366,1368,1371,9,0.000063
0,1,merge,1366,1368,1371,9,0.000000
0,1,divide,1360,1365,1371,8,0.000144
0,1,merge,1360,1365,1371,8,0.000001
0,1,divide,1372,1372,1373,11,0.000000
0,1,merge,1372,1372,1373,11,0.000000
0,1,divide,1372,1373,1374,10,0.000013
0,1,merge,1372,1373,1374,10,0.000000
0,1,divide,1375,1375,1376,11,0.000000
0,1,merge,1375,1375,1376,11,0.000000
0,1,divide,1375,1376,1377,10,0.000015
0,1,merge,1375,1376,1377,10,0.000000
0,1,divide,1372,1374,1377,9,0.000051
0,1,merge,1372,1374,1377,9,0.000000
0,1,divide,1378,1378,1379,11,0.000000
0,1,merge,1378,1378,1379,11,0.000000
0,1,divide,1378,1379,1380,10,0.000017
0,1,merge,1378,1379,1380,10,0.000000
0,1,divide,1381,1381,1382,11,0.000000
0,1,merge,1381,1381,1382,11,0.000000
0,1,divide,1381,1382,1383,10,0.000011
0,1,merge,1381,1382,1383,10,0.000000
0,1,divide,1378,1380,1383,9,0.000056
0,1,merge,1378,1380,1383,9,0.000000
0,1,divide,1372,1377,1383,8,0.000138
0,1,merge,1372,1377,1383,8,0.000000
0,1,divide,1360,1371,1383,7,0.000315
0,1,merge,1360,1371,1383,7,0.000001
0,1,divide,1384,1384,1385,11,0.000000
0,1,merge,1384,1384,1385,11,0.000000
0,1,divide,1384,1385,1386,10,0.000015
0,1,merge,1384,1385,1386,10,0.000000
0,1,divide,1387,1387,1388,11,0.000000
0,1,merge,1387,1387,1388,11,0.000000
0,1,divide,1387,1388,1389,10,0.000015
0,1,merge,1387,1388,1389,10,0.000000
0,1,divide,1384,1386,1389,9,0.000054
0,1,merge,1384,1386,1389,9,0.000000
0,1,divide,1390,1390,1391,11,0.000000
0,1,merge,1390,1390,1391,11,0.000000
0,1,divide,1390,1391,1392,10,0.000013
0,1,merge,1390,1391,1392,10,0.000000
0,1,divide,1393,1393,1394,11,0.000000
0,1,merge,1393,1393,1394,11,0.000000
0,1,divide,1393,1394,1395,10,0.000015
0,1,merge,1393,1394,1395,10,0.000000
0,1,divide,1390,1392,1395,9,0.000055
0,1,merge,1390,1392,1395,9,0.000000
0,1,divide,1384,1389,1395,8,0.000140
0,1,merge,1384,1389,1395,8,0.000001
0,1,divide,1396,1396,1397,11,0.000000
0,1,merge,1396,1396,1397,11,0.000000
0,1,divide,1396,1397,1398,10,0.000015
0,1,merge,1396,1397,1398,10,0.000000
0,1,divide,1399,1399,1400,11,0.000000
0,1,merge,1399,1399,1400,11,0.000000
0,1,divide,1399,1400,1401,10,0.000013
0,1,merge,1399,1400,1401,10,0.000000
0,1,divide,1396,1398,1401,9,0.000054
0,1,merge,1396,1398,1401,9,0.000000
0,1,divide,1402,1402,1403,11,0.000000
0,1,merge,1402,1402,1403,11,0.000000
0,1,divide,1402,1403,1404,10,0.000015
0,1,merge,1402,1403,1404,10,0.000000
0,1,divide,1405,1405,1406,10,0.000000
0,1,merge,1405,1405,1406,10,0.000000
0,1,divide,1402,1404,1406,9,0.000046
0,1,merge,1402,1404,1406,9,0.000000
0,1,divide,1396,1401,1406,8,0.000126
0,1,merge,1396,1401,1406,8,0.000001
0,1,divide,1384,1395,1406,7,0.000290
0,1,merge,1384,1395,1406,7,0.000001
0,1,divide,1360,1383,1406,6,0.000631
0,1,merge,1360,1383,1406,6,0.000002
0,1,divide,1313,1313,1314,11,0.000000
0,1,merge,1313,1313,1314,11,0.000000
0,1,divide,1313,1314,1315,10,0.000012
0,1,merge,1313,1314,1315,10,0.000000
0,1,divide,1316,1316,1317,11,0.000000
0,1,merge,1316,1316,1317,11,0.000000
0,1,divide,1316,1317,1318,10,0.002128
0,1,merge,1316,1317,1318,10,0.000001
0,1,divide,1313,1315,1318,9,0.002172
0,1,merge,1313,1315,1318,9,0.000000
0,1,divide,1319,1319,1320,11,0.000000
0,1,merge,1319,1319,1320,11,0.000000
0,1,divide,1319,1320,1321,10,0.000012
0,1,merge,1319,1320,1321,10,0.000000
0,1,divide,1322,1322,1323,11,0.000000
0,1,merge,1322,1322,1323,11,0.000000
0,1,divide,1322,1323,1324,10,0.000012
0,1,merge,1322,1323,1324,10,0.000000
0,1,divide,1319,1321,1324,9,0.000054
0,1,merge,1319,1321,1324,9,0.000000
0,1,divide,1313,1318,1324,8,0.002253
0,1,merge,1313,1318,1324,8,0.000000
0,1,divide,1325,1325,1326,11,0.000000
0,1,merge,1325,1325,1326,11,0.000000
0,1,divide,1325,1326,1327,10,0.000014
0,1,merge,1325,1326,1327,10,0.000000
0,1,divide,1328,1328,1329,11,0.000000
0,1,merge,1328,1328,1329,11,0.000000
0,1,divide,1328,1329,1330,10,0.000014
0,1,merge,1328,1329,1330,10,0.000000
0,1,divide,1325,1327,1330,9,0.000054
0,1,merge,1325,1327,1330,9,0.000000
0,1,divide,1331,1331,1332,11,0.000000
0,1,merge,1331,1331,1332,11,0.000000
0,1,divide,1331,1332,1333,10,0.000014
0,1,merge,1331,1332,1333,10,0.000000
0,1,divide,1334,1334,1335,11,0.000000
0,1,merge,1334,1334,1335,11,0.000000
0,1,divide,1334,1335,1336,10,0.000013
0,1,merge,1334,1335,1336,10,0.000000
0,1,divide,1331,1333,1336,9,0.000061
0,1,merge,1331,1333,1336,9,0.000000
0,1,divide,1325,1330,1336,8,0.000140
0,1,merge,1325,1330,1336,8,0.000000
0,1,divide,1313,1324,1336,7,0.002420
0,1,merge,1313,1324,1336,7,0.000001
0,1,divide,1337,1337,1338,11,0.000000
0,1,merge,1337,1337,1338,11,0.000000
0,1,divide,1337,1338,1339,10,0.000012
0,1,merge,1337,1338,1339,10,0.000000
0,1,divide,1340,1340,1341,11,0.000000
0,1,merge,1340,1340,1341,11,0.000000
0,1,divide,1340,1341,1342,10,0.000015
0,1,merge,1340,1341,1342,10,0.000000
0,1,divide,1337,1339,1342,9,0.000051
0,1,merge,1337,1339,1342,9,0.000000
0,1,divide,1343,1343,1344,11,0.000000
0,1,merge,1343,1343,1344,11,0.000000
0,1,divide,1343,1344,1345,10,0.000014
0,1,merge,1343,1344,1345,10,0.000000
0,1,divide,1346,1346,1347,11,0.000000
0,1,merge,1346,1346,1347,11,0.000001
0,1,divide,1346,1347,1348,10,0.000016
0,1,merge,1346,1347,1348,10,0.000000
0,1,divide,1343,1345,1348,9,0.000057
0,1,merge,1343,1345,1348,9,0.000000
0,1,divide,1337,1342,1348,8,0.000136
0,1,merge,1337,1342,1348,8,0.000000
0,1,divide,1349,1349,1350,11,0.000000
0,1,merge,1349,1349,1350,11,0.000000
0,1,divide,1349,1350,1351,10,0.000015
0,1,merge,1349,1350,1351,10,0.000000
0,1,divide,1352,1352,1353,11,0.000000
0,1,merge,1352,1352,1353,11,0.000000
0,1,divide,1352,1353,1354,10,0.000013
0,1,merge,1352,1353,1354,10,0.000000
0,1,divide,1349,1351,1354,9,0.000055
0,1,merge,1349,1351,1354,9,0.000000
0,1,divide,1355,1355,1356,11,0.000000
0,1,merge,1355,1355,1356,11,0.000000
0,1,divide,1355,1356,1357,10,0.000012
0,1,merge,1355,1356,1357,10,0.000000
0,1,divide,1358,1358,1359,10,0.000000
0,1,merge,1358,1358,1359,10,0.000000
0,1,divide,1355,1357,1359,9,0.000044
0,1,merge,1355,1357,1359,9,0.000000
0,1,divide,1349,1354,1359,8,0.000121
0,1,merge,1349,1354,1359,8,0.000001
0,1,divide,1337,1348,1359,7,0.000287
0,1,merge,1337,1348,1359,7,0.000001
0,1,divide,1313,1336,1359,6,0.002736
0,1,merge,1313,1336,1359,6,0.000002
0,1,divide,1313,1359,1406,5,0.003395
0,1,merge,1313,1359,1406,5,0.000004
0,1,divide,1313,1406,1499,4,0.008494
0,1,merge,1313,1406,1499,4,0.000006
0,1,divide,1266,1266,1267,11,0.000000
0,1,merge,1266,1266,1267,11,0.000000
0,1,divide,1266,1267,1268,10,0.000012
0,1,merge,1266,1267,1268,10,0.000000
0,1,divide,1269,1269,1270,11,0.000000
0,1,merge,1269,1269,1270,11,0.000000
0,1,divide,1269,1270,1271,10,0.000012
0,1,merge,1269,1270,1271,10,0.000000
0,1,divide,1266,1268,1271,9,0.000052
0,1,merge,1266,1268,1271,9,0.000000
0,1,divide,1272,1272,1273,11,0.000000
0,1,merge,1272,1272,1273,11,0.000000
0,1,divide,1272,1273,1274,10,0.000012
0,1,merge,1272,1273,1274,10,0.000000
0,1,divide,1275,1275,1276,11,0.000000
0,1,merge,1275,1275,1276,11,0.000000
0,1,divide,1275,1276,1277,10,0.000013
0,1,merge,1275,1276,1277,10,0.000000
0,1,divide,1272,1274,1277,9,0.000054
0,1,merge,1272,1274,1277,9,0.000000
0,1,divide,1266,1271,1277,8,0.000138
0,1,merge,1266,1271,1277,8,0.000000
0,1,divide,1278,1278,1279,11,0.000000
0,1,merge,1278,1278,1279,11,0.000000
0,1,divide,1278,1279,1280,10,0.000014
0,1,merge,1278,1279,1280,10,0.000000
0,1,divide,1281,1281,1282,11,0.000000
0,1,merge,1281,1281,1282,11,0.000000
0,1,divide,1281,1282,1283,10,0.000012
0,1,merge,1281,1282,1283,10,0.000000
0,1,divide,1278,1280,1283,9,0.000059
0,1,merge,1278,1280,1283,9,0.000000
0,1,divide,1284,1284,1285,11,0.000000
0,1,merge,1284,1284,1285,11,0.000000
0,1,divide,1284,1285,1286,10,0.000015
0,1,merge,1284,1285,1286,10,0.000000
0,1,divide,1287,1287,1288,11,0.000000
0,1,merge,1287,1287,1288,11,0.000000
0,1,divide,1287,1288,1289,10,0.000020
0,1,merge,1287,1288,1289,10,0.000000
0,1,divide,1284,1286,1289,9,0.000480
0,1,merge,1284,1286,1289,9,0.000000
0,1,divide,1278,1283,1289,8,0.000568
0,1,merge,1278,1283,1289,8,0.000001
0,1,divide,1266,1277,1289,7,0.000732
0,1,merge,1266,1277,1289,7,0.000001
0,1,divide,1290,1290,1291,11,0.000000
0,1,merge,1290,1290,1291,11,0.000000
0,1,divide,1290,1291,1292,10,0.000014
0,1,merge,1290,1291,1292,10,0.000000
0,1,divide,1293,1293,1294,11,0.000000
0,1,merge,1293,1293,1294,11,0.000000
0,1,divide,1293,1294,1295,10,0.000016
0,1,merge,1293,1294,1295,10,0.000000
0,1,divide,1290,1292,1295,9,0.000062
0,1,merge,1290,1292,1295,9,0.000000
0,1,divide,1296,1296,1297,11,0.000000
0,1,merge,1296,1296,1297,11,0.000000
0,1,divide,1296,1297,1298,10,0.000019
0,1,merge,1296,1297,1298,10,0.000000
0,1,divide,1299,1299,1300,11,0.000000
0,1,merge,1299,1299,1300,11,0.000000
0,1,divide,1299,1300,1301,10,0.000012
0,1,merge,1299,1300,1301,10,0.000000
0,1,divide,1296,1298,1301,9,0.000060
0,1,merge,1296,1298,1301,9,0.000000
0,1,divide,1290,1295,1301,8,0.000146
0,1,merge,1290,1295,1301,8,0.000000
0,1,divide,1302,1302,1303,11,0.000000
0,1,merge,1302,1302,1303,11,0.000000
0,1,divide,1302,1303,1304,10,0.000015
0,1,merge,1302,1303,1304,10,0.000000
0,1,divide,1305,1305,1306,11,0.000000
0,1,merge,1305,1305,1306,11,0.000000
0,1,divide,1305,1306,1307,10,0.000012
0,1,merge,1305,1306,1307,10,0.000000
0,1,divide,1302,1304,1307,9,0.000056
0,1,merge,1302,1304,1307,9,0.000000
0,1,divide,1308,1308,1309,11,0.000000
0,1,merge,1308,1308,1309,11,0.000000
0,1,divide,1308,1309,1310,10,0.000012
0,1,merge,1308,1309,1310,10,0.000000
0,1,divide,1311,1311,1312,10,0.000000
0,1,merge,1311,1311,1312,10,0.000000
0,1,divide,1308,1310,1312,9,0.000040
0,1,merge,1308,1310,1312,9,0.000000
0,1,divide,1302,1307,1312,8,0.000121
0,1,merge,1302,1307,1312,8,0.000001
0,1,divide,1290,1301,1312,7,0.000291
0,1,merge,1290,1301,1312,7,0.000001
0,1,divide,1266,1289,1312,6,0.001053
0,1,merge,1266,1289,1312,6,0.000002
0,1,divide,1219,1219,1220,11,0.000000
0,1,merge,1219,1219,1220,11,0.000000
0,1,divide,1219,1220,1221,10,0.000014
0,1,merge,1219,1220,1221,10,0.000000
0,1,divide,1222,1222,1223,11,0.000000
0,1,merge,1222,1222,1223,11,0.000000
0,1,divide,1222,1223,1224,10,0.000012
0,1,merge,1222,1223,1224,10,0.000000
0,1,divide,1219,1221,1224,9,0.000055
0,1,merge,1219,1221,1224,9,0.000000
0,1,divide,1225,1225,1226,11,0.000000
0,1,merge,1225,1225,1226,11,0.000000
0,1,divide,1225,1226,1227,10,0.000012
0,1,merge,1225,1226,1227,10,0.000000
0,1,divide,1228,1228,1229,11,0.000000
0,1,merge,1228,1228,1229,11,0.000000
0,1,divide,1228,1229,1230,10,0.000017
0,1,merge,1228,1229,1230,10,0.000000
0,1,divide,1225,1227,1230,9,0.000053
0,1,merge,1225,1227,1230,9,0.000000
0,1,divide,1219,1224,1230,8,0.000138
0,1,merge,1219,1224,1230,8,0.000001
0,1,divide,1231,1231,1232,11,0.000000
0,1,merge,1231,1231,1232,11,0.000000
0,1,divide,1231,1232,1233,10,0.000013
0,1,merge,1231,1232,1233,10,0.000000
0,1,divide,1234,1234,1235,11,0.000000
0,1,merge,1234,1234,1235,11,0.000000
0,1,divide,1234,1235,1236,10,0.000016
0,1,merge,1234,1235,1236,10,0.000000
0,1,divide,1231,1233,1236,9,0.000065
0,1,merge,1231,1233,1236,9,0.000000
0,1,divide,1237,1237,1238,11,0.000000
0,1,merge,1237,1237,1238,11,0.000000
0,1,divide,1237,1238,1239,10,0.000012
0,1,merge,1237,1238,1239,10,0.000000
0,1,divide,1240,1240,1241,11,0.000000
0,1,merge,1240,1240,1241,11,0.000000
0,1,divide,1240,1241,1242,10,0.000015
0,1,merge,1240,1241,1242,10,0.000000
0,1,divide,1237,1239,1242,9,0.000050
0,1,merge,1237,1239,1242,9,0.000000
0,1,divide,1231,1236,1242,8,0.000145
0,1,merge,1231,1236,1242,8,0.000000
0,1,divide,1219,1230,1242,7,0.000310
0,1,merge,1219,1230,1242,7,0.000001
0,1,divide,1243,1243,1244,11,0.000000
0,1,merge,1243,1243,1244,11,0.000000
0,1,divide,1243,1244,1245,10,0.000020
0,1,merge,1243,1244,1245,10,0.000000
0,1,divide,1246,1246,1247,11,0.000000
0,1,merge,1246,1246,1247,11,0.000000
0,1,divide,1246,1247,1248,10,0.000011
0,1,merge,1246,1247,1248,10,0.000000
0,1,divide,1243,1245,1248,9,0.000057
0,1,merge,1243,1245,1248,9,0.000000
0,1,divide,1249,1249,1250,11,0.000000
0,1,merge,1249,1249,1250,11,0.000000
0,1,divide,1249,1250,1251,10,0.000013
0,1,merge,1249,1250,1251,10,0.000000
0,1,divide,1252,1252,1253,11,0.000000
0,1,merge,1252,1252,1253,11,0.000000
0,1,divide,1252,1253,1254,10,0.000012
0,1,merge,1252,1253,1254,10,0.000000
0,1,divide,1249,1251,1254,9,0.000050
0,1,merge,1249,1251,1254,9,0.000000
0,1,divide,1243,1248,1254,8,0.000133
0,1,merge,1243,1248,1254,8,0.000001
0,1,divide,1255,1255,1256,11,0.000000
0,1,merge,1255,1255,1256,11,0.000000
0,1,divide,1255,1256,1257,10,0.000012
0,1,merge,1255,1256,1257,10,0.000000
0,1,divide,1258,1258,1259,11,0.000000
0,1,merge,1258,1258,1259,11,0.000000
0,1,divide,1258,1259,1260,10,0.000011
0,1,merge,1258,1259,1260,10,0.000000
0,1,divide,1255,1257,1260,9,0.000050
0,1,merge,1255,1257,1260,9,0.000000
0,1,divide,1261,1261,1262,11,0.000000
0,1,merge,1261,1261,1262,11,0.000000
0,1,divide,1261,1262,1263,10,0.000015
0,1,merge,1261,1262,1263,10,0.000000
0,1,divide,1264,1264,1265,10,0.000000
0,1,merge,1264,1264,1265,10,0.000000
0,1,divide,1261,1263,1265,9,0.000044
0,1,merge,1261,1263,1265,9,0.000000
0,1,divide,1255,1260,1265,8,0.000119
0,1,merge,1255,1260,1265,8,0.000000
0,1,divide,1243,1254,1265,7,0.000283
0,1,merge,1243,1254,1265,7,0.000001
0,1,divide,1219,1242,1265,6,0.000619
0,1,merge,1219,1242,1265,6,0.000002
0,1,divide,1219,1265,1312,5,0.001698
0,1,merge,1219,1265,1312,5,0.000004
0,1,divide,1172,1172,1173,11,0.000000
0,1,merge,1172,1172,1173,11,0.000000
0,1,divide,1172,1173,1174,10,0.000018
0,1,merge,1172,1173,1174,10,0.000000
0,1,divide,1175,1175,1176,11,0.000000
0,1,merge,1175,1175,1176,11,0.000000
0,1,divide,1175,1176,1177,10,0.000016
0,1,merge,1175,1176,1177,10,0.000000
0,1,divide,1172,1174,1177,9,0.000057
0,1,merge,1172,1174,1177,9,0.000000
0,1,divide,1178,1178,1179,11,0.000000
0,1,merge,1178,1178,1179,11,0.000000
0,1,divide,1178,1179,1180,10,0.000015
0,1,merge,1178,1179,1180,10,0.000000
0,1,divide,1181,1181,1182,11,0.000000
0,1,merge,1181,1181,1182,11,0.000000
0,1,divide,1181,1182,1183,10,0.000014
0,1,merge,1181,1182,1183,10,0.000000
0,1,divide,1178,1180,1183,9,0.000053
0,1,merge,1178,1180,1183,9,0.000000
0,1,divide,1172,1177,1183,8,0.000139
0,1,merge,1172,1177,1183,8,0.000001
0,1,divide,1184,1184,1185,11,0.000000
0,1,merge,1184,1184,1185,11,0.000000
0,1,divide,1184,1185,1186,10,0.000020
0,1,merge,1184,1185,1186,10,0.000000
0,1,divide,1187,1187,1188,11,0.000000
0,1,merge,1187,1187,1188,11,0.000000
0,1,divide,1187,1188,1189,10,0.000011
0,1,merge,1187,1188,1189,10,0.000000
0,1,divide,1184,1186,1189,9,0.000061
0,1,merge,1184,1186,1189,9,0.000000
0,1,divide,1190,1190,1191,11,0.000000
0,1,merge,1190,1190,1191,11,0.000000
0,1,divide,1190,1191,1192,10,0.000016
0,1,merge,1190,1191,1192,10,0.000000
0,1,divide,1193,1193,1194,11,0.000000
0,1,merge,1193,1193,1194,11,0.000000
0,1,divide,1193,1194,1195,10,0.000011
0,1,merge,1193,1194,1195,10,0.000000
0,1,divide,1190,1192,1195,9,0.000052
0,1,merge,1190,1192,1195,9,0.000000
0,1,divide,1184,1189,1195,8,0.000138
0,1,merge,1184,1189,1195,8,0.000001
0,1,divide,1172,1183,1195,7,0.000302
0,1,merge,1172,1183,1195,7,0.000001
0,1,divide,1196,1196,1197,11,0.000000
0,1,merge,1196,1196,1197,11,0.000000
0,1,divide,1196,1197,1198,10,0.000012
0,1,merge,1196,1197,1198,10,0.000000
0,1,divide,1199,1199,1200,11,0.000000
0,1,merge,1199,1199,1200,11,0.000000
0,1,divide,1199,1200,1201,10,0.000013
0,1,merge,1199,1200,1201,10,0.000000
0,1,divide,1196,1198,1201,9,0.000050
0,1,merge,1196,1198,1201,9,0.000000
0,1,divide,1202,1202,1203,11,0.000000
0,1,merge,1202,1202,1203,11,0.000000
0,1,divide,1202,1203,1204,10,0.000013
0,1,merge,1202,1203,1204,10,0.000000
0,1,divide,1205,1205,1206,11,0.000000
0,1,merge,1205,1205,1206,11,0.000000
0,1,divide,1205,1206,1207,10,0.000015
0,1,merge,1205,1206,1207,10,0.000000
0,1,divide,1202,1204,1207,9,0.000051
0,1,merge,1202,1204,1207,9,0.000000
0,1,divide,1196,1201,1207,8,0.000130
0,1,merge,1196,1201,1207,8,0.000001
0,1,divide,1208,1208,1209,11,0.000000
0,1,merge,1208,1208,1209,11,0.000000
0,1,divide,1208,1209,1210,10,0.000014
0,1,merge,1208,1209,1210,10,0.000000
0,1,divide,1211,1211,1212,11,0.000000
0,1,merge,1211,1211,1212,11,0.000000
0,1,divide,1211,1212,1213,10,0.000013
0,1,merge,1211,1212,1213,10,0.000000
0,1,divide,1208,1210,1213,9,0.000052
0,1,merge,1208,1210,1213,9,0.000000
0,1,divide,1214,1214,1215,11,0.000000
0,1,merge,1214,1214,1215,11,0.000001
0,1,divide,1214,1215,1216,10,0.002052
0,1,merge,1214,1215,1216,10,0.000000
0,1,divide,1217,1217,1218,10,0.000000
0,1,merge,1217,1217,1218,10,0.000000
0,1,divide,1214,1216,1218,9,0.002083
0,1,merge,1214,1216,1218,9,0.000000
0,1,divide,1208,1213,1218,8,0.002160
0,1,merge,1208,1213,1218,8,0.000001
0,1,divide,1196,1207,1218,7,0.002319
0,1,merge,1196,1207,1218,7,0.000001
0,1,divide,1172,1195,1218,6,0.002654
0,1,merge,1172,1195,1218,6,0.000002
0,1,divide,1125,1125,1126,11,0.000000
0,1,merge,1125,1125,1126,11,0.000000
0,1,divide,1125,1126,1127,10,0.000017
0,1,merge,1125,1126,1127,10,0.000000
0,1,divide,1128,1128,1129,11,0.000000
0,1,merge,1128,1128,1129,11,0.000000
0,1,divide,1128,1129,1130,10,0.000015
0,1,merge,1128,1129,1130,10,0.000000
0,1,divide,1125,1127,1130,9,0.000054
0,1,merge,1125,1127,1130,9,0.000000
0,1,divide,1131,1131,1132,11,0.000000
0,1,merge,1131,1131,1132,11,0.000000
0,1,divide,1131,1132,1133,10,0.000013
0,1,merge,1131,1132,1133,10,0.000000
0,1,divide,1134,1134,1135,11,0.000000
0,1,merge,1134,1134,1135,11,0.000000
0,1,divide,1134,1135,1136,10,0.000014
0,1,merge,1134,1135,1136,10,0.000000
0,1,divide,1131,1133,1136,9,0.000051
0,1,merge,1131,1133,1136,9,0.000000
0,1,divide,1125,1130,1136,8,0.000132
0,1,merge,1125,1130,1136,8,0.000000
0,1,divide,1137,1137,1138,11,0.000000
0,1,merge,1137,1137,1138,11,0.000000
0,1,divide,1137,1138,1139,10,0.000016
0,1,merge,1137,1138,1139,10,0.000000
0,1,divide,1140,1140,1141,11,0.000000
0,1,merge,1140,1140,1141,11,0.000000
0,1,divide,1140,1141,1142,10,0.000012
0,1,merge,1140,1141,1142,10,0.000000
0,1,divide,1137,1139,1142,9,0.000055
0,1,merge,1137,1139,1142,9,0.000000
0,1,divide,1143,1143,1144,11,0.000000
0,1,merge,1143,1143,1144,11,0.000000
0,1,divide,1143,1144,1145,10,0.000014
0,1,merge,1143,1144,1145,10,0.000000
0,1,divide,1146,1146,1147,11,0.000000
0,1,merge,1146,1146,1147,11,0.000000
0,1,divide,1146,1147,1148,10,0.000013
0,1,merge,1146,1147,1148,10,0.000000
0,1,divide,1143,1145,1148,9,0.000056
0,1,merge,1143,1145,1148,9,0.000000
0,1,divide,1137,1142,1148,8,0.000139
0,1,merge,1137,1142,1148,8,0.000001
0,1,divide,1125,1136,1148,7,0.000298
0,1,merge,1125,1136,1148,7,0.000001
0,1,divide,1149,1149,1150,11,0.000000
0,1,merge,1149,1149,1150,11,0.000000
0,1,divide,1149,1150,1151,10,0.000013
0,1,merge,1149,1150,1151,10,0.000000
0,1,divide,1152,1152,1153,11,0.000000
0,1,merge,1152,1152,1153,11,0.000000
0,1,divide,1152,1153,1154,10,0.000012
0,1,merge,1152,1153,1154,10,0.000000
0,1,divide,1149,1151,1154,9,0.000051
0,1,merge,1149,1151,1154,9,0.000000
0,1,divide,1155,1155,1156,11,0.000000
0,1,merge,1155,1155,1156,11,0.000000
0,1,divide,1155,1156,1157,10,0.000013
0,1,merge,1155,1156,1157,10,0.000000
0,1,divide,1158,1158,1159,11,0.000000
0,1,merge,1158,1158,1159,11,0.000000
0,1,divide,1158,1159,1160,10,0.000015
0,1,merge,1158,1159,1160,10,0.000000
0,1,divide,1155,1157,1160,9,0.000053
0,1,merge,1155,1157,1160,9,0.000000
0,1,divide,1149,1154,1160,8,0.000129
0,1,merge,1149,1154,1160,8,0.000001
0,1,divide,1161,1161,1162,11,0.000000
0,1,merge,1161,1161,1162,11,0.000000
0,1,divide,1161,1162,1163,10,0.000013
0,1,merge,1161,1162,1163,10,0.000000
0,1,divide,1164,1164,1165,11,0.000000
0,1,merge,1164,1164,1165,11,0.000000
0,1,divide,1164,1165,1166,10,0.000014
0,1,merge,1164,1165,1166,10,0.000000
0,1,divide,1161,1163,1166,9,0.000049
0,1,merge,1161,1163,1166,9,0.000000
0,1,divide,1167,1167,1168,11,0.000000
0,1,merge,1167,1167,1168,11,0.000000
0,1,divide,1167,1168,1169,10,0.000013
0,1,merge,1167,1168,1169,10,0.000000
0,1,divide,1170,1170,1171,10,0.000000
0,1,merge,1170,1170,1171,10,0.000000
0,1,divide,1167,1169,1171,9,0.000041
0,1,merge,1167,1169,1171,9,0.000000
0,1,divide,1161,1166,1171,8,0.000123
0,1,merge,1161,1166,1171,8,0.000000
0,1,divide,1149,1160,1171,7,0.000281
0,1,merge,1149,1160,1171,7,0.000001
0,1,divide,1125,1148,1171,6,0.000609
0,1,merge,1125,1148,1171,6,0.000002
0,1,divide,1125,1171,1218,5,0.003293
0,1,merge,1125,1171,1218,5,0.000004
0,1,divide,1125,1218,1312,4,0.005031
0,1,merge,1125,1218,1312,4,0.000007
0,1,divide,1125,1312,1499,3,0.013563
0,1,merge,1125,1312,1499,3,0.000021
0,1,divide,1079,1079,1080,11,0.000000
0,1,merge,1079,1079,1080,11,0.000000
0,1,divide,1079,1080,1081,10,0.000014
0,1,merge,1079,1080,1081,10,0.000000
0,1,divide,1082,1082,1083,11,0.000000
0,1,merge,1082,1082,1083,11,0.000000
0,1,divide,1082,1083,1084,10,0.000013
0,1,merge,1082,1083,1084,10,0.000000
0,1,divide,1079,1081,1084,9,0.000063
0,1,merge,1079,1081,1084,9,0.000000
0,1,divide,1085,1085,1086,11,0.000000
0,1,merge,1085,1085,1086,11,0.000000
0,1,divide,1085,1086,1087,10,0.000016
0,1,merge,1085,1086,1087,10,0.000000
0,1,divide,1088,1088,1089,11,0.000000
0,1,merge,1088,1088,1089,11,0.000000
0,1,divide,1088,1089,1090,10,0.000013
0,1,merge,1088,1089,1090,10,0.000000
0,1,divide,1085,1087,1090,9,0.000059
0,1,merge,1085,1087,1090,9,0.000000
0,1,divide,1079,1084,1090,8,0.000150
0,1,merge,1079,1084,1090,8,0.000000
0,1,divide,1091,1091,1092,11,0.000000
0,0,merge,649,650,651,10,0.000001
0,0,divide,646,648,651,9,0.011085
0,0,merge,646,648,651,9,0.000001
0,0,divide,652,652,653,11,0.000000
0,0,merge,652,652,653,11,0.000000
0,0,divide,652,653,654,10,0.000015
0,0,merge,652,653,654,10,0.000000
0,0,divide,655,655,656,10,0.000000
0,0,merge,655,655,656,10,0.000000
0,0,divide,652,654,656,9,0.000038
0,0,merge,652,654,656,9,0.000000
0,0,divide,646,651,656,8,0.011152
0,0,merge,646,651,656,8,0.000001
0,0,divide,634,645,656,7,0.011318
0,0,merge,634,645,656,7,0.000001
0,0,divide,610,633,656,6,0.011639
0,0,merge,610,633,656,6,0.000002
0,0,divide,563,563,564,11,0.000000
0,0,merge,563,563,564,11,0.000000
0,0,divide,563,564,565,10,0.000014
0,0,merge,563,564,565,10,0.000000
0,0,divide,566,566,567,11,0.000000
0,0,merge,566,566,567,11,0.000000
0,0,divide,566,567,568,10,0.000016
0,0,merge,566,567,568,10,0.000000
0,0,divide,563,565,568,9,0.000055
0,0,merge,563,565,568,9,0.000000
0,0,divide,569,569,570,11,0.000000
0,0,merge,569,569,570,11,0.000000
0,0,divide,569,570,571,10,0.000015
0,0,merge,569,570,571,10,0.000000
0,0,divide,572,572,573,11,0.000000
0,0,merge,572,572,573,11,0.000000
0,0,divide,572,573,574,10,0.000015
0,0,merge,572,573,574,10,0.000000
0,0,divide,569,571,574,9,0.000054
0,0,merge,569,571,574,9,0.000000
0,0,divide,563,568,574,8,0.000134
0,0,merge,563,568,574,8,0.000001
0,0,divide,575,575,576,11,0.000000
0,0,merge,575,575,576,11,0.000000
0,0,divide,575,576,577,10,0.000012
0,0,merge,575,576,577,10,0.000000
0,0,divide,578,578,579,11,0.000000
0,0,merge,578,578,579,11,0.000000
0,0,divide,578,579,580,10,0.000015
0,0,merge,578,579,580,10,0.000000
0,0,divide,575,577,580,9,0.000051
0,0,merge,575,577,580,9,0.000000
0,0,divide,581,581,582,11,0.000000
0,0,merge,581,581,582,11,0.000000
0,0,divide,581,582,583,10,0.000015
0,0,merge,581,582,583,10,0.000000
0,0,divide,584,584,585,11,0.000000
0,0,merge,584,584,585,11,0.000000
0,0,divide,584,585,586,10,0.000012
0,0,merge,584,585,586,10,0.000000
0,0,divide,581,583,586,9,0.000054
0,0,merge,581,583,586,9,0.000000
0,0,divide,575,580,586,8,0.000132
0,0,merge,575,580,586,8,0.000001
0,0,divide,563,574,586,7,0.000293
0,0,merge,563,574,586,7,0.000001
0,0,divide,587,587,588,11,0.000000
0,0,merge,587,587,588,11,0.000000
0,0,divide,587,588,589,10,0.000015
0,0,merge,587,588,589,10,0.000000
0,0,divide,590,590,591,11,0.000000
0,0,merge,590,590,591,11,0.000000
0,0,divide,590,591,592,10,0.000014
0,0,merge,590,591,592,10,0.000000
0,0,divide,587,589,592,9,0.000057
0,0,merge,587,589,592,9,0.000000
0,0,divide,593,593,594,11,0.000000
0,0,merge,593,593,594,11,0.000000
0,0,divide,593,594,595,10,0.000012
0,0,merge,593,594,595,10,0.000000
0,0,divide,596,596,597,11,0.000000
0,0,merge,596,596,597,11,0.000000
0,0,divide,596,597,598,10,0.000021
0,0,merge,596,597,598,10,0.000000
0,0,divide,593,595,598,9,0.000057
0,0,merge,593,595,598,9,0.000000
0,0,divide,587,592,598,8,0.000138
0,0,merge,587,592,598,8,0.000001
0,0,divide,599,599,600,11,0.000000
0,0,merge,599,599,600,11,0.000000
0,0,divide,599,600,601,10,0.000013
0,0,merge,599,600,601,10,0.000000
0,0,divide,602,602,603,11,0.000000
0,0,merge,602,602,603,11,0.000000
0,0,divide,602,603,604,10,0.000015
0,0,merge,602,603,604,10,0.000000
0,0,divide,599,601,604,9,0.000052
0,0,merge,599,601,604,9,0.000000
0,0,divide,605,605,606,11,0.000000
0,0,merge,605,605,606,11,0.000000
0,0,divide,605,606,607,10,0.000017
0,0,merge,605,606,607,10,0.000000
0,0,divide,608,608,609,10,0.000000
0,0,merge,608,608,609,10,0.000000
0,0,divide,605,607,609,9,0.000054
0,0,merge,605,607,609,9,0.000000
0,0,divide,599,604,609,8,0.000131
0,0,merge,599,604,609,8,0.000001
0,0,divide,587,598,609,7,0.000298
0,0,merge,587,598,609,7,0.000001
0,0,divide,563,586,609,6,0.000618
0,0,merge,563,586,609,6,0.000002
0,0,divide,563,609,656,5,0.012291
0,0,merge,563,609,656,5,0.000004
0,0,divide,563,656,749,4,0.014484
0,0,merge,563,656,749,4,0.000021
0,0,divide,516,516,517,11,0.000000
0,0,merge,516,516,517,11,0.000000
0,0,divide,516,517,518,10,0.000018
0,0,merge,516,517,518,10,0.000000
0,0,divide,519,519,520,11,0.000000
0,0,merge,519,519,520,11,0.000000
0,0,divide,519,520,521,10,0.000012
0,0,merge,519,520,521,10,0.000000
0,0,divide,516,518,521,9,0.000063
0,0,merge,516,518,521,9,0.000000
0,0,divide,522,522,523,11,0.000000
0,0,merge,522,522,523,11,0.000000
0,0,divide,522,523,524,10,0.000012
0,0,merge,522,523,524,10,0.000000
0,0,divide,525,525,526,11,0.000000
0,0,merge,525,525,526,11,0.000000
0,0,divide,525,526,527,10,0.000013
0,0,merge,525,526,527,10,0.000000
0,0,divide,522,524,527,9,0.000058
0,0,merge,522,524,527,9,0.000000
0,0,divide,516,521,527,8,0.000147
0,0,merge,516,521,527,8,0.000000
0,0,divide,528,528,529,11,0.000000
0,0,merge,528,528,529,11,0.000000
0,0,divide,528,529,530,10,0.000019
0,0,merge,528,529,530,10,0.000000
0,0,divide,531,531,532,11,0.000000
0,0,merge,531,531,532,11,0.000000
0,0,divide,531,532,533,10,0.000012
0,0,merge,531,532,533,10,0.000000
0,0,divide,528,530,533,9,0.000056
0,0,merge,528,530,533,9,0.000000
0,0,divide,534,534,535,11,0.000000
0,0,merge,534,534,535,11,0.000000
0,0,divide,534,535,536,10,0.000012
0,0,merge,534,535,536,10,0.000000
0,0,divide,537,537,538,11,0.000000
0,0,merge,537,537,538,11,0.000000
0,0,divide,537,538,539,10,0.000015
0,0,merge,537,538,539,10,0.000000
0,0,divide,534,536,539,9,0.000052
0,0,merge,534,536,539,9,0.000000
0,0,divide,528,533,539,8,0.000135
0,0,merge,528,533,539,8,0.000001
0,0,divide,516,527,539,7,0.000958
0,0,merge,516,527,539,7,0.000001
0,0,divide,540,540,541,11,0.000000
0,0,merge,540,540,541,11,0.000000
0,0,divide,540,541,542,10,0.000014
0,0,merge,540,541,542,10,0.000000
0,0,divide,543,543,544,11,0.000000
0,0,merge,543,543,544,11,0.000000
0,0,divide,543,544,545,10,0.000013
0,0,merge,543,544,545,10,0.000000
0,0,divide,540,542,545,9,0.000056
0,0,merge,540,542,545,9,0.000000
0,0,divide,546,546,547,11,0.000000
0,0,merge,546,546,547,11,0.000000
0,0,divide,546,547,548,10,0.000012
0,0,merge,546,547,548,10,0.000000
0,0,divide,549,549,550,11,0.000000
0,0,merge,549,549,550,11,0.000000
0,0,divide,549,550,551,10,0.000011
0,0,merge,549,550,551,10,0.000000
0,0,divide,546,548,551,9,0.000052
0,0,merge,546,548,551,9,0.000000
0,0,divide,540,545,551,8,0.000134
0,0,merge,540,545,551,8,0.000001
0,0,divide,552,552,553,11,0.000000
0,0,merge,552,552,553,11,0.000000
0,0,divide,552,553,554,10,0.000013
0,0,merge,552,553,554,10,0.000000
0,0,divide,555,555,556,11,0.000000
0,0,merge,555,555,556,11,0.000000
0,0,divide,555,556,557,10,0.000020
0,0,merge,555,556,557,10,0.000000
0,0,divide,552,554,557,9,0.000061
0,0,merge,552,554,557,9,0.000000
0,0,divide,558,558,559,11,0.000000
0,0,merge,558,558,559,11,0.000000
0,0,divide,558,559,560,10,0.000012
0,0,merge,558,559,560,10,0.000000
0,0,divide,561,561,562,10,0.000000
0,0,merge,561,561,562,10,0.000000
0,0,divide,558,560,562,9,0.000041
0,0,merge,558,560,562,9,0.000000
0,0,divide,552,557,562,8,0.000136
0,0,merge,552,557,562,8,0.000001
0,0,divide,540,551,562,7,0.000297
0,0,merge,540,551,562,7,0.000001
0,0,divide,516,539,562,6,0.001282
0,0,merge,516,539,562,6,0.000002
0,0,divide,469,469,470,11,0.000000
0,0,merge,469,469,470,11,0.000000
0,0,divide,469,470,471,10,0.000014
0,0,merge,469,470,471,10,0.000000
0,0,divide,472,472,473,11,0.000000
0,0,merge,472,472,473,11,0.000000
0,0,divide,472,473,474,10,0.000011
0,0,merge,472,473,474,10,0.000000
0,0,divide,469,471,474,9,0.000052
0,0,merge,469,471,474,9,0.000000
0,0,divide,475,475,476,11,0.000000
0,0,merge,475,475,476,11,0.000000
0,0,divide,475,476,477,10,0.000014
0,0,merge,475,476,477,10,0.000000
0,0,divide,478,478,479,11,0.000000
0,0,merge,478,478,479,11,0.000000
0,0,divide,478,479,480,10,0.000013
0,0,merge,478,479,480,10,0.000000
0,0,divide,475,477,480,9,0.000064
0,0,merge,475,477,480,9,0.000000
0,0,divide,469,474,480,8,0.000144
0,0,merge,469,474,480,8,0.000001
0,0,divide,481,481,482,11,0.000000
0,0,merge,481,481,482,11,0.000000
0,0,divide,481,482,483,10,0.000013
0,0,merge,481,482,483,10,0.000000
0,0,divide,484,484,485,11,0.000000
0,0,merge,484,484,485,11,0.000000
0,0,divide,484,485,486,10,0.000014
0,0,merge,484,485,486,10,0.000000
0,0,divide,481,483,486,9,0.000050
0,0,merge,481,483,486,9,0.000000
0,0,divide,487,487,488,11,0.000000
0,0,merge,487,487,488,11,0.000000
0,0,divide,487,488,489,10,0.000016
0,0,merge,487,488,489,10,0.000000
0,0,divide,490,490,491,11,0.000000
0,0,merge,490,490,491,11,0.000000
0,0,divide,490,491,492,10,0.000012
0,0,merge,490,491,492,10,0.000000
0,0,divide,487,489,492,9,0.000058
0,0,merge,487,489,492,9,0.000000
0,0,divide,481,486,492,8,0.000133
0,0,merge,481,486,492,8,0.000001
0,0,divide,469,480,492,7,0.000304
0,0,merge,469,480,492,7,0.000001
0,0,divide,493,493,494,11,0.000000
0,0,merge,493,493,494,11,0.000000
0,0,divide,493,494,495,10,0.000016
0,0,merge,493,494,495,10,0.000000
0,0,divide,496,496,497,11,0.000000
0,0,merge,496,496,497,11,0.000000
0,0,divide,496,497,498,10,0.000012
0,0,merge,496,497,498,10,0.000000
0,0,divide,493,495,498,9,0.000056
0,0,merge,493,495,498,9,0.000000
0,0,divide,499,499,500,11,0.000000
0,0,merge,499,499,500,11,0.000000
0,0,divide,499,500,501,10,0.000018
0,0,merge,499,500,501,10,0.000000
0,0,divide,502,502,503,11,0.000000
0,0,merge,502,502,503,11,0.000000
0,0,divide,502,503,504,10,0.000012
0,0,merge,502,503,504,10,0.000000
0,0,divide,499,501,504,9,0.000058
0,0,merge,499,501,504,9,0.000000
0,0,divide,493,498,504,8,0.000138
0,0,merge,493,498,504,8,0.000001
0,0,divide,505,505,506,11,0.000000
0,0,merge,505,505,506,11,0.000000
0,0,divide,505,506,507,10,0.000013
0,0,merge,505,506,507,10,0.000000
0,0,divide,508,508,509,11,0.000000
0,0,merge,508,508,509,11,0.000000
0,0,divide,508,509,510,10,0.000012
0,0,merge,508,509,510,10,0.000000
0,0,divide,505,507,510,9,0.000050
0,0,merge,505,507,510,9,0.000000
0,0,divide,511,511,512,11,0.000000
0,0,merge,511,511,512,11,0.000000
0,0,divide,511,512,513,10,0.000018
0,0,merge,511,512,513,10,0.000000
0,0,divide,514,514,515,10,0.000000
0,0,merge,514,514,515,10,0.000000
0,0,divide,511,513,515,9,0.000045
0,0,merge,511,513,515,9,0.000000
0,0,divide,505,510,515,8,0.000121
0,0,merge,505,510,515,8,0.000001
0,0,divide,493,504,515,7,0.000287
0,0,merge,493,504,515,7,0.000001
0,0,divide,469,492,515,6,0.000615
0,0,merge,469,492,515,6,0.000002
0,0,divide,469,515,562,5,0.001927
0,0,merge,469,515,562,5,0.000003
0,0,divide,422,422,423,11,0.000000
0,0,merge,422,422,423,11,0.000000
0,0,divide,422,423,424,10,0.000012
0,0,merge,422,423,424,10,0.000000
0,0,divide,425,425,426,11,0.000000
0,0,merge,425,425,426,11,0.000000
0,0,divide,425,426,427,10,0.000011
0,0,merge,425,426,427,10,0.000000
0,0,divide,422,424,427,9,0.000050
0,0,merge,422,424,427,9,0.000000
0,0,divide,428,428,429,11,0.000000
0,0,merge,428,428,429,11,0.000000
0,0,divide,428,429,430,10,0.000013
0,0,merge,428,429,430,10,0.000000
0,0,divide,431,431,432,11,0.000000
0,0,merge,431,431,432,11,0.000000
0,0,divide,431,432,433,10,0.000012
0,0,merge,431,432,433,10,0.000000
0,0,divide,428,430,433,9,0.000054
0,0,merge,428,430,433,9,0.000000
0,0,divide,422,427,433,8,0.000136
0,0,merge,422,427,433,8,0.000000
0,0,divide,434,434,435,11,0.000000
0,0,merge,434,434,435,11,0.000000
0,0,divide,434,435,436,10,0.000013
0,0,merge,434,435,436,10,0.000000
0,0,divide,437,437,438,11,0.000000
0,0,merge,437,437,438,11,0.000000
0,0,divide,437,438,439,10,0.000011
0,0,merge,437,438,439,10,0.000000
0,0,divide,434,436,439,9,0.000052
0,1,merge,1091,1091,1092,11,0.000001
0,1,divide,1091,1092,1093,10,0.004650
0,1,merge,1091,1092,1093,10,0.000000
0,1,divide,1094,1094,1095,11,0.000000
0,1,merge,1094,1094,1095,11,0.000000
0,1,divide,1094,1095,1096,10,0.000014
0,1,merge,1094,1095,1096,10,0.000000
0,1,divide,1091,1093,1096,9,0.004688
0,1,merge,1091,1093,1096,9,0.000001
0,1,divide,1097,1097,1098,11,0.000000
0,1,merge,1097,1097,1098,11,0.000000
0,1,divide,1097,1098,1099,10,0.000013
0,1,merge,1097,1098,1099,10,0.000000
0,1,divide,1100,1100,1101,10,0.000000
0,1,merge,1100,1100,1101,10,0.000000
0,1,divide,1097,1099,1101,9,0.000038
0,1,merge,1097,1099,1101,9,0.000000
0,1,divide,1091,1096,1101,8,0.004755
0,1,merge,1091,1096,1101,8,0.000001
0,1,divide,1079,1090,1101,7,0.004930
0,1,merge,1079,1090,1101,7,0.000001
0,1,divide,1102,1102,1103,11,0.000000
0,1,merge,1102,1102,1103,11,0.000000
0,1,divide,1102,1103,1104,10,0.000014
0,1,merge,1102,1103,1104,10,0.000000
0,1,divide,1105,1105,1106,11,0.000000
0,1,merge,1105,1105,1106,11,0.000000
0,1,divide,1105,1106,1107,10,0.000012
0,1,merge,1105,1106,1107,10,0.000000
0,1,divide,1102,1104,1107,9,0.000052
0,1,merge,1102,1104,1107,9,0.000000
0,1,divide,1108,1108,1109,11,0.000000
0,1,merge,1108,1108,1109,11,0.000000
0,1,divide,1108,1109,1110,10,0.000013
0,1,merge,1108,1109,1110,10,0.000000
0,1,divide,1111,1111,1112,11,0.000000
0,1,merge,1111,1111,1112,11,0.000000
0,1,divide,1111,1112,1113,10,0.000013
0,1,merge,1111,1112,1113,10,0.000000
0,1,divide,1108,1110,1113,9,0.000056
0,1,merge,1108,1110,1113,9,0.000000
0,1,divide,1102,1107,1113,8,0.000134
0,1,merge,1102,1107,1113,8,0.000001
0,1,divide,1114,1114,1115,11,0.000000
0,1,merge,1114,1114,1115,11,0.000000
0,1,divide,1114,1115,1116,10,0.000013
0,1,merge,1114,1115,1116,10,0.000000
0,1,divide,1117,1117,1118,11,0.000000
0,1,merge,1117,1117,1118,11,0.000000
0,1,divide,1117,1118,1119,10,0.000013
0,1,merge,1117,1118,1119,10,0.000000
0,1,divide,1114,1116,1119,9,0.000055
0,1,merge,1114,1116,1119,9,0.000000
0,1,divide,1120,1120,1121,11,0.000000
0,1,merge,1120,1120,1121,11,0.000000
0,1,divide,1120,1121,1122,10,0.000024
0,1,merge,1120,1121,1122,10,0.000000
0,1,divide,1123,1123,1124,10,0.000000
0,1,merge,1123,1123,1124,10,0.000000
0,1,divide,1120,1122,1124,9,0.000052
0,1,merge,1120,1122,1124,9,0.000000
0,1,divide,1114,1119,1124,8,0.000131
0,1,merge,1114,1119,1124,8,0.000001
0,1,divide,1102,1113,1124,7,0.000292
0,1,merge,1102,1113,1124,7,0.000001
0,1,divide,1079,1101,1124,6,0.005248
0,1,merge,1079,1101,1124,6,0.000002
0,1,divide,1032,1032,1033,11,0.000000
0,1,merge,1032,1032,1033,11,0.000000
0,1,divide,1032,1033,1034,10,0.000016
0,1,merge,1032,1033,1034,10,0.000000
0,1,divide,1035,1035,1036,11,0.000000
0,1,merge,1035,1035,1036,11,0.000000
0,1,divide,1035,1036,1037,10,0.000012
0,1,merge,1035,1036,1037,10,0.000000
0,1,divide,1032,1034,1037,9,0.000060
0,1,merge,1032,1034,1037,9,0.000000
0,1,divide,1038,1038,1039,11,0.000000
0,1,merge,1038,1038,1039,11,0.000000
0,1,divide,1038,1039,1040,10,0.000013
0,1,merge,1038,1039,1040,10,0.000000
0,1,divide,1041,1041,1042,11,0.000000
0,1,merge,1041,1041,1042,11,0.000000
0,1,divide,1041,1042,1043,10,0.000014
0,1,merge,1041,1042,1043,10,0.000000
0,1,divide,1038,1040,1043,9,0.000057
0,1,merge,1038,1040,1043,9,0.000000
0,1,divide,1032,1037,1043,8,0.000140
0,1,merge,1032,1037,1043,8,0.000000
0,1,divide,1044,1044,1045,11,0.000000
0,1,merge,1044,1044,1045,11,0.000000
0,1,divide,1044,1045,1046,10,0.000014
0,1,merge,1044,1045,1046,10,0.000000
0,1,divide,1047,1047,1048,11,0.000000
0,1,merge,1047,1047,1048,11,0.000000
0,1,divide,1047,1048,1049,10,0.000015
0,1,merge,1047,1048,1049,10,0.000000
0,1,divide,1044,1046,1049,9,0.000059
0,1,merge,1044,1046,1049,9,0.000000
0,1,divide,1050,1050,1051,11,0.000000
0,1,merge,1050,1050,1051,11,0.000000
0,1,divide,1050,1051,1052,10,0.000012
0,1,merge,1050,1051,1052,10,0.000000
0,1,divide,1053,1053,1054,11,0.000000
0,1,merge,1053,1053,1054,11,0.000000
0,1,divide,1053,1054,1055,10,0.000013
0,1,merge,1053,1054,1055,10,0.000000
0,1,divide,1050,1052,1055,9,0.000050
0,1,merge,1050,1052,1055,9,0.000000
0,1,divide,1044,1049,1055,8,0.000134
0,1,merge,1044,1049,1055,8,0.000000
0,1,divide,1032,1043,1055,7,0.000302
0,1,merge,1032,1043,1055,7,0.000001
0,1,divide,1056,1056,1057,11,0.000000
0,1,merge,1056,1056,1057,11,0.000000
0,1,divide,1056,1057,1058,10,0.000016
0,1,merge,1056,1057,1058,10,0.000000
0,1,divide,1059,1059,1060,11,0.000000
0,1,merge,1059,1059,1060,11,0.000001
0,1,divide,1059,1060,1061,10,0.000019
0,1,merge,1059,1060,1061,10,0.000000
0,1,divide,1056,1058,1061,9,0.000061
0,1,merge,1056,1058,1061,9,0.000000
0,1,divide,1062,1062,1063,11,0.000000
0,1,merge,1062,1062,1063,11,0.000000
0,1,divide,1062,1063,1064,10,0.000012
0,1,merge,1062,1063,1064,10,0.000000
0,1,divide,1065,1065,1066,11,0.000000
0,1,merge,1065,1065,1066,11,0.000000
0,1,divide,1065,1066,1067,10,0.000015
0,1,merge,1065,1066,1067,10,0.000000
0,1,divide,1062,1064,1067,9,0.000053
0,1,merge,1062,1064,1067,9,0.000000
0,1,divide,1056,1061,1067,8,0.000143
0,1,merge,1056,1061,1067,8,0.000001
0,1,divide,1068,1068,1069,11,0.000000
0,1,merge,1068,1068,1069,11,0.000000
0,1,divide,1068,1069,1070,10,0.000011
0,1,merge,1068,1069,1070,10,0.000000
0,1,divide,1071,1071,1072,11,0.000000
0,1,merge,1071,1071,1072,11,0.000000
0,1,divide,1071,1072,1073,10,0.000012
0,1,merge,1071,1072,1073,10,0.000000
0,1,divide,1068,1070,1073,9,0.000051
0,1,merge,1068,1070,1073,9,0.000000
0,1,divide,1074,1074,1075,11,0.000000
0,1,merge,1074,1074,1075,11,0.000000
0,1,divide,1074,1075,1076,10,0.000012
0,1,merge,1074,1075,1076,10,0.000000
0,1,divide,1077,1077,1078,10,0.000000
0,1,merge,1077,1077,1078,10,0.000000
0,1,divide,1074,1076,1078,9,0.000037
0,1,merge,1074,1076,1078,9,0.000000
0,1,divide,1068,1073,1078,8,0.000116
0,1,merge,1068,1073,1078,8,0.000000
0,1,divide,1056,1067,1078,7,0.000290
0,1,merge,1056,1067,1078,7,0.000001
0,1,divide,1032,1055,1078,6,0.000628
0,1,merge,1032,1055,1078,6,0.000002
0,1,divide,1032,1078,1124,5,0.005904
0,1,merge,1032,1078,1124,5,0.000004
0,1,divide,985,985,986,11,0.000000
0,1,merge,985,985,986,11,0.000000
0,1,divide,985,986,987,10,0.000015
0,1,merge,985,986,987,10,0.000000
0,1,divide,988,988,989,11,0.000000
0,1,merge,988,988,989,11,0.000000
0,1,divide,988,989,990,10,0.000012
0,1,merge,988,989,990,10,0.000000
0,1,divide,985,987,990,9,0.000053
0,1,merge,985,987,990,9,0.000000
0,1,divide,991,991,992,11,0.000000
0,1,merge,991,991,992,11,0.000000
0,1,divide,991,992,993,10,0.000014
0,1,merge,991,992,993,10,0.000000
0,1,divide,994,994,995,11,0.000000
0,1,merge,994,994,995,11,0.000000
0,1,divide,994,995,996,10,0.000012
0,1,merge,994,995,996,10,0.000000
0,1,divide,991,993,996,9,0.000052
0,1,merge,991,993,996,9,0.000000
0,1,divide,985,990,996,8,0.000133
0,1,merge,985,990,996,8,0.000001
0,1,divide,997,997,998,11,0.000000
0,1,merge,997,997,998,11,0.000000
0,1,divide,997,998,999,10,0.000013
0,1,merge,997,998,999,10,0.000000
0,1,divide,1000,1000,1001,11,0.000000
0,1,merge,1000,1000,1001,11,0.000000
0,1,divide,1000,1001,1002,10,0.000012
0,1,merge,1000,1001,1002,10,0.000000
0,1,divide,997,999,1002,9,0.000055
0,1,merge,997,999,1002,9,0.000000
0,1,divide,1003,1003,1004,11,0.000000
0,1,merge,1003,1003,1004,11,0.000000
0,1,divide,1003,1004,1005,10,0.000012
0,1,merge,1003,1004,1005,10,0.000000
0,1,divide,1006,1006,1007,11,0.000000
0,0,merge,434,436,439,9,0.000001
0,0,divide,440,440,441,11,0.000000
0,0,merge,440,440,441,11,0.000000
0,0,divide,440,441,442,10,0.000013
0,0,merge,440,441,442,10,0.000000
0,0,divide,443,443,444,11,0.000000
0,0,merge,443,443,444,11,0.000000
0,0,divide,443,444,445,10,0.000015
0,0,merge,443,444,445,10,0.000000
0,0,divide,440,442,445,9,0.000052
0,0,merge,440,442,445,9,0.000000
0,0,divide,434,439,445,8,0.003342
0,0,merge,434,439,445,8,0.000001
0,0,divide,422,433,445,7,0.003504
0,0,merge,422,433,445,7,0.000001
0,0,divide,446,446,447,11,0.000000
0,0,merge,446,446,447,11,0.000000
0,0,divide,446,447,448,10,0.000013
0,0,merge,446,447,448,10,0.000000
0,0,divide,449,449,450,11,0.000000
0,0,merge,449,449,450,11,0.000000
0,0,divide,449,450,451,10,0.000011
0,0,merge,449,450,451,10,0.000000
0,0,divide,446,448,451,9,0.000049
0,0,merge,446,448,451,9,0.000000
0,0,divide,452,452,453,11,0.000000
0,0,merge,452,452,453,11,0.000000
0,0,divide,452,453,454,10,0.000014
0,0,merge,452,453,454,10,0.000000
0,0,divide,455,455,456,11,0.000000
0,0,merge,455,455,456,11,0.000000
0,0,divide,455,456,457,10,0.000015
0,0,merge,455,456,457,10,0.000000
0,0,divide,452,454,457,9,0.000055
0,0,merge,452,454,457,9,0.000000
0,0,divide,446,451,457,8,0.000138
0,0,merge,446,451,457,8,0.000001
0,0,divide,458,458,459,11,0.000000
0,0,merge,458,458,459,11,0.000000
0,0,divide,458,459,460,10,0.000014
0,0,merge,458,459,460,10,0.000000
0,0,divide,461,461,462,11,0.000000
0,0,merge,461,461,462,11,0.000000
0,0,divide,461,462,463,10,0.000013
0,0,merge,461,462,463,10,0.000001
0,0,divide,458,460,463,9,0.000641
0,0,merge,458,460,463,9,0.000000
0,0,divide,464,464,465,11,0.000000
0,0,merge,464,464,465,11,0.000000
0,0,divide,464,465,466,10,0.000011
0,0,merge,464,465,466,10,0.000000
0,0,divide,467,467,468,10,0.000000
0,0,merge,467,467,468,10,0.000000
0,0,divide,464,466,468,9,0.000033
0,0,merge,464,466,468,9,0.000000
0,0,divide,458,463,468,8,0.000695
0,0,merge,458,463,468,8,0.000001
0,0,divide,446,457,468,7,0.000863
0,0,merge,446,457,468,7,0.000001
0,0,divide,422,445,468,6,0.004390
0,0,merge,422,445,468,6,0.000002
0,0,divide,375,375,376,11,0.000000
0,0,merge,375,375,376,11,0.000000
0,0,divide,375,376,377,10,0.000011
0,0,merge,375,376,377,10,0.000000
0,0,divide,378,378,379,11,0.000000
0,0,merge,378,378,379,11,0.000000
0,0,divide,378,379,380,10,0.000009
0,0,merge,378,379,380,10,0.000000
0,0,divide,375,377,380,9,0.000039
0,0,merge,375,377,380,9,0.000000
0,0,divide,381,381,382,11,0.000000
0,0,merge,381,381,382,11,0.000000
0,0,divide,381,382,383,10,0.000010
0,0,merge,381,382,383,10,0.000000
0,0,divide,384,384,385,11,0.000000
0,0,merge,384,384,385,11,0.000000
0,0,divide,384,385,386,10,0.000012
0,0,merge,384,385,386,10,0.000000
0,0,divide,381,383,386,9,0.000043
0,0,merge,381,383,386,9,0.000000
0,0,divide,375,380,386,8,0.000104
0,0,merge,375,380,386,8,0.000000
0,0,divide,387,387,388,11,0.000000
0,0,merge,387,387,388,11,0.000000
0,0,divide,387,388,389,10,0.000009
0,0,merge,387,388,389,10,0.000000
0,0,divide,390,390,391,11,0.000000
0,0,merge,390,390,391,11,0.000000
0,0,divide,390,391,392,10,0.000012
0,0,merge,390,391,392,10,0.000000
0,0,divide,387,389,392,9,0.000039
0,0,merge,387,389,392,9,0.000000
0,0,divide,393,393,394,11,0.000000
0,0,merge,393,393,394,11,0.000000
0,0,divide,393,394,395,10,0.000009
0,0,merge,393,394,395,10,0.000000
0,0,divide,396,396,397,11,0.000000
0,0,merge,396,396,397,11,0.000000
0,0,divide,396,397,398,10,0.000012
0,0,merge,396,397,398,10,0.000000
0,0,divide,393,395,398,9,0.000039
0,0,merge,393,395,398,9,0.000000
0,0,divide,387,392,398,8,0.000098
0,0,merge,387,392,398,8,0.000000
0,0,divide,375,386,398,7,0.000222
0,0,merge,375,386,398,7,0.000001
0,0,divide,399,399,400,11,0.000000
0,0,merge,399,399,400,11,0.000000
0,0,divide,399,400,401,10,0.000009
0,0,merge,399,400,401,10,0.000000
0,0,divide,402,402,403,11,0.000000
0,0,merge,402,402,403,11,0.000000
0,0,divide,402,403,404,10,0.000012
0,0,merge,402,403,404,10,0.000000
0,0,divide,399,401,404,9,0.000039
0,0,merge,399,401,404,9,0.000000
0,0,divide,405,405,406,11,0.000000
0,0,merge,405,405,406,11,0.000000
0,0,divide,405,406,407,10,0.000009
0,0,merge,405,406,407,10,0.000000
0,0,divide,408,408,409,11,0.000000
0,0,merge,408,408,409,11,0.000000
0,0,divide,408,409,410,10,0.000013
0,0,merge,408,409,410,10,0.000000
0,0,divide,405,407,410,9,0.000040
0,0,merge,405,407,410,9,0.000000
0,0,divide,399,404,410,8,0.000102
0,0,merge,399,404,410,8,0.000001
0,0,divide,411,411,412,11,0.000000
0,0,merge,411,411,412,11,0.000000
0,0,divide,411,412,413,10,0.000010
0,0,merge,411,412,413,10,0.000000
0,0,divide,414,414,415,11,0.000000
0,0,merge,414,414,415,11,0.000000
0,0,divide,414,415,416,10,0.000009
0,0,merge,414,415,416,10,0.000000
0,0,divide,411,413,416,9,0.000041
0,0,merge,411,413,416,9,0.000000
0,0,divide,417,417,418,11,0.000000
0,0,merge,417,417,418,11,0.000000
0,0,divide,417,418,419,10,0.000009
0,0,merge,417,418,419,10,0.000000
0,0,divide,420,420,421,10,0.000000
0,0,merge,420,420,421,10,0.000000
0,0,divide,417,419,421,9,0.000030
0,0,merge,417,419,421,9,0.000000
0,0,divide,411,416,421,8,0.000088
0,0,merge,411,416,421,8,0.000001
0,0,divide,399,410,421,7,0.000212
0,0,merge,399,410,421,7,0.000001
0,0,divide,375,398,421,6,0.000455
0,0,merge,375,398,421,6,0.000002
0,0,divide,375,421,468,5,0.004867
0,0,merge,375,421,468,5,0.000004
0,0,divide,375,468,562,4,0.006834
0,0,merge,375,468,562,4,0.000006
0,0,divide,375,562,749,3,0.021372
0,0,merge,375,562,749,3,0.000024
0,0,divide,329,329,330,11,0.000000
0,0,merge,329,329,330,11,0.000000
0,0,divide,329,330,331,10,0.000017
0,0,merge,329,330,331,10,0.000000
0,0,divide,332,332,333,11,0.000000
0,0,merge,332,332,333,11,0.000000
0,0,divide,332,333,334,10,0.000014
0,0,merge,332,333,334,10,0.000000
0,0,divide,329,331,334,9,0.000051
0,0,merge,329,331,334,9,0.000000
0,0,divide,335,335,336,11,0.000000
0,0,merge,335,335,336,11,0.000000
0,0,divide,335,336,337,10,0.000012
0,0,merge,335,336,337,10,0.000000
0,0,divide,338,338,339,11,0.000000
0,0,merge,338,338,339,11,0.000000
0,0,divide,338,339,340,10,0.000010
0,0,merge,338,339,340,10,0.000000
0,0,divide,335,337,340,9,0.000045
0,0,merge,335,337,340,9,0.000000
0,0,divide,329,334,340,8,0.000113
0,0,merge,329,334,340,8,0.000001
0,0,divide,341,341,342,11,0.000000
0,0,merge,341,341,342,11,0.000000
0,0,divide,341,342,343,10,0.000011
0,0,merge,341,342,343,10,0.000000
0,0,divide,344,344,345,11,0.000000
0,0,merge,344,344,345,11,0.000000
0,0,divide,344,345,346,10,0.000010
0,0,merge,344,345,346,10,0.000000
0,0,divide,341,343,346,9,0.000039
0,0,merge,341,343,346,9,0.000000
0,0,divide,347,347,348,11,0.000000
0,0,merge,347,347,348,11,0.000000
0,0,divide,347,348,349,10,0.000010
0,0,merge,347,348,349,10,0.000000
0,0,divide,350,350,351,10,0.000000
0,0,merge,350,350,351,10,0.000000
0,0,divide,347,349,351,9,0.000030
0,0,merge,347,349,351,9,0.000000
0,0,divide,341,346,351,8,0.000086
0,0,merge,341,346,351,8,0.000001
0,0,divide,329,340,351,7,0.000219
0,0,merge,329,340,351,7,0.000001
0,0,divide,352,352,353,11,0.000000
0,0,merge,352,352,353,11,0.000000
0,0,divide,352,353,354,10,0.000009
0,0,merge,352,353,354,10,0.000000
0,0,divide,355,355,356,11,0.000000
0,0,merge,355,355,356,11,0.000000
0,0,divide,355,356,357,10,0.000013
0,0,merge,355,356,357,10,0.000000
0,1,merge,1006,1006,1007,11,0.000000
0,1,divide,1006,1007,1008,10,0.003046
0,1,merge,1006,1007,1008,10,0.000000
0,1,divide,1003,1005,1008,9,0.003080
0,1,merge,1003,1005,1008,9,0.000000
0,1,divide,997,1002,1008,8,0.003159
0,1,merge,997,1002,1008,8,0.000001
0,1,divide,985,996,1008,7,0.003313
0,1,merge,985,996,1008,7,0.000001
0,1,divide,1009,1009,1010,11,0.000000
0,1,merge,1009,1009,1010,11,0.000000
0,1,divide,1009,1010,1011,10,0.000009
0,1,merge,1009,1010,1011,10,0.000000
0,1,divide,1012,1012,1013,11,0.000000
0,1,merge,1012,1012,1013,11,0.000000
0,1,divide,1012,1013,1014,10,0.000011
0,1,merge,1012,1013,1014,10,0.000000
0,1,divide,1009,1011,1014,9,0.000038
0,1,merge,1009,1011,1014,9,0.000000
0,1,divide,1015,1015,1016,11,0.000000
0,1,merge,1015,1015,1016,11,0.000000
0,1,divide,1015,1016,1017,10,0.000012
0,1,merge,1015,1016,1017,10,0.000000
0,1,divide,1018,1018,1019,11,0.000000
0,1,merge,1018,1018,1019,11,0.000000
0,1,divide,1018,1019,1020,10,0.000010
0,1,merge,1018,1019,1020,10,0.000000
0,1,divide,1015,1017,1020,9,0.000039
0,1,merge,1015,1017,1020,9,0.000000
0,1,divide,1009,1014,1020,8,0.000093
0,1,merge,1009,1014,1020,8,0.000000
0,1,divide,1021,1021,1022,11,0.000000
0,1,merge,1021,1021,1022,11,0.000000
0,1,divide,1021,1022,1023,10,0.000011
0,1,merge,1021,1022,1023,10,0.000000
0,1,divide,1024,1024,1025,11,0.000000
0,1,merge,1024,1024,1025,11,0.000000
0,1,divide,1024,1025,1026,10,0.000010
0,1,merge,1024,1025,1026,10,0.000000
0,1,divide,1021,1023,1026,9,0.000039
0,1,merge,1021,1023,1026,9,0.000000
0,1,divide,1027,1027,1028,11,0.000000
0,1,merge,1027,1027,1028,11,0.000000
0,1,divide,1027,1028,1029,10,0.000011
0,1,merge,1027,1028,1029,10,0.000000
0,1,divide,1030,1030,1031,10,0.000000
0,1,merge,1030,1030,1031,10,0.000000
0,1,divide,1027,1029,1031,9,0.000031
0,1,merge,1027,1029,1031,9,0.000000
0,1,divide,1021,1026,1031,8,0.000088
0,1,merge,1021,1026,1031,8,0.000001
0,1,divide,1009,1020,1031,7,0.000203
0,1,merge,1009,1020,1031,7,0.000001
0,1,divide,985,1008,1031,6,0.003536
0,1,merge,985,1008,1031,6,0.000002
0,1,divide,938,938,939,11,0.000000
0,1,merge,938,938,939,11,0.000000
0,1,divide,938,939,940,10,0.000012
0,1,merge,938,939,940,10,0.000000
0,1,divide,941,941,942,11,0.000000
0,1,merge,941,941,942,11,0.000000
0,1,divide,941,942,943,10,0.000014
0,1,merge,941,942,943,10,0.000000
0,1,divide,938,940,943,9,0.000045
0,1,merge,938,940,943,9,0.000000
0,1,divide,944,944,945,11,0.000000
0,1,merge,944,944,945,11,0.000000
0,1,divide,944,945,946,10,0.000008
0,1,merge,944,945,946,10,0.000000
0,1,divide,947,947,948,11,0.000000
0,1,merge,947,947,948,11,0.000000
0,1,divide,947,948,949,10,0.000011
0,1,merge,947,948,949,10,0.000000
0,1,divide,944,946,949,9,0.000037
0,1,merge,944,946,949,9,0.000000
0,1,divide,938,943,949,8,0.000101
0,1,merge,938,943,949,8,0.000001
0,1,divide,950,950,951,11,0.000000
0,1,merge,950,950,951,11,0.000000
0,1,divide,950,951,952,10,0.000009
0,1,merge,950,951,952,10,0.000000
0,1,divide,953,953,954,11,0.000000
0,1,merge,953,953,954,11,0.000000
0,1,divide,953,954,955,10,0.000011
0,1,merge,953,954,955,10,0.000000
0,1,divide,950,952,955,9,0.000038
0,1,merge,950,952,955,9,0.000000
0,1,divide,956,956,957,11,0.000000
0,1,merge,956,956,957,11,0.000000
0,1,divide,956,957,958,10,0.000009
0,1,merge,956,957,958,10,0.000000
0,1,divide,959,959,960,11,0.000000
0,1,merge,959,959,960,11,0.000000
0,1,divide,959,960,961,10,0.000011
0,1,merge,959,960,961,10,0.000000
0,1,divide,956,958,961,9,0.000037
0,1,merge,956,958,961,9,0.000000
0,1,divide,950,955,961,8,0.000095
0,1,merge,950,955,961,8,0.000001
0,1,divide,938,949,961,7,0.000218
0,1,merge,938,949,961,7,0.000001
0,1,divide,962,962,963,11,0.000000
0,1,merge,962,962,963,11,0.000000
0,1,divide,962,963,964,10,0.000008
0,1,merge,962,963,964,10,0.000000
0,1,divide,965,965,966,11,0.000000
0,1,merge,965,965,966,11,0.000000
0,1,divide,965,966,967,10,0.000009
0,1,merge,965,966,967,10,0.000000
0,1,divide,962,964,967,9,0.000037
0,1,merge,962,964,967,9,0.000000
0,1,divide,968,968,969,11,0.000000
0,1,merge,968,968,969,11,0.000000
0,1,divide,968,969,970,10,0.000009
0,1,merge,968,969,970,10,0.000000
0,1,divide,971,971,972,11,0.000000
0,1,merge,971,971,972,11,0.000000
0,1,divide,971,972,973,10,0.000009
0,1,merge,971,972,973,10,0.000000
0,1,divide,968,970,973,9,0.000037
0,1,merge,968,970,973,9,0.000000
0,1,divide,962,967,973,8,0.000096
0,1,merge,962,967,973,8,0.000001
0,1,divide,974,974,975,11,0.000000
0,1,merge,974,974,975,11,0.000000
0,1,divide,974,975,976,10,0.000010
0,1,merge,974,975,976,10,0.000000
0,1,divide,977,977,978,11,0.000000
0,1,merge,977,977,978,11,0.000000
0,1,divide,977,978,979,10,0.000009
0,1,merge,977,978,979,10,0.000001
0,1,divide,974,976,979,9,0.000113
0,1,merge,974,976,979,9,0.000000
0,1,divide,980,980,981,11,0.000000
0,1,merge,980,980,981,11,0.000000
0,1,divide,980,981,982,10,0.000010
0,1,merge,980,981,982,10,0.000000
0,1,divide,983,983,984,10,0.000000
0,1,merge,983,983,984,10,0.000000
0,1,divide,980,982,984,9,0.000028
0,1,merge,980,982,984,9,0.000000
0,1,divide,974,979,984,8,0.000162
0,1,merge,974,979,984,8,0.000001
0,1,divide,962,973,984,7,0.000276
0,1,merge,962,973,984,7,0.000001
0,1,divide,938,961,984,6,0.000515
0,1,merge,938,961,984,6,0.000002
0,1,divide,938,984,1031,5,0.004072
0,1,merge,938,984,1031,5,0.000004
0,1,divide,938,1031,1124,4,0.010010
0,1,merge,938,1031,1124,4,0.000007
0,1,divide,891,891,892,11,0.000000
0,1,merge,891,891,892,11,0.000000
0,1,divide,891,892,893,10,0.000012
0,1,merge,891,892,893,10,0.000000
0,1,divide,894,894,895,11,0.000000
0,1,merge,894,894,895,11,0.000000
0,1,divide,894,895,896,10,0.000008
0,1,merge,894,895,896,10,0.000000
0,1,divide,891,893,896,9,0.000038
0,1,merge,891,893,896,9,0.000000
0,1,divide,897,897,898,11,0.000000
0,1,merge,897,897,898,11,0.000000
0,1,divide,897,898,899,10,0.000009
0,1,merge,897,898,899,10,0.000000
0,1,divide,900,900,901,11,0.000000
0,1,merge,900,900,901,11,0.000000
0,1,divide,900,901,902,10,0.000011
0,1,merge,900,901,902,10,0.000000
0,1,divide,897,899,902,9,0.000039
0,1,merge,897,899,902,9,0.000000
0,1,divide,891,896,902,8,0.000098
0,1,merge,891,896,902,8,0.000000
0,1,divide,903,903,904,11,0.000000
0,1,merge,903,903,904,11,0.000000
0,1,divide,903,904,905,10,0.000011
0,1,merge,903,904,905,10,0.000000
0,1,divide,906,906,907,11,0.000000
0,1,merge,906,906,907,11,0.000000
0,1,divide,906,907,908,10,0.000008
0,0,divide,352,354,357,9,0.001070
0,0,merge,352,354,357,9,0.000001
0,0,divide,358,358,359,11,0.000000
0,0,merge,358,358,359,11,0.000000
0,0,divide,358,359,360,10,0.000009
0,0,merge,358,359,360,10,0.000000
0,0,divide,361,361,362,11,0.000000
0,0,merge,361,361,362,11,0.000001
0,0,divide,361,362,363,10,0.000012
0,0,merge,361,362,363,10,0.000000
0,0,divide,358,360,363,9,0.000038
0,0,merge,358,360,363,9,0.000000
0,0,divide,352,357,363,8,0.001156
0,0,merge,352,357,363,8,0.000001
0,0,divide,364,364,365,11,0.000000
0,0,merge,364,364,365,11,0.000000
0,0,divide,364,365,366,10,0.000010
0,0,merge,364,365,366,10,0.000000
0,0,divide,367,367,368,11,0.000000
0,0,merge,367,367,368,11,0.000000
0,0,divide,367,368,369,10,0.000008
0,0,merge,367,368,369,10,0.000000
0,0,divide,364,366,369,9,0.000042
0,0,merge,364,366,369,9,0.000000
0,0,divide,370,370,371,11,0.000000
0,0,merge,370,370,371,11,0.000000
0,0,divide,370,371,372,10,0.000009
0,0,merge,370,371,372,10,0.000000
0,0,divide,373,373,374,10,0.000000
0,0,merge,373,373,374,10,0.000000
0,0,divide,370,372,374,9,0.000029
0,0,merge,370,372,374,9,0.000000
0,0,divide,364,369,374,8,0.000089
0,0,merge,364,369,374,8,0.000001
0,0,divide,352,363,374,7,0.001264
0,0,merge,352,363,374,7,0.000001
0,0,divide,329,351,374,6,0.001502
0,0,merge,329,351,374,6,0.000002
0,0,divide,282,282,283,11,0.000000
0,0,merge,282,282,283,11,0.000001
0,0,divide,282,283,284,10,0.000011
0,0,merge,282,283,284,10,0.000000
0,0,divide,285,285,286,11,0.000000
0,0,merge,285,285,286,11,0.000000
0,0,divide,285,286,287,10,0.000012
0,0,merge,285,286,287,10,0.000000
0,0,divide,282,284,287,9,0.000040
0,0,merge,282,284,287,9,0.000000
0,0,divide,288,288,289,11,0.000000
0,0,merge,288,288,289,11,0.000000
0,0,divide,288,289,290,10,0.000009
0,0,merge,288,289,290,10,0.000000
0,0,divide,291,291,292,11,0.000000
0,0,merge,291,291,292,11,0.000000
0,0,divide,291,292,293,10,0.000009
0,0,merge,291,292,293,10,0.000000
0,0,divide,288,290,293,9,0.000037
0,0,merge,288,290,293,9,0.000000
0,0,divide,282,287,293,8,0.000097
0,0,merge,282,287,293,8,0.000001
0,0,divide,294,294,295,11,0.000000
0,0,merge,294,294,295,11,0.000000
0,0,divide,294,295,296,10,0.000008
0,0,merge,294,295,296,10,0.000000
0,0,divide,297,297,298,11,0.000000
0,0,merge,297,297,298,11,0.000000
0,0,divide,297,298,299,10,0.000013
0,0,merge,297,298,299,10,0.000000
0,0,divide,294,296,299,9,0.000038
0,0,merge,294,296,299,9,0.000000
0,0,divide,300,300,301,11,0.000000
0,0,merge,300,300,301,11,0.000000
0,0,divide,300,301,302,10,0.000010
0,0,merge,300,301,302,10,0.000000
0,0,divide,303,303,304,11,0.000000
0,0,merge,303,303,304,11,0.000000
0,0,divide,303,304,305,10,0.000008
0,0,merge,303,304,305,10,0.000000
0,0,divide,300,302,305,9,0.000036
0,0,merge,300,302,305,9,0.000000
0,0,divide,294,299,305,8,0.000094
0,0,merge,294,299,305,8,0.000001
0,0,divide,282,293,305,7,0.000210
0,0,merge,282,293,305,7,0.000001
0,0,divide,306,306,307,11,0.000000
0,0,merge,306,306,307,11,0.000000
0,0,divide,306,307,308,10,0.000011
0,0,merge,306,307,308,10,0.000000
0,0,divide,309,309,310,11,0.000000
0,0,merge,309,309,310,11,0.000000
0,0,divide,309,310,311,10,0.000012
0,0,merge,309,310,311,10,0.000000
0,0,divide,306,308,311,9,0.000040
0,0,merge,306,308,311,9,0.000000
0,0,divide,312,312,313,11,0.000000
0,0,merge,312,312,313,11,0.000000
0,0,divide,312,313,314,10,0.000012
0,0,merge,312,313,314,10,0.000000
0,0,divide,315,315,316,11,0.000000
0,0,merge,315,315,316,11,0.000000
0,0,divide,315,316,317,10,0.000008
0,0,merge,315,316,317,10,0.000000
0,0,divide,312,314,317,9,0.000039
0,0,merge,312,314,317,9,0.000000
0,0,divide,306,311,317,8,0.000097
0,0,merge,306,311,317,8,0.000001
0,0,divide,318,318,319,11,0.000000
0,0,merge,318,318,319,11,0.000000
0,0,divide,318,319,320,10,0.000012
0,0,merge,318,319,320,10,0.000000
0,0,divide,321,321,322,11,0.000000
0,0,merge,321,321,322,11,0.000000
0,0,divide,321,322,323,10,0.000011
0,0,merge,321,322,323,10,0.000000
0,0,divide,318,320,323,9,0.000041
0,0,merge,318,320,323,9,0.000000
0,0,divide,324,324,325,11,0.000000
0,0,merge,324,324,325,11,0.000000
0,0,divide,324,325,326,10,0.000011
0,0,merge,324,325,326,10,0.000000
0,0,divide,327,327,328,10,0.000000
0,0,merge,327,327,328,10,0.000000
0,0,divide,324,326,328,9,0.000033
0,0,merge,324,326,328,9,0.000000
0,0,divide,318,323,328,8,0.000097
0,0,merge,318,323,328,8,0.000001
0,0,divide,306,317,328,7,0.000211
0,0,merge,306,317,328,7,0.000001
0,0,divide,282,305,328,6,0.000442
0,0,merge,282,305,328,6,0.000002
0,0,divide,282,328,374,5,0.001966
0,0,merge,282,328,374,5,0.000004
0,0,divide,235,235,236,11,0.000000
0,0,merge,235,235,236,11,0.000001
0,0,divide,235,236,237,10,0.000010
0,0,merge,235,236,237,10,0.000000
0,0,divide,238,238,239,11,0.000000
0,0,merge,238,238,239,11,0.000000
0,0,divide,238,239,240,10,0.000009
0,0,merge,238,239,240,10,0.000000
0,0,divide,235,237,240,9,0.000039
0,0,merge,235,237,240,9,0.000000
0,0,divide,241,241,242,11,0.000000
0,0,merge,241,241,242,11,0.000000
0,0,divide,241,242,243,10,0.000009
0,0,merge,241,242,243,10,0.000000
0,0,divide,244,244,245,11,0.000000
0,0,merge,244,244,245,11,0.000000
0,0,divide,244,245,246,10,0.000011
0,0,merge,244,245,246,10,0.000000
0,0,divide,241,243,246,9,0.000039
0,0,merge,241,243,246,9,0.000000
0,0,divide,235,240,246,8,0.000101
0,0,merge,235,240,246,8,0.000001
0,0,divide,247,247,248,11,0.000000
0,0,merge,247,247,248,11,0.000000
0,0,divide,247,248,249,10,0.000010
0,0,merge,247,248,249,10,0.000000
0,0,divide,250,250,251,11,0.000000
0,0,merge,250,250,251,11,0.000000
0,0,divide,250,251,252,10,0.000009
0,0,merge,250,251,252,10,0.000000
0,0,divide,247,249,252,9,0.000041
0,0,merge,247,249,252,9,0.000000
0,0,divide,253,253,254,11,0.000000
0,0,merge,253,253,254,11,0.000000
0,0,divide,253,254,255,10,0.000011
0,0,merge,253,254,255,10,0.000000
0,0,divide,256,256,257,11,0.000000
0,0,merge,256,256,257,11,0.000000
0,0,divide,256,257,258,10,0.000008
0,0,merge,256,257,258,10,0.000000
0,0,divide,253,255,258,9,0.000038
0,0,merge,253,255,258,9,0.000000
0,0,divide,247,252,258,8,0.000099
0,0,merge,247,252,258,8,0.000001
0,0,divide,235,246,258,7,0.000216
0,0,merge,235,246,258,7,0.000001
0,0,divide,259,259,260,11,0.000000
0,0,merge,259,259,260,11,0.000000
0,0,divide,259,260,261,10,0.000011
0,0,merge,259,260,261,10,0.000000
0,0,divide,262,262,263,11,0.000000
0,0,merge,262,262,263,11,0.000000
0,0,divide,262,263,264,10,0.000008
0,0,merge,262,263,264,10,0.000000
0,0,divide,259,261,264,9,0.000038
0,0,merge,259,261,264,9,0.000000
0,0,divide,265,265,266,11,0.000000
0,0,merge,265,265,266,11,0.000000
0,0,divide,265,266,267,10,0.000008
0,0,merge,265,266,267,10,0.000000
0,1,merge,906,907,908,10,0.000000
0,1,divide,903,905,908,9,0.001073
0,1,merge,903,905,908,9,0.000000
0,1,divide,909,909,910,11,0.000000
0,1,merge,909,909,910,11,0.000000
0,1,divide,909,910,911,10,0.000009
0,1,merge,909,910,911,10,0.000000
0,1,divide,912,912,913,11,0.000000
0,1,merge,912,912,913,11,0.000000
0,1,divide,912,913,914,10,0.000011
0,1,merge,912,913,914,10,0.000000
0,1,divide,909,911,914,9,0.000037
0,1,merge,909,911,914,9,0.000000
0,1,divide,903,908,914,8,0.001133
0,1,merge,903,908,914,8,0.000001
0,1,divide,891,902,914,7,0.001250
0,1,merge,891,902,914,7,0.000001
0,1,divide,915,915,916,11,0.000000
0,1,merge,915,915,916,11,0.000000
0,1,divide,915,916,917,10,0.000010
0,1,merge,915,916,917,10,0.000000
0,1,divide,918,918,919,11,0.000000
0,1,merge,918,918,919,11,0.000000
0,1,divide,918,919,920,10,0.000008
0,1,merge,918,919,920,10,0.000000
0,1,divide,915,917,920,9,0.000039
0,1,merge,915,917,920,9,0.000000
0,1,divide,921,921,922,11,0.000000
0,1,merge,921,921,922,11,0.000000
0,1,divide,921,922,923,10,0.000010
0,1,merge,921,922,923,10,0.000000
0,1,divide,924,924,925,11,0.000000
0,1,merge,924,924,925,11,0.000000
0,1,divide,924,925,926,10,0.000010
0,1,merge,924,925,926,10,0.000000
0,1,divide,921,923,926,9,0.000040
0,1,merge,921,923,926,9,0.000000
0,1,divide,915,920,926,8,0.000097
0,1,merge,915,920,926,8,0.000001
0,1,divide,927,927,928,11,0.000000
0,1,merge,927,927,928,11,0.000000
0,1,divide,927,928,929,10,0.000010
0,1,merge,927,928,929,10,0.000000
0,1,divide,930,930,931,11,0.000000
0,1,merge,930,930,931,11,0.000000
0,1,divide,930,931,932,10,0.000010
0,1,merge,930,931,932,10,0.000000
0,1,divide,927,929,932,9,0.000045
0,1,merge,927,929,932,9,0.000000
0,1,divide,933,933,934,11,0.000000
0,1,merge,933,933,934,11,0.000000
0,1,divide,933,934,935,10,0.000010
0,1,merge,933,934,935,10,0.000000
0,1,divide,936,936,937,10,0.000000
0,1,merge,936,936,937,10,0.000000
0,1,divide,933,935,937,9,0.000030
0,1,merge,933,935,937,9,0.000000
0,1,divide,927,932,937,8,0.000095
0,1,merge,927,932,937,8,0.000000
0,1,divide,915,926,937,7,0.000211
0,1,merge,915,926,937,7,0.000001
0,1,divide,891,914,937,6,0.001481
0,1,merge,891,914,937,6,0.000002
0,1,divide,844,844,845,11,0.000000
0,1,merge,844,844,845,11,0.000001
0,1,divide,844,845,846,10,0.000010
0,1,merge,844,845,846,10,0.000000
0,1,divide,847,847,848,11,0.000000
0,1,merge,847,847,848,11,0.000000
0,1,divide,847,848,849,10,0.000008
0,1,merge,847,848,849,10,0.000000
0,1,divide,844,846,849,9,0.000037
0,1,merge,844,846,849,9,0.000000
0,1,divide,850,850,851,11,0.000000
0,1,merge,850,850,851,11,0.000000
0,1,divide,850,851,852,10,0.000008
0,1,merge,850,851,852,10,0.000000
0,1,divide,853,853,854,11,0.000000
0,1,merge,853,853,854,11,0.000000
0,1,divide,853,854,855,10,0.000010
0,1,merge,853,854,855,10,0.000000
0,1,divide,850,852,855,9,0.000036
0,1,merge,850,852,855,9,0.000000
0,1,divide,844,849,855,8,0.000092
0,1,merge,844,849,855,8,0.000001
0,1,divide,856,856,857,11,0.000000
0,1,merge,856,856,857,11,0.000000
0,1,divide,856,857,858,10,0.000009
0,1,merge,856,857,858,10,0.000000
0,1,divide,859,859,860,11,0.000000
0,1,merge,859,859,860,11,0.000000
0,1,divide,859,860,861,10,0.000012
0,1,merge,859,860,861,10,0.000000
0,1,divide,856,858,861,9,0.000038
0,1,merge,856,858,861,9,0.000000
0,1,divide,862,862,863,11,0.000000
0,1,merge,862,862,863,11,0.000000
0,1,divide,862,863,864,10,0.000011
0,1,merge,862,863,864,10,0.000000
0,1,divide,865,865,866,11,0.000000
0,1,merge,865,865,866,11,0.000000
0,1,divide,865,866,867,10,0.000010
0,1,merge,865,866,867,10,0.000000
0,1,divide,862,864,867,9,0.000041
0,1,merge,862,864,867,9,0.000000
0,1,divide,856,861,867,8,0.000096
0,1,merge,856,861,867,8,0.000001
0,1,divide,844,855,867,7,0.000209
0,1,merge,844,855,867,7,0.000001
0,1,divide,868,868,869,11,0.000000
0,1,merge,868,868,869,11,0.000000
0,1,divide,868,869,870,10,0.000010
0,1,merge,868,869,870,10,0.000000
0,1,divide,871,871,872,11,0.000000
0,1,merge,871,871,872,11,0.000000
0,1,divide,871,872,873,10,0.000008
0,1,merge,871,872,873,10,0.000000
0,1,divide,868,870,873,9,0.000038
0,1,merge,868,870,873,9,0.000000
0,1,divide,874,874,875,11,0.000000
0,1,merge,874,874,875,11,0.000000
0,1,divide,874,875,876,10,0.000011
0,1,merge,874,875,876,10,0.000000
0,1,divide,877,877,878,11,0.000000
0,1,merge,877,877,878,11,0.000000
0,1,divide,877,878,879,10,0.000008
0,1,merge,877,878,879,10,0.000000
0,1,divide,874,876,879,9,0.000037
0,1,merge,874,876,879,9,0.000000
0,1,divide,868,873,879,8,0.000095
0,1,merge,868,873,879,8,0.000000
0,1,divide,880,880,881,11,0.000000
0,1,merge,880,880,881,11,0.000000
0,1,divide,880,881,882,10,0.000011
0,1,merge,880,881,882,10,0.000000
0,1,divide,883,883,884,11,0.000000
0,1,merge,883,883,884,11,0.000000
0,1,divide,883,884,885,10,0.000011
0,1,merge,883,884,885,10,0.000000
0,1,divide,880,882,885,9,0.000042
0,1,merge,880,882,885,9,0.000000
0,1,divide,886,886,887,11,0.000000
0,1,merge,886,886,887,11,0.000000
0,1,divide,886,887,888,10,0.000011
0,1,merge,886,887,888,10,0.000000
0,1,divide,889,889,890,10,0.000000
0,1,merge,889,889,890,10,0.000000
0,1,divide,886,888,890,9,0.000029
0,1,merge,886,888,890,9,0.000000
0,1,divide,880,885,890,8,0.000091
0,1,merge,880,885,890,8,0.000001
0,1,divide,868,879,890,7,0.000203
0,1,merge,868,879,890,7,0.000001
0,1,divide,844,867,890,6,0.000432
0,1,merge,844,867,890,6,0.000002
0,1,divide,844,890,937,5,0.001935
0,1,merge,844,890,937,5,0.000003
0,1,divide,797,797,798,11,0.000000
0,1,merge,797,797,798,11,0.000001
0,1,divide,797,798,799,10,0.000011
0,1,merge,797,798,799,10,0.000000
0,1,divide,800,800,801,11,0.000000
0,1,merge,800,800,801,11,0.000000
0,1,divide,800,801,802,10,0.000009
0,1,merge,800,801,802,10,0.000000
0,1,divide,797,799,802,9,0.000038
0,1,merge,797,799,802,9,0.000000
0,1,divide,803,803,804,11,0.000000
0,1,merge,803,803,804,11,0.000000
0,1,divide,803,804,805,10,0.000011
0,1,merge,803,804,805,10,0.000000
0,1,divide,806,806,807,11,0.000000
0,1,merge,806,806,807,11,0.000000
0,1,divide,806,807,808,10,0.000010
0,1,merge,806,807,808,10,0.000000
0,1,divide,803,805,808,9,0.000040
0,1,merge,803,805,808,9,0.000000
0,1,divide,797,802,808,8,0.000099
0,1,merge,797,802,808,8,0.000000
0,1,divide,809,809,810,11,0.000000
0,1,merge,809,809,810,11,0.000000
0,1,divide,809,810,811,10,0.000014
0,1,merge,809,810,811,10,0.000000
0,1,divide,812,812,813,11,0.000000
0,1,merge,812,812,813,11,0.000000
0,1,divide,812,813,814,10,0.000008
0,1,merge,812,813,814,10,0.000000
0,1,divide,809,811,814,9,0.000042
0,1,merge,809,811,814,9,0.000000
0,1,divide,815,815,816,11,0.000000
0,1,merge,815,815,816,11,0.000000
0,1,divide,815,816,817,10,0.000009
0,1,merge,815,816,817,10,0.000000
0,1,divide,818,818,819,11,0.000000
0,1,merge,818,818,819,11,0.000000
0,0,divide,268,268,269,11,0.000000
0,0,merge,268,268,269,11,0.000001
0,0,divide,268,269,270,10,0.000020
0,0,merge,268,269,270,10,0.000000
0,0,divide,265,267,270,9,0.002082
0,0,merge,265,267,270,9,0.000000
0,0,divide,259,264,270,8,0.002137
0,0,merge,259,264,270,8,0.000001
0,0,divide,271,271,272,11,0.000000
0,0,merge,271,271,272,11,0.000000
0,0,divide,271,272,273,10,0.000011
0,0,merge,271,272,273,10,0.000000
0,0,divide,274,274,275,11,0.000000
0,0,merge,274,274,275,11,0.000000
0,0,divide,274,275,276,10,0.000012
0,0,merge,274,275,276,10,0.000000
0,0,divide,271,273,276,9,0.000039
0,0,merge,271,273,276,9,0.000000
0,0,divide,277,277,278,11,0.000000
0,0,merge,277,277,278,11,0.000000
0,0,divide,277,278,279,10,0.000010
0,0,merge,277,278,279,10,0.000000
0,0,divide,280,280,281,10,0.000000
0,0,merge,280,280,281,10,0.000000
0,0,divide,277,279,281,9,0.000029
0,0,merge,277,279,281,9,0.000000
0,0,divide,271,276,281,8,0.000086
0,0,merge,271,276,281,8,0.000001
0,0,divide,259,270,281,7,0.002242
0,0,merge,259,270,281,7,0.000001
0,0,divide,235,258,281,6,0.002477
0,0,merge,235,258,281,6,0.000002
0,0,divide,188,188,189,11,0.000000
0,0,merge,188,188,189,11,0.000000
0,0,divide,188,189,190,10,0.000009
0,0,merge,188,189,190,10,0.000000
0,0,divide,191,191,192,11,0.000000
0,0,merge,191,191,192,11,0.000000
0,0,divide,191,192,193,10,0.000012
0,0,merge,191,192,193,10,0.000000
0,0,divide,188,190,193,9,0.000038
0,0,merge,188,190,193,9,0.000000
0,0,divide,194,194,195,11,0.000000
0,0,merge,194,194,195,11,0.000000
0,0,divide,194,195,196,10,0.000012
0,0,merge,194,195,196,10,0.000000
0,0,divide,197,197,198,11,0.000000
0,0,merge,197,197,198,11,0.000000
0,0,divide,197,198,199,10,0.000008
0,0,merge,197,198,199,10,0.000000
0,0,divide,194,196,199,9,0.000040
0,0,merge,194,196,199,9,0.000000
0,0,divide,188,193,199,8,0.000095
0,0,merge,188,193,199,8,0.000001
0,0,divide,200,200,201,11,0.000000
0,0,merge,200,200,201,11,0.000000
0,0,divide,200,201,202,10,0.000010
0,0,merge,200,201,202,10,0.000000
0,0,divide,203,203,204,11,0.000000
0,0,merge,203,203,204,11,0.000000
0,0,divide,203,204,205,10,0.000008
0,0,merge,203,204,205,10,0.000000
0,0,divide,200,202,205,9,0.000038
0,0,merge,200,202,205,9,0.000000
0,0,divide,206,206,207,11,0.000000
0,0,merge,206,206,207,11,0.000000
0,0,divide,206,207,208,10,0.000008
0,0,merge,206,207,208,10,0.000000
0,0,divide,209,209,210,11,0.000000
0,0,merge,209,209,210,11,0.000000
0,0,divide,209,210,211,10,0.000009
0,0,merge,209,210,211,10,0.000000
0,0,divide,206,208,211,9,0.000038
0,0,merge,206,208,211,9,0.000000
0,0,divide,200,205,211,8,0.000095
0,0,merge,200,205,211,8,0.000001
0,0,divide,188,199,211,7,0.000207
0,0,merge,188,199,211,7,0.000001
0,0,divide,212,212,213,11,0.000000
0,0,merge,212,212,213,11,0.000000
0,0,divide,212,213,214,10,0.000012
0,0,merge,212,213,214,10,0.000000
0,0,divide,215,215,216,11,0.000000
0,0,merge,215,215,216,11,0.000000
0,0,divide,215,216,217,10,0.000008
0,0,merge,215,216,217,10,0.000000
0,0,divide,212,214,217,9,0.000041
0,0,merge,212,214,217,9,0.000000
0,0,divide,218,218,219,11,0.000000
0,0,merge,218,218,219,11,0.000000
0,0,divide,218,219,220,10,0.000008
0,0,merge,218,219,220,10,0.000000
0,0,divide,221,221,222,11,0.000000
0,0,merge,221,221,222,11,0.000000
0,0,divide,221,222,223,10,0.000011
0,0,merge,221,222,223,10,0.000000
0,0,divide,218,220,223,9,0.000043
0,0,merge,218,220,223,9,0.000000
0,0,divide,212,217,223,8,0.000104
0,0,merge,212,217,223,8,0.000001
0,0,divide,224,224,225,11,0.000000
0,0,merge,224,224,225,11,0.000000
0,0,divide,224,225,226,10,0.000009
0,0,merge,224,225,226,10,0.000000
0,0,divide,227,227,228,11,0.000000
0,0,merge,227,227,228,11,0.000000
0,0,divide,227,228,229,10,0.000013
0,0,merge,227,228,229,10,0.000000
0,0,divide,224,226,229,9,0.000039
0,0,merge,224,226,229,9,0.000000
0,0,divide,230,230,231,11,0.000000
0,0,merge,230,230,231,11,0.000000
0,0,divide,230,231,232,10,0.000009
0,0,merge,230,231,232,10,0.000000
0,0,divide,233,233,234,10,0.000000
0,0,merge,233,233,234,10,0.000000
0,0,divide,230,232,234,9,0.000029
0,0,merge,230,232,234,9,0.000000
0,0,divide,224,229,234,8,0.000090
0,0,merge,224,229,234,8,0.000000
0,0,divide,212,223,234,7,0.000214
0,0,merge,212,223,234,7,0.000001
0,0,divide,188,211,234,6,0.000441
0,0,merge,188,211,234,6,0.000002
0,0,divide,188,234,281,5,0.002943
0,0,merge,188,234,281,5,0.000004
0,0,divide,188,281,374,4,0.004938
0,0,merge,188,281,374,4,0.000007
0,0,divide,141,141,142,11,0.000000
0,0,merge,141,141,142,11,0.000001
0,0,divide,141,142,143,10,0.000012
0,0,merge,141,142,143,10,0.000000
0,0,divide,144,144,145,11,0.000000
0,0,merge,144,144,145,11,0.000000
0,0,divide,144,145,146,10,0.000009
0,0,merge,144,145,146,10,0.000000
0,0,divide,141,143,146,9,0.000042
0,0,merge,141,143,146,9,0.000000
0,0,divide,147,147,148,11,0.000000
0,0,merge,147,147,148,11,0.000000
0,0,divide,147,148,149,10,0.000010
0,0,merge,147,148,149,10,0.000000
0,0,divide,150,150,151,11,0.000000
0,0,merge,150,150,151,11,0.000000
0,0,divide,150,151,152,10,0.000011
0,0,merge,150,151,152,10,0.000000
0,0,divide,147,149,152,9,0.000040
0,0,merge,147,149,152,9,0.000000
0,0,divide,141,146,152,8,0.000103
0,0,merge,141,146,152,8,0.000001
0,0,divide,153,153,154,11,0.000000
0,0,merge,153,153,154,11,0.000000
0,0,divide,153,154,155,10,0.000009
0,0,merge,153,154,155,10,0.000000
0,0,divide,156,156,157,11,0.000000
0,0,merge,156,156,157,11,0.000000
0,0,divide,156,157,158,10,0.000009
0,0,merge,156,157,158,10,0.000000
0,0,divide,153,155,158,9,0.000036
0,0,merge,153,155,158,9,0.000000
0,0,divide,159,159,160,11,0.000000
0,0,merge,159,159,160,11,0.000000
0,0,divide,159,160,161,10,0.000010
0,0,merge,159,160,161,10,0.000000
0,0,divide,162,162,163,11,0.000000
0,0,merge,162,162,163,11,0.000000
0,0,divide,162,163,164,10,0.000011
0,0,merge,162,163,164,10,0.000000
0,0,divide,159,161,164,9,0.000039
0,0,merge,159,161,164,9,0.000000
0,0,divide,153,158,164,8,0.000102
0,0,merge,153,158,164,8,0.000001
0,0,divide,141,152,164,7,0.000225
0,0,merge,141,152,164,7,0.000001
0,0,divide,165,165,166,11,0.000000
0,0,merge,165,165,166,11,0.000000
0,0,divide,165,166,167,10,0.000012
0,0,merge,165,166,167,10,0.000000
0,0,divide,168,168,169,11,0.000000
0,0,merge,168,168,169,11,0.000000
0,0,divide,168,169,170,10,0.000009
0,0,merge,168,169,170,10,0.000000
0,0,divide,165,167,170,9,0.000040
0,0,merge,165,167,170,9,0.000000
0,0,divide,171,171,172,11,0.000000
0,0,merge,171,171,172,11,0.000000
0,0,divide,171,172,173,10,0.000009
0,0,merge,171,172,173,10,0.000000
0,0,divide,174,174,175,11,0.000000
0,0,merge,174,174,175,11,0.000000
0,0,divide,174,175,176,10,0.000228
0,0,merge,174,175,176,10,0.000000
0,0,divide,171,173,176,9,0.000264
0,0,merge,171,173,176,9,0.000000
0,0,divide,165,170,176,8,0.000325
0,0,merge,165,170,176,8,0.000001
0,0,divide,177,177,178,11,0.000000
0,0,merge,177,177,178,11,0.000000
0,0,divide,177,178,179,10,0.000011
0,0,merge,177,178,179,10,0.000000
0,0,divide,180,180,181,11,0.000000
0,0,merge,180,180,181,11,0.000000
0,0,divide,180,181,182,10,0.000009
0,0,merge,180,181,182,10,0.000000
0,0,divide,177,179,182,9,0.000038
0,0,merge,177,179,182,9,0.000000
0,0,divide,183,183,184,11,0.000000
0,0,merge,183,183,184,11,0.000000
0,0,divide,183,184,185,10,0.000009
0,0,merge,183,184,185,10,0.000000
0,0,divide,186,186,187,10,0.000000
0,0,merge,186,186,187,10,0.000000
0,0,divide,183,185,187,9,0.000036
0,0,merge,183,185,187,9,0.000000
0,0,divide,177,182,187,8,0.000095
0,0,merge,177,182,187,8,0.000001
0,0,divide,165,176,187,7,0.000441
0,0,merge,165,176,187,7,0.000001
0,0,divide,141,164,187,6,0.000684
0,0,merge,141,164,187,6,0.000001
0,0,divide,94,94,95,11,0.000000
0,0,merge,94,94,95,11,0.000001
0,0,divide,94,95,96,10,0.000012
0,0,merge,94,95,96,10,0.000000
0,0,divide,97,97,98,11,0.000000
0,0,merge,97,97,98,11,0.000000
0,0,divide,97,98,99,10,0.000011
0,0,merge,97,98,99,10,0.000000
0,0,divide,94,96,99,9,0.000041
0,0,merge,94,96,99,9,0.000000
0,0,divide,100,100,101,11,0.000000
0,0,merge,100,100,101,11,0.000000
0,0,divide,100,101,102,10,0.000013
0,0,merge,100,101,102,10,0.000000
0,0,divide,103,103,104,11,0.000000
0,0,merge,103,103,104,11,0.000000
0,0,divide,103,104,105,10,0.000011
0,0,merge,103,104,105,10,0.000000
0,0,divide,100,102,105,9,0.000041
0,0,merge,100,102,105,9,0.000000
0,0,divide,94,99,105,8,0.000101
0,0,merge,94,99,105,8,0.000001
0,0,divide,106,106,107,11,0.000000
0,0,merge,106,106,107,11,0.000000
0,0,divide,106,107,108,10,0.000008
0,0,merge,106,107,108,10,0.000000
0,0,divide,109,109,110,11,0.000000
0,0,merge,109,109,110,11,0.000000
0,0,divide,109,110,111,10,0.000009
0,0,merge,109,110,111,10,0.000000
0,0,divide,106,108,111,9,0.000038
0,0,merge,106,108,111,9,0.000000
0,0,divide,112,112,113,11,0.000000
0,0,merge,112,112,113,11,0.000000
0,0,divide,112,113,114,10,0.000009
0,0,merge,112,113,114,10,0.000000
0,0,divide,115,115,116,11,0.000000
0,0,merge,115,115,116,11,0.000000
0,0,divide,115,116,117,10,0.000011
0,0,merge,115,116,117,10,0.000000
0,0,divide,112,114,117,9,0.000039
0,0,merge,112,114,117,9,0.000000
0,0,divide,106,111,117,8,0.000096
0,0,merge,106,111,117,8,0.000001
0,0,divide,94,105,117,7,0.000219
0,0,merge,94,105,117,7,0.000001
0,0,divide,118,118,119,11,0.000000
0,0,merge,118,118,119,11,0.000000
0,0,divide,118,119,120,10,0.000009
0,0,merge,118,119,120,10,0.000000
0,0,divide,121,121,122,11,0.000000
0,0,merge,121,121,122,11,0.000000
0,0,divide,121,122,123,10,0.000011
0,0,merge,121,122,123,10,0.000000
0,0,divide,118,120,123,9,0.000038
0,0,merge,118,120,123,9,0.000000
0,0,divide,124,124,125,11,0.000000
0,0,merge,124,124,125,11,0.000000
0,0,divide,124,125,126,10,0.000010
0,0,merge,124,125,126,10,0.000000
0,0,divide,127,127,128,11,0.000000
0,0,merge,127,127,128,11,0.000000
0,0,divide,127,128,129,10,0.000008
0,0,merge,127,128,129,10,0.000000
0,0,divide,124,126,129,9,0.000039
0,0,merge,124,126,129,9,0.000000
0,0,divide,118,123,129,8,0.000097
0,0,merge,118,123,129,8,0.000001
0,0,divide,130,130,131,11,0.000000
0,0,merge,130,130,131,11,0.000001
0,0,divide,130,131,132,10,0.000010
0,0,merge,130,131,132,10,0.000000
0,0,divide,133,133,134,11,0.000000
0,0,merge,133,133,134,11,0.000000
0,0,divide,133,134,135,10,0.000010
0,0,merge,133,134,135,10,0.000000
0,0,divide,130,132,135,9,0.000038
0,0,merge,130,132,135,9,0.000000
0,0,divide,136,136,137,11,0.000000
0,0,merge,136,136,137,11,0.000000
0,0,divide,136,137,138,10,0.000011
0,0,merge,136,137,138,10,0.000000
0,0,divide,139,139,140,10,0.000000
0,0,merge,139,139,140,10,0.000000
0,0,divide,136,138,140,9,0.000028
0,0,merge,136,138,140,9,0.000000
0,0,divide,130,135,140,8,0.000087
0,0,merge,130,135,140,8,0.000000
0,0,divide,118,129,140,7,0.000204
0,0,merge,118,129,140,7,0.000001
0,0,divide,94,117,140,6,0.000444
0,0,merge,94,117,140,6,0.000002
0,0,divide,94,140,187,5,0.001148
0,0,merge,94,140,187,5,0.000004
0,0,divide,47,47,48,11,0.000000
0,0,merge,47,47,48,11,0.000001
0,0,divide,47,48,49,10,0.000016
0,0,merge,47,48,49,10,0.000000
0,0,divide,50,50,51,11,0.000000
0,0,merge,50,50,51,11,0.000000
0,0,divide,50,51,52,10,0.000012
0,0,merge,50,51,52,10,0.000000
0,0,divide,47,49,52,9,0.000044
0,0,merge,47,49,52,9,0.000000
0,0,divide,53,53,54,11,0.000000
0,0,merge,53,53,54,11,0.000000
0,0,divide,53,54,55,10,0.000013
0,0,merge,53,54,55,10,0.000000
0,0,divide,56,56,57,11,0.000000
0,0,merge,56,56,57,11,0.000000
0,0,divide,56,57,58,10,0.000008
0,0,merge,56,57,58,10,0.000000
0,0,divide,53,55,58,9,0.000041
0,0,merge,53,55,58,9,0.000000
0,0,divide,47,52,58,8,0.000102
0,0,merge,47,52,58,8,0.000001
0,0,divide,59,59,60,11,0.000000
0,0,merge,59,59,60,11,0.000000
0,0,divide,59,60,61,10,0.000008
0,0,merge,59,60,61,10,0.000000
0,0,divide,62,62,63,11,0.000000
0,0,merge,62,62,63,11,0.000000
0,0,divide,62,63,64,10,0.000010
0,1,divide,818,819,820,10,0.002040
0,1,merge,818,819,820,10,0.000001
0,1,divide,815,817,820,9,0.003103
0,1,merge,815,817,820,9,0.000000
0,1,divide,809,814,820,8,0.003165
0,1,merge,809,814,820,8,0.000001
0,1,divide,797,808,820,7,0.003282
0,1,merge,797,808,820,7,0.000001
0,1,divide,821,821,822,11,0.000000
0,1,merge,821,821,822,11,0.000000
0,1,divide,821,822,823,10,0.000010
0,1,merge,821,822,823,10,0.000000
0,1,divide,824,824,825,11,0.000000
0,1,merge,824,824,825,11,0.000000
0,1,divide,824,825,826,10,0.000010
0,1,merge,824,825,826,10,0.000000
0,1,divide,821,823,826,9,0.000039
0,1,merge,821,823,826,9,0.000000
0,1,divide,827,827,828,11,0.000000
0,1,merge,827,827,828,11,0.000000
0,1,divide,827,828,829,10,0.000011
0,1,merge,827,828,829,10,0.000001
0,1,divide,830,830,831,11,0.000000
0,1,merge,830,830,831,11,0.000000
0,1,divide,830,831,832,10,0.000011
0,1,merge,830,831,832,10,0.000000
0,1,divide,827,829,832,9,0.000040
0,1,merge,827,829,832,9,0.000000
0,1,divide,821,826,832,8,0.000100
0,1,merge,821,826,832,8,0.000001
0,1,divide,833,833,834,11,0.000000
0,1,merge,833,833,834,11,0.000000
0,1,divide,833,834,835,10,0.000008
0,1,merge,833,834,835,10,0.000000
0,1,divide,836,836,837,11,0.000000
0,1,merge,836,836,837,11,0.000000
0,1,divide,836,837,838,10,0.000009
0,1,merge,836,837,838,10,0.000000
0,1,divide,833,835,838,9,0.000038
0,1,merge,833,835,838,9,0.000000
0,1,divide,839,839,840,11,0.000000
0,1,merge,839,839,840,11,0.000000
0,1,divide,839,840,841,10,0.000010
0,1,merge,839,840,841,10,0.000000
0,1,divide,842,842,843,10,0.000000
0,1,merge,842,842,843,10,0.000000
0,1,divide,839,841,843,9,0.000030
0,1,merge,839,841,843,9,0.000000
0,1,divide,833,838,843,8,0.000089
0,1,merge,833,838,843,8,0.000000
0,1,divide,821,832,843,7,0.000206
0,1,merge,821,832,843,7,0.000001
0,1,divide,797,820,843,6,0.003510
0,1,merge,797,820,843,6,0.000002
0,1,divide,750,750,751,11,0.000000
0,1,merge,750,750,751,11,0.000000
0,1,divide,750,751,752,10,0.000009
0,1,merge,750,751,752,10,0.000000
0,1,divide,753,753,754,11,0.000000
0,1,merge,753,753,754,11,0.000001
0,1,divide,753,754,755,10,0.000011
0,1,merge,753,754,755,10,0.000000
0,1,divide,750,752,755,9,0.000037
0,1,merge,750,752,755,9,0.000000
0,1,divide,756,756,757,11,0.000000
0,1,merge,756,756,757,11,0.000000
0,1,divide,756,757,758,10,0.000011
0,1,merge,756,757,758,10,0.000000
0,1,divide,759,759,760,11,0.000000
0,1,merge,759,759,760,11,0.000000
0,1,divide,759,760,761,10,0.000011
0,1,merge,759,760,761,10,0.000000
0,1,divide,756,758,761,9,0.000040
0,1,merge,756,758,761,9,0.000000
0,1,divide,750,755,761,8,0.000093
0,1,merge,750,755,761,8,0.000000
0,1,divide,762,762,763,11,0.000000
0,1,merge,762,762,763,11,0.000000
0,1,divide,762,763,764,10,0.000011
0,1,merge,762,763,764,10,0.000000
0,1,divide,765,765,766,11,0.000000
0,1,merge,765,765,766,11,0.000000
0,1,divide,765,766,767,10,0.000011
0,1,merge,765,766,767,10,0.000000
0,1,divide,762,764,767,9,0.000039
0,1,merge,762,764,767,9,0.000000
0,1,divide,768,768,769,11,0.000000
0,1,merge,768,768,769,11,0.000000
0,1,divide,768,769,770,10,0.000011
0,1,merge,768,769,770,10,0.000000
0,1,divide,771,771,772,11,0.000000
0,1,merge,771,771,772,11,0.000000
0,1,divide,771,772,773,10,0.000010
0,1,merge,771,772,773,10,0.000000
0,1,divide,768,770,773,9,0.000039
0,1,merge,768,770,773,9,0.000000
0,1,divide,762,767,773,8,0.000097
0,1,merge,762,767,773,8,0.000001
0,1,divide,750,761,773,7,0.000210
0,1,merge,750,761,773,7,0.000001
0,1,divide,774,774,775,11,0.000000
0,1,merge,774,774,775,11,0.000000
0,1,divide,774,775,776,10,0.000011
0,1,merge,774,775,776,10,0.000000
0,1,divide,777,777,778,11,0.000000
0,1,merge,777,777,778,11,0.000000
0,1,divide,777,778,779,10,0.000008
0,1,merge,777,778,779,10,0.000000
0,1,divide,774,776,779,9,0.000038
0,1,merge,774,776,779,9,0.000000
0,1,divide,780,780,781,11,0.000000
0,1,merge,780,780,781,11,0.000000
0,1,divide,780,781,782,10,0.000013
0,1,merge,780,781,782,10,0.000000
0,1,divide,783,783,784,11,0.000000
0,1,merge,783,783,784,11,0.000000
0,1,divide,783,784,785,10,0.000009
0,1,merge,783,784,785,10,0.000000
0,1,divide,780,782,785,9,0.000045
0,1,merge,780,782,785,9,0.000000
0,1,divide,774,779,785,8,0.000106
0,1,merge,774,779,785,8,0.000000
0,1,divide,786,786,787,11,0.000000
0,1,merge,786,786,787,11,0.000000
0,1,divide,786,787,788,10,0.000010
0,1,merge,786,787,788,10,0.000000
0,1,divide,789,789,790,11,0.000000
0,1,merge,789,789,790,11,0.000000
0,1,divide,789,790,791,10,0.000010
0,1,merge,789,790,791,10,0.000000
0,1,divide,786,788,791,9,0.000040
0,1,merge,786,788,791,9,0.000000
0,1,divide,792,792,793,11,0.000000
0,1,merge,792,792,793,11,0.000000
0,1,divide,792,793,794,10,0.000009
0,1,merge,792,793,794,10,0.000000
0,1,divide,795,795,796,10,0.000000
0,1,merge,795,795,796,10,0.000000
0,1,divide,792,794,796,9,0.000027
0,1,merge,792,794,796,9,0.000000
0,1,divide,786,791,796,8,0.000085
0,1,merge,786,791,796,8,0.000001
0,1,divide,774,785,796,7,0.000208
0,1,merge,774,785,796,7,0.000001
0,1,divide,750,773,796,6,0.000437
0,1,merge,750,773,796,6,0.000002
0,1,divide,750,796,843,5,0.003969
0,1,merge,750,796,843,5,0.000004
0,1,divide,750,843,937,4,0.005929
0,1,merge,750,843,937,4,0.000006
0,1,divide,750,937,1124,3,0.015975
0,1,merge,750,937,1124,3,0.000013
0,1,divide,750,1124,1499,2,0.029599
0,1,merge,750,1124,1499,2,0.000035
0,0,merge,62,63,64,10,0.000001
0,0,divide,59,61,64,9,0.000953
0,0,merge,59,61,64,9,0.000000
0,0,divide,65,65,66,11,0.000000
0,0,merge,65,65,66,11,0.000000
0,0,divide,65,66,67,10,0.000011
0,0,merge,65,66,67,10,0.000000
0,0,divide,68,68,69,11,0.000000
0,0,merge,68,68,69,11,0.000000
0,0,divide,68,69,70,10,0.000010
0,0,merge,68,69,70,10,0.000000
0,0,divide,65,67,70,9,0.000039
0,0,merge,65,67,70,9,0.000000
0,0,divide,59,64,70,8,0.001011
0,0,merge,59,64,70,8,0.000001
0,0,divide,47,58,70,7,0.001144
0,0,merge,47,58,70,7,0.000001
0,0,divide,71,71,72,11,0.000000
0,0,merge,71,71,72,11,0.000000
0,0,divide,71,72,73,10,0.000012
0,0,merge,71,72,73,10,0.000000
0,0,divide,74,74,75,11,0.000000
0,0,merge,74,74,75,11,0.000000
0,0,divide,74,75,76,10,0.000009
0,0,merge,74,75,76,10,0.000000
0,0,divide,71,73,76,9,0.000044
0,0,merge,71,73,76,9,0.000000
0,0,divide,77,77,78,11,0.000000
0,0,merge,77,77,78,11,0.000000
0,0,divide,77,78,79,10,0.000010
0,0,merge,77,78,79,10,0.000000
0,0,divide,80,80,81,11,0.000000
0,0,merge,80,80,81,11,0.000000
0,0,divide,80,81,82,10,0.000008
0,0,merge,80,81,82,10,0.000000
0,0,divide,77,79,82,9,0.000039
0,0,merge,77,79,82,9,0.000000
0,0,divide,71,76,82,8,0.000105
0,0,merge,71,76,82,8,0.000001
0,0,divide,83,83,84,11,0.000000
0,0,merge,83,83,84,11,0.000000
0,0,divide,83,84,85,10,0.000012
0,0,merge,83,84,85,10,0.000000
0,0,divide,86,86,87,11,0.000000
0,0,merge,86,86,87,11,0.000000
0,0,divide,86,87,88,10,0.000011
0,0,merge,86,87,88,10,0.000000
0,0,divide,83,85,88,9,0.000039
0,0,merge,83,85,88,9,0.000000
0,0,divide,89,89,90,11,0.000000
0,0,merge,89,89,90,11,0.000000
0,0,divide,89,90,91,10,0.000010
0,0,merge,89,90,91,10,0.000000
0,0,divide,92,92,93,10,0.000000
0,0,merge,92,92,93,10,0.000000
0,0,divide,89,91,93,9,0.000028
0,0,merge,89,91,93,9,0.000000
0,0,divide,83,88,93,8,0.000084
0,0,merge,83,88,93,8,0.000001
0,0,divide,71,82,93,7,0.000209
0,0,merge,71,82,93,7,0.000001
0,0,divide,47,70,93,6,0.001378
0,0,merge,47,70,93,6,0.000002
0,0,divide,0,0,1,11,0.000000
0,0,merge,0,0,1,11,0.000001
0,0,divide,0,1,2,10,0.000012
0,0,merge,0,1,2,10,0.000000
0,0,divide,3,3,4,11,0.000000
0,0,merge,3,3,4,11,0.000000
0,0,divide,3,4,5,10,0.000011
0,0,merge,3,4,5,10,0.000000
0,0,divide,0,2,5,9,0.000041
0,0,merge,0,2,5,9,0.000000
0,0,divide,6,6,7,11,0.000000
0,0,merge,6,6,7,11,0.000000
0,0,divide,6,7,8,10,0.000009
0,0,merge,6,7,8,10,0.000000
0,0,divide,9,9,10,11,0.000000
0,0,merge,9,9,10,11,0.000000
0,0,divide,9,10,11,10,0.000012
0,0,merge,9,10,11,10,0.000000
0,0,divide,6,8,11,9,0.000038
0,0,merge,6,8,11,9,0.000000
0,0,divide,0,5,11,8,0.000098
0,0,merge,0,5,11,8,0.000001
0,0,divide,12,12,13,11,0.000000
0,0,merge,12,12,13,11,0.000000
0,0,divide,12,13,14,10,0.000009
0,0,merge,12,13,14,10,0.000000
0,0,divide,15,15,16,11,0.000000
0,0,merge,15,15,16,11,0.000000
0,0,divide,15,16,17,10,0.000011
0,0,merge,15,16,17,10,0.000000
0,0,divide,12,14,17,9,0.000046
0,0,merge,12,14,17,9,0.000000
0,0,divide,18,18,19,11,0.000000
0,0,merge,18,18,19,11,0.000000
0,0,divide,18,19,20,10,0.000014
0,0,merge,18,19,20,10,0.000000
0,0,divide,21,21,22,11,0.000000
0,0,merge,21,21,22,11,0.000000
0,0,divide,21,22,23,10,0.000011
0,0,merge,21,22,23,10,0.000000
0,0,divide,18,20,23,9,0.000042
0,0,merge,18,20,23,9,0.000000
0,0,divide,12,17,23,8,0.000105
0,0,merge,12,17,23,8,0.000001
0,0,divide,0,11,23,7,0.000226
0,0,merge,0,11,23,7,0.000001
0,0,divide,24,24,25,11,0.000000
0,0,merge,24,24,25,11,0.000000
0,0,divide,24,25,26,10,0.000009
0,0,merge,24,25,26,10,0.000000
0,0,divide,27,27,28,11,0.000000
0,0,merge,27,27,28,11,0.000000
0,0,divide,27,28,29,10,0.000009
0,0,merge,27,28,29,10,0.000000
0,0,divide,24,26,29,9,0.000036
0,0,merge,24,26,29,9,0.000000
0,0,divide,30,30,31,11,0.000000
0,0,merge,30,30,31,11,0.000000
0,0,divide,30,31,32,10,0.000011
0,0,merge,30,31,32,10,0.000000
0,0,divide,33,33,34,11,0.000000
0,0,merge,33,33,34,11,0.000000
0,0,divide,33,34,35,10,0.000010
0,0,merge,33,34,35,10,0.000000
0,0,divide,30,32,35,9,0.000040
0,0,merge,30,32,35,9,0.000000
0,0,divide,24,29,35,8,0.000096
0,0,merge,24,29,35,8,0.000001
0,0,divide,36,36,37,11,0.000000
0,0,merge,36,36,37,11,0.000000
0,0,divide,36,37,38,10,0.000012
0,0,merge,36,37,38,10,0.000000
0,0,divide,39,39,40,11,0.000000
0,0,merge,39,39,40,11,0.000000
0,0,divide,39,40,41,10,0.000008
0,0,merge,39,40,41,10,0.000000
0,0,divide,36,38,41,9,0.000041
0,0,merge,36,38,41,9,0.000000
0,0,divide,42,42,43,11,0.000000
0,0,merge,42,42,43,11,0.000000
0,0,divide,42,43,44,10,0.000008
0,0,merge,42,43,44,10,0.000000
0,0,divide,45,45,46,10,0.000000
0,0,merge,45,45,46,10,0.000000
0,0,divide,42,44,46,9,0.000028
0,0,merge,42,44,46,9,0.000000
0,0,divide,36,41,46,8,0.000086
0,0,merge,36,41,46,8,0.000001
0,0,divide,24,35,46,7,0.000201
0,0,merge,24,35,46,7,0.000001
0,0,divide,0,23,46,6,0.000447
0,0,merge,0,23,46,6,0.000002
0,0,divide,0,46,93,5,0.001848
0,0,merge,0,46,93,5,0.000004
0,0,divide,0,93,187,4,0.003024
0,0,merge,0,93,187,4,0.000006
0,0,divide,0,187,374,3,0.007997
0,0,merge,0,187,374,3,0.000012
0,0,divide,0,374,749,2,0.029431
0,0,merge,0,374,749,2,0.000032
0,1,divide,0,749,1499,1,0.031905
0,1,merge,0,749,1499,1,0.000054
0,0,merge_worker_chunks,0,1500,3000,0,0.000109
