rank,thread_id,event,left,mid,right,depth,time
0,0,divide,2954,2954,2955,11,0.000000
0,0,merge,2954,2954,2955,11,0.000004
0,0,divide,2954,2955,2956,10,0.000052
0,0,merge,2954,2955,2956,10,0.000000
0,0,divide,2957,2957,2958,11,0.000000
0,0,merge,2957,2957,2958,11,0.000000
0,0,divide,2957,2958,2959,10,0.000009
0,0,merge,2957,2958,2959,10,0.000000
0,0,divide,2954,2956,2959,9,0.000084
0,0,merge,2954,2956,2959,9,0.000001
0,0,divide,2960,2960,2961,11,0.000000
0,0,merge,2960,2960,2961,11,0.000000
0,0,divide,2960,2961,2962,10,0.000009
0,0,merge,2960,2961,2962,10,0.000000
0,0,divide,2963,2963,2964,11,0.000000
0,0,merge,2963,2963,2964,11,0.000000
0,0,divide,2963,2964,2965,10,0.000009
0,0,merge,2963,2964,2965,10,0.000000
0,0,divide,2960,2962,2965,9,0.000038
0,0,merge,2960,2962,2965,9,0.000000
0,0,divide,2954,2959,2965,8,0.000145
0,0,merge,2954,2959,2965,8,0.000001
0,0,divide,2966,2966,2967,11,0.000000
0,0,merge,2966,2966,2967,11,0.000000
0,0,divide,2966,2967,2968,10,0.000010
0,0,merge,2966,2967,2968,10,0.000000
0,0,divide,2969,2969,2970,11,0.000000
0,0,merge,2969,2969,2970,11,0.000000
0,0,divide,2969,2970,2971,10,0.000009
0,0,merge,2969,2970,2971,10,0.000000
0,0,divide,2966,2968,2971,9,0.000040
0,0,merge,2966,2968,2971,9,0.000000
0,0,divide,2972,2972,2973,11,0.000000
0,0,merge,2972,2972,2973,11,0.000000
0,0,divide,2972,2973,2974,10,0.000009
0,0,merge,2972,2973,2974,10,0.000000
0,0,divide,2975,2975,2976,10,0.000000
0,0,merge,2975,2975,2976,10,0.000000
0,0,divide,2972,2974,2976,9,0.000029
0,0,merge,2972,2974,2976,9,0.000000
0,0,divide,2966,2971,2976,8,0.000090
0,0,merge,2966,2971,2976,8,0.000001
0,0,divide,2954,2965,2976,7,0.000256
0,0,merge,2954,2965,2976,7,0.000001
0,0,divide,2977,2977,2978,11,0.000000
0,0,merge,2977,2977,2978,11,0.000000
0,0,divide,2977,2978,2979,10,0.000009
0,0,merge,2977,2978,2979,10,0.000000
0,0,divide,2980,2980,2981,11,0.000000
0,0,merge,2980,2980,2981,11,0.000000
0,0,divide,2980,2981,2982,10,0.000009
0,0,merge,2980,2981,2982,10,0.000000
0,0,divide,2977,2979,2982,9,0.000043
0,0,merge,2977,2979,2982,9,0.000000
0,0,divide,2983,2983,2984,11,0.000000
0,0,merge,2983,2983,2984,11,0.000000
0,0,divide,2983,2984,2985,10,0.000009
0,0,merge,2983,2984,2985,10,0.000000
0,0,divide,2986,2986,2987,11,0.000000
0,0,merge,2986,2986,2987,11,0.000000
0,0,divide,2986,2987,2988,10,0.000012
0,0,merge,2986,2987,2988,10,0.000000
0,0,divide,2983,2985,2988,9,0.000038
0,0,merge,2983,2985,2988,9,0.000000
0,0,divide,2977,2982,2988,8,0.000102
0,0,merge,2977,2982,2988,8,0.000001
0,0,divide,2989,2989,2990,11,0.000000
0,0,merge,2989,2989,2990,11,0.000000
0,0,divide,2989,2990,2991,10,0.000010
0,0,merge,2989,2990,2991,10,0.000000
0,0,divide,2992,2992,2993,11,0.000000
0,0,merge,2992,2992,2993,11,0.000000
0,0,divide,2992,2993,2994,10,0.000010
0,0,merge,2992,2993,2994,10,0.000001
0,0,divide,2989,2991,2994,9,0.000777
0,0,merge,2989,2991,2994,9,0.000000
0,0,divide,2995,2995,2996,11,0.000000
0,0,merge,2995,2995,2996,11,0.000000
0,0,divide,2995,2996,2997,10,0.000009
0,0,merge,2995,2996,2997,10,0.000000
0,0,divide,2998,2998,2999,10,0.000000
0,0,merge,2998,2998,2999,10,0.000000
0,0,divide,2995,2997,2999,9,0.000030
0,0,merge,2995,2997,2999,9,0.000000
0,0,divide,2989,2994,2999,8,0.000833
0,0,merge,2989,2994,2999,8,0.000001
0,0,divide,2977,2988,2999,7,0.001080
0,0,merge,2977,2988,2999,7,0.000001
0,0,divide,2954,2976,2999,6,0.001359
0,0,merge,2954,2976,2999,6,0.000002
0,0,divide,2907,2907,2908,11,0.000000
0,0,merge,2907,2907,2908,11,0.000000
0,0,divide,2907,2908,2909,10,0.000009
0,0,merge,2907,2908,2909,10,0.000000
0,0,divide,2910,2910,2911,11,0.000000
0,0,merge,2910,2910,2911,11,0.000000
0,0,divide,2910,2911,2912,10,0.000019
0,0,merge,2910,2911,2912,10,0.000000
0,0,divide,2907,2909,2912,9,0.001102
0,0,merge,2907,2909,2912,9,0.000001
0,0,divide,2913,2913,2914,11,0.000000
0,0,merge,2913,2913,2914,11,0.000000
0,0,divide,2913,2914,2915,10,0.000010
0,0,merge,2913,2914,2915,10,0.000000
0,0,divide,2916,2916,2917,11,0.000000
0,0,merge,2916,2916,2917,11,0.000000
0,0,divide,2916,2917,2918,10,0.000010
0,0,merge,2916,2917,2918,10,0.000000
0,0,divide,2913,2915,2918,9,0.000042
0,0,merge,2913,2915,2918,9,0.000000
0,0,divide,2907,2912,2918,8,0.001179
0,0,merge,2907,2912,2918,8,0.000001
0,0,divide,2919,2919,2920,11,0.000000
0,0,merge,2919,2919,2920,11,0.000000
0,0,divide,2919,2920,2921,10,0.000012
0,0,merge,2919,2920,2921,10,0.000000
0,0,divide,2922,2922,2923,11,0.000000
0,0,merge,2922,2922,2923,11,0.000000
0,0,divide,2922,2923,2924,10,0.000012
0,0,merge,2922,2923,2924,10,0.000000
0,0,divide,2919,2921,2924,9,0.000042
0,0,merge,2919,2921,2924,9,0.000000
0,0,divide,2925,2925,2926,11,0.000000
0,0,merge,2925,2925,2926,11,0.000000
0,0,divide,2925,2926,2927,10,0.000011
0,0,merge,2925,2926,2927,10,0.000000
0,0,divide,2928,2928,2929,11,0.000000
0,0,merge,2928,2928,2929,11,0.000000
0,0,divide,2928,2929,2930,10,0.000010
0,0,merge,2928,2929,2930,10,0.000000
0,0,divide,2925,2927,2930,9,0.000041
0,0,merge,2925,2927,2930,9,0.000000
0,0,divide,2919,2924,2930,8,0.000101
0,0,merge,2919,2924,2930,8,0.000000
0,0,divide,2907,2918,2930,7,0.001297
0,0,merge,2907,2918,2930,7,0.000001
0,0,divide,2931,2931,2932,11,0.000000
0,0,merge,2931,2931,2932,11,0.000000
0,0,divide,2931,2932,2933,10,0.000009
0,0,merge,2931,2932,2933,10,0.000000
0,0,divide,2934,2934,2935,11,0.000000
0,0,merge,2934,2934,2935,11,0.000000
0,0,divide,2934,2935,2936,10,0.000012
0,0,merge,2934,2935,2936,10,0.000000
0,0,divide,2931,2933,2936,9,0.000038
0,0,merge,2931,2933,2936,9,0.000000
0,0,divide,2937,2937,2938,11,0.000000
0,0,merge,2937,2937,2938,11,0.000000
0,0,divide,2937,2938,2939,10,0.000009
0,0,merge,2937,2938,2939,10,0.000000
0,0,divide,2940,2940,2941,11,0.000000
0,0,merge,2940,2940,2941,11,0.000000
0,0,divide,2940,2941,2942,10,0.000010
0,0,merge,2940,2941,2942,10,0.000000
0,0,divide,2937,2939,2942,9,0.000036
0,0,merge,2937,2939,2942,9,0.000000
0,0,divide,2931,2936,2942,8,0.000095
0,0,merge,2931,2936,2942,8,0.000000
0,0,divide,2943,2943,2944,11,0.000000
0,0,merge,2943,2943,2944,11,0.000000
0,0,divide,2943,2944,2945,10,0.000011
0,0,merge,2943,2944,2945,10,0.000000
0,0,divide,2946,2946,2947,11,0.000000
0,0,merge,2946,2946,2947,11,0.000000
0,0,divide,2946,2947,2948,10,0.000011
0,0,merge,2946,2947,2948,10,0.000000
0,0,divide,2943,2945,2948,9,0.000040
0,0,merge,2943,2945,2948,9,0.000000
0,0,divide,2949,2949,2950,11,0.000000
0,0,merge,2949,2949,2950,11,0.000000
0,0,divide,2949,2950,2951,10,0.000012
0,0,merge,2949,2950,2951,10,0.000000
0,0,divide,2952,2952,2953,10,0.000000
0,0,merge,2952,2952,2953,10,0.000000
0,0,divide,2949,2951,2953,9,0.000029
0,0,merge,2949,2951,2953,9,0.000000
0,0,divide,2943,2948,2953,8,0.000090
0,0,merge,2943,2948,2953,8,0.000001
0,0,divide,2931,2942,2953,7,0.000204
0,0,merge,2931,2942,2953,7,0.000001
0,0,divide,2907,2930,2953,6,0.001523
0,0,merge,2907,2930,2953,6,0.000002
0,0,divide,2907,2953,2999,5,0.002913
0,0,merge,2907,2953,2999,5,0.000015
0,0,divide,2860,2860,2861,11,0.000000
0,0,merge,2860,2860,2861,11,0.000000
0,0,divide,2860,2861,2862,10,0.000009
0,0,merge,2860,2861,2862,10,0.000000
0,0,divide,2863,2863,2864,11,0.000000
0,0,merge,2863,2863,2864,11,0.000000
0,0,divide,2863,2864,2865,10,0.000009
0,0,merge,2863,2864,2865,10,0.000000
0,0,divide,2860,2862,2865,9,0.000040
0,0,merge,2860,2862,2865,9,0.000000
0,0,divide,2866,2866,2867,11,0.000000
0,0,merge,2866,2866,2867,11,0.000000
0,0,divide,2866,2867,2868,10,0.000010
0,0,merge,2866,2867,2868,10,0.000000
0,0,divide,2869,2869,2870,11,0.000000
0,0,merge,2869,2869,2870,11,0.000000
0,0,divide,2869,2870,2871,10,0.000009
0,0,merge,2869,2870,2871,10,0.000000
0,0,divide,2866,2868,2871,9,0.000039
0,0,merge,2866,2868,2871,9,0.000000
0,0,divide,2860,2865,2871,8,0.000101
0,0,merge,2860,2865,2871,8,0.000001
0,0,divide,2872,2872,2873,11,0.000000
0,0,merge,2872,2872,2873,11,0.000000
0,0,divide,2872,2873,2874,10,0.000009
0,0,merge,2872,2873,2874,10,0.000000
0,0,divide,2875,2875,2876,11,0.000000
0,0,merge,2875,2875,2876,11,0.000000
0,0,divide,2875,2876,2877,10,0.000009
0,0,merge,2875,2876,2877,10,0.000000
0,0,divide,2872,2874,2877,9,0.000043
0,0,merge,2872,2874,2877,9,0.000000
0,0,divide,2878,2878,2879,11,0.000000
0,0,merge,2878,2878,2879,11,0.000000
0,0,divide,2878,2879,2880,10,0.000009
0,0,merge,2878,2879,2880,10,0.000000
0,0,divide,2881,2881,2882,11,0.000000
0,0,merge,2881,2881,2882,11,0.000000
0,0,divide,2881,2882,2883,10,0.000010
0,0,merge,2881,2882,2883,10,0.000000
0,0,divide,2878,2880,2883,9,0.000044
0,0,merge,2878,2880,2883,9,0.000000
0,0,divide,2872,2877,2883,8,0.000105
0,0,merge,2872,2877,2883,8,0.000000
0,0,divide,2860,2871,2883,7,0.000226
0,0,merge,2860,2871,2883,7,0.000001
0,0,divide,2884,2884,2885,11,0.000000
0,0,merge,2884,2884,2885,11,0.000000
0,0,divide,2884,2885,2886,10,0.000010
0,0,merge,2884,2885,2886,10,0.000000
0,0,divide,2887,2887,2888,11,0.000000
0,0,merge,2887,2887,2888,11,0.000000
0,0,divide,2887,2888,2889,10,0.000009
0,0,merge,2887,2888,2889,10,0.000000
0,0,divide,2884,2886,2889,9,0.000040
0,0,merge,2884,2886,2889,9,0.000000
0,0,divide,2890,2890,2891,11,0.000000
0,0,merge,2890,2890,2891,11,0.000000
0,0,divide,2890,2891,2892,10,0.000009
0,0,merge,2890,2891,2892,10,0.000000
0,0,divide,2893,2893,2894,11,0.000000
0,0,merge,2893,2893,2894,11,0.000000
0,0,divide,2893,2894,2895,10,0.000011
0,0,merge,2893,2894,2895,10,0.000000
0,0,divide,2890,2892,2895,9,0.000039
0,0,merge,2890,2892,2895,9,0.000000
0,0,divide,2884,2889,2895,8,0.000099
0,0,merge,2884,2889,2895,8,0.000001
0,0,divide,2896,2896,2897,11,0.000000
0,0,merge,2896,2896,2897,11,0.000000
0,0,divide,2896,2897,2898,10,0.000009
0,0,merge,2896,2897,2898,10,0.000000
0,0,divide,2899,2899,2900,11,0.000000
0,0,merge,2899,2899,2900,11,0.000000
0,0,divide,2899,2900,2901,10,0.000011
0,0,merge,2899,2900,2901,10,0.000000
0,0,divide,2896,2898,2901,9,0.000040
0,0,merge,2896,2898,2901,9,0.000000
0,0,divide,2902,2902,2903,11,0.000000
0,0,merge,2902,2902,2903,11,0.000000
0,0,divide,2902,2903,2904,10,0.000010
0,0,merge,2902,2903,2904,10,0.000000
0,0,divide,2905,2905,2906,10,0.000000
0,0,merge,2905,2905,2906,10,0.000000
0,0,divide,2902,2904,2906,9,0.000031
0,0,merge,2902,2904,2906,9,0.000000
0,0,divide,2896,2901,2906,8,0.000092
0,0,merge,2896,2901,2906,8,0.000000
0,0,divide,2884,2895,2906,7,0.000212
0,0,merge,2884,2895,2906,7,0.000001
0,0,divide,2860,2883,2906,6,0.000458
0,0,merge,2860,2883,2906,6,0.000002
0,0,divide,2813,2813,2814,11,0.000000
0,0,merge,2813,2813,2814,11,0.000000
0,0,divide,2813,2814,2815,10,0.000009
0,0,merge,2813,2814,2815,10,0.000002
0,0,divide,2816,2816,2817,11,0.000001
0,0,merge,2816,2816,2817,11,0.000000
0,0,divide,2816,2817,2818,10,0.000012
0,0,merge,2816,2817,2818,10,0.000000
0,0,divide,2813,2815,2818,9,0.002097
0,0,merge,2813,2815,2818,9,0.000001
0,0,divide,2819,2819,2820,11,0.000000
0,0,merge,2819,2819,2820,11,0.000000
0,0,divide,2819,2820,2821,10,0.000011
0,0,merge,2819,2820,2821,10,0.000000
0,0,divide,2822,2822,2823,11,0.000000
0,0,merge,2822,2822,2823,11,0.000000
0,0,divide,2822,2823,2824,10,0.000008
0,0,merge,2822,2823,2824,10,0.000000
0,0,divide,2819,2821,2824,9,0.000039
0,0,merge,2819,2821,2824,9,0.000000
0,0,divide,2813,2818,2824,8,0.002155
0,0,merge,2813,2818,2824,8,0.000001
0,0,divide,2825,2825,2826,11,0.000000
0,0,merge,2825,2825,2826,11,0.000000
0,0,divide,2825,2826,2827,10,0.000010
0,0,merge,2825,2826,2827,10,0.000000
0,0,divide,2828,2828,2829,11,0.000000
0,0,merge,2828,2828,2829,11,0.000000
0,0,divide,2828,2829,2830,10,0.000010
0,0,merge,2828,2829,2830,10,0.000000
0,0,divide,2825,2827,2830,9,0.000040
0,0,merge,2825,2827,2830,9,0.000000
0,0,divide,2831,2831,2832,11,0.000000
0,0,merge,2831,2831,2832,11,0.000000
0,0,divide,2831,2832,2833,10,0.000011
0,0,merge,2831,2832,2833,10,0.000000
0,0,divide,2834,2834,2835,11,0.000000
0,0,merge,2834,2834,2835,11,0.000000
0,0,divide,2834,2835,2836,10,0.000011
0,0,merge,2834,2835,2836,10,0.000000
0,0,divide,2831,2833,2836,9,0.000039
0,0,merge,2831,2833,2836,9,0.000000
0,0,divide,2825,2830,2836,8,0.000099
0,0,merge,2825,2830,2836,8,0.000001
0,0,divide,2813,2824,2836,7,0.002271
0,0,merge,2813,2824,2836,7,0.000001
0,0,divide,2837,2837,2838,11,0.000000
0,0,merge,2837,2837,2838,11,0.000000
0,0,divide,2837,2838,2839,10,0.000012
0,0,merge,2837,2838,2839,10,0.000000
0,0,divide,2840,2840,2841,11,0.000000
0,0,merge,2840,2840,2841,11,0.000000
0,0,divide,2840,2841,2842,10,0.000008
0,0,merge,2840,2841,2842,10,0.000000
0,0,divide,2837,2839,2842,9,0.000048
0,0,merge,2837,2839,2842,9,0.000000
0,0,divide,2843,2843,2844,11,0.000000
0,0,merge,2843,2843,2844,11,0.000000
0,0,divide,2843,2844,2845,10,0.000010
0,0,merge,2843,2844,2845,10,0.000000
0,0,divide,2846,2846,2847,11,0.000000
0,0,merge,2846,2846,2847,11,0.000000
0,0,divide,2846,2847,2848,10,0.000008
0,0,merge,2846,2847,2848,10,0.000000
0,0,divide,2843,2845,2848,9,0.000038
0,0,merge,2843,2845,2848,9,0.000000
0,0,divide,2837,2842,2848,8,0.000107
0,0,merge,2837,2842,2848,8,0.000000
0,0,divide,2849,2849,2850,11,0.000000
0,0,merge,2849,2849,2850,11,0.000000
0,0,divide,2849,2850,2851,10,0.000008
0,0,merge,2849,2850,2851,10,0.000000
0,0,divide,2852,2852,2853,11,0.000000
0,0,merge,2852,2852,2853,11,0.000000
0,0,divide,2852,2853,2854,10,0.000009
0,0,merge,2852,2853,2854,10,0.000000
0,0,divide,2849,2851,2854,9,0.000039
0,0,merge,2849,2851,2854,9,0.000000
0,0,divide,2855,2855,2856,11,0.000000
0,0,merge,2855,2855,2856,11,0.000000
0,0,divide,2855,2856,2857,10,0.000012
0,0,merge,2855,2856,2857,10,0.000000
0,0,divide,2858,2858,2859,10,0.000000
0,0,merge,2858,2858,2859,10,0.000000
0,0,divide,2855,2857,2859,9,0.000030
0,0,merge,2855,2857,2859,9,0.000000
0,0,divide,2849,2854,2859,8,0.000087
0,0,merge,2849,2854,2859,8,0.000001
0,0,divide,2837,2848,2859,7,0.000211
0,0,merge,2837,2848,2859,7,0.000001
0,0,divide,2813,2836,2859,6,0.002504
0,0,merge,2813,2836,2859,6,0.000002
0,0,divide,2813,2859,2906,5,0.002985
0,0,merge,2813,2859,2906,5,0.000005
0,0,divide,2813,2906,2999,4,0.005940
0,0,merge,2813,2906,2999,4,0.000012
0,0,divide,2766,2766,2767,11,0.000000
0,0,merge,2766,2766,2767,11,0.000001
0,0,divide,2766,2767,2768,10,0.000011
0,0,merge,2766,2767,2768,10,0.000000
0,0,divide,2769,2769,2770,11,0.000000
0,0,merge,2769,2769,2770,11,0.000000
0,0,divide,2769,2770,2771,10,0.000010
0,0,merge,2769,2770,2771,10,0.000000
0,0,divide,2766,2768,2771,9,0.000041
0,0,merge,2766,2768,2771,9,0.000000
0,0,divide,2772,2772,2773,11,0.000000
0,0,merge,2772,2772,2773,11,0.000000
0,0,divide,2772,2773,2774,10,0.000008
0,0,merge,2772,2773,2774,10,0.000000
0,0,divide,2775,2775,2776,11,0.000000
0,0,merge,2775,2775,2776,11,0.000000
0,0,divide,2775,2776,2777,10,0.000009
0,0,merge,2775,2776,2777,10,0.000000
0,0,divide,2772,2774,2777,9,0.000041
0,0,merge,2772,2774,2777,9,0.000000
0,0,divide,2766,2771,2777,8,0.000099
0,0,merge,2766,2771,2777,8,0.000001
0,0,divide,2778,2778,2779,11,0.000000
0,0,merge,2778,2778,2779,11,0.000000
0,0,divide,2778,2779,2780,10,0.000012
0,0,merge,2778,2779,2780,10,0.000000
0,0,divide,2781,2781,2782,11,0.000000
0,0,merge,2781,2781,2782,11,0.000000
0,0,divide,2781,2782,2783,10,0.000012
0,0,merge,2781,2782,2783,10,0.000000
0,0,divide,2778,2780,2783,9,0.000041
0,0,merge,2778,2780,2783,9,0.000000
0,0,divide,2784,2784,2785,11,0.000000
0,0,merge,2784,2784,2785,11,0.000000
0,0,divide,2784,2785,2786,10,0.000011
0,0,merge,2784,2785,2786,10,0.000000
0,0,divide,2787,2787,2788,11,0.000000
0,0,merge,2787,2787,2788,11,0.000000
0,0,divide,2787,2788,2789,10,0.000008
0,0,merge,2787,2788,2789,10,0.000000
0,0,divide,2784,2786,2789,9,0.000039
0,0,merge,2784,2786,2789,9,0.000000
0,0,divide,2778,2783,2789,8,0.000097
0,0,merge,2778,2783,2789,8,0.000001
0,0,divide,2766,2777,2789,7,0.000212
0,0,merge,2766,2777,2789,7,0.000001
0,0,divide,2790,2790,2791,11,0.000000
0,0,merge,2790,2790,2791,11,0.000000
0,0,divide,2790,2791,2792,10,0.000009
0,0,merge,2790,2791,2792,10,0.000000
0,0,divide,2793,2793,2794,11,0.000000
0,0,merge,2793,2793,2794,11,0.000000
0,0,divide,2793,2794,2795,10,0.000010
0,0,merge,2793,2794,2795,10,0.000000
0,0,divide,2790,2792,2795,9,0.000037
0,0,merge,2790,2792,2795,9,0.000000
0,0,divide,2796,2796,2797,11,0.000000
0,0,merge,2796,2796,2797,11,0.000000
0,0,divide,2796,2797,2798,10,0.000010
0,0,merge,2796,2797,2798,10,0.000000
0,0,divide,2799,2799,2800,11,0.000000
0,0,merge,2799,2799,2800,11,0.000000
0,0,divide,2799,2800,2801,10,0.000008
0,0,merge,2799,2800,2801,10,0.000000
0,0,divide,2796,2798,2801,9,0.000036
0,0,merge,2796,2798,2801,9,0.000000
0,0,divide,2790,2795,2801,8,0.000093
0,0,merge,2790,2795,2801,8,0.000001
0,0,divide,2802,2802,2803,11,0.000000
0,0,merge,2802,2802,2803,11,0.000000
0,0,divide,2802,2803,2804,10,0.000009
0,0,merge,2802,2803,2804,10,0.000000
0,0,divide,2805,2805,2806,11,0.000000
0,0,merge,2805,2805,2806,11,0.000000
0,0,divide,2805,2806,2807,10,0.000009
0,0,merge,2805,2806,2807,10,0.000000
0,0,divide,2802,2804,2807,9,0.000037
0,0,merge,2802,2804,2807,9,0.000000
0,0,divide,2808,2808,2809,11,0.000000
0,0,merge,2808,2808,2809,11,0.000000
0,0,divide,2808,2809,2810,10,0.000011
0,0,merge,2808,2809,2810,10,0.000000
0,0,divide,2811,2811,2812,10,0.000000
0,0,merge,2811,2811,2812,10,0.000000
0,0,divide,2808,2810,2812,9,0.000027
0,0,merge,2808,2810,2812,9,0.000000
0,0,divide,2802,2807,2812,8,0.000085
0,0,merge,2802,2807,2812,8,0.000000
0,0,divide,2790,2801,2812,7,0.000200
0,0,merge,2790,2801,2812,7,0.000001
0,0,divide,2766,2789,2812,6,0.000432
0,0,merge,2766,2789,2812,6,0.000002
0,0,divide,2719,2719,2720,11,0.000000
0,0,merge,2719,2719,2720,11,0.000000
0,0,divide,2719,2720,2721,10,0.000011
0,0,merge,2719,2720,2721,10,0.000001
0,0,divide,2722,2722,2723,11,0.000000
0,0,merge,2722,2722,2723,11,0.000001
0,0,divide,2722,2723,2724,10,0.000098
0,0,merge,2722,2723,2724,10,0.000000
0,0,divide,2719,2721,2724,9,0.000592
0,0,merge,2719,2721,2724,9,0.000000
0,0,divide,2725,2725,2726,11,0.000000
0,0,merge,2725,2725,2726,11,0.000000
0,0,divide,2725,2726,2727,10,0.000010
0,0,merge,2725,2726,2727,10,0.000000
0,0,divide,2728,2728,2729,11,0.000000
0,0,merge,2728,2728,2729,11,0.000000
0,0,divide,2728,2729,2730,10,0.000008
0,0,merge,2728,2729,2730,10,0.000000
0,0,divide,2725,2727,2730,9,0.000038
0,0,merge,2725,2727,2730,9,0.000000
0,0,divide,2719,2724,2730,8,0.000651
0,0,merge,2719,2724,2730,8,0.000000
0,0,divide,2731,2731,2732,11,0.000000
0,0,merge,2731,2731,2732,11,0.000000
0,0,divide,2731,2732,2733,10,0.000013
0,0,merge,2731,2732,2733,10,0.000000
0,0,divide,2734,2734,2735,11,0.000000
0,0,merge,2734,2734,2735,11,0.000000
0,0,divide,2734,2735,2736,10,0.000008
0,0,merge,2734,2735,2736,10,0.000000
0,0,divide,2731,2733,2736,9,0.000039
0,0,merge,2731,2733,2736,9,0.000000
0,0,divide,2737,2737,2738,11,0.000000
0,0,merge,2737,2737,2738,11,0.000000
0,0,divide,2737,2738,2739,10,0.000009
0,0,merge,2737,2738,2739,10,0.000000
0,0,divide,2740,2740,2741,11,0.000000
0,0,merge,2740,2740,2741,11,0.000000
0,0,divide,2740,2741,2742,10,0.000009
0,0,merge,2740,2741,2742,10,0.000000
0,0,divide,2737,2739,2742,9,0.000040
0,0,merge,2737,2739,2742,9,0.000000
0,0,divide,2731,2736,2742,8,0.000098
0,0,merge,2731,2736,2742,8,0.000001
0,0,divide,2719,2730,2742,7,0.000769
0,0,merge,2719,2730,2742,7,0.000001
0,0,divide,2743,2743,2744,11,0.000000
0,0,merge,2743,2743,2744,11,0.000000
0,0,divide,2743,2744,2745,10,0.000012
0,0,merge,2743,2744,2745,10,0.000000
0,0,divide,2746,2746,2747,11,0.000000
0,0,merge,2746,2746,2747,11,0.000000
0,0,divide,2746,2747,2748,10,0.000012
0,0,merge,2746,2747,2748,10,0.000000
0,0,divide,2743,2745,2748,9,0.000041
0,0,merge,2743,2745,2748,9,0.000000
0,0,divide,2749,2749,2750,11,0.000000
0,0,merge,2749,2749,2750,11,0.000000
0,0,divide,2749,2750,2751,10,0.000012
0,0,merge,2749,2750,2751,10,0.000000
0,0,divide,2752,2752,2753,11,0.000000
0,0,merge,2752,2752,2753,11,0.000000
0,0,divide,2752,2753,2754,10,0.000008
0,0,merge,2752,2753,2754,10,0.000000
0,0,divide,2749,2751,2754,9,0.000041
0,0,merge,2749,2751,2754,9,0.000000
0,0,divide,2743,2748,2754,8,0.000100
0,0,merge,2743,2748,2754,8,0.000000
0,0,divide,2755,2755,2756,11,0.000000
0,0,merge,2755,2755,2756,11,0.000000
0,0,divide,2755,2756,2757,10,0.000012
0,0,merge,2755,2756,2757,10,0.000000
0,0,divide,2758,2758,2759,11,0.000000
0,0,merge,2758,2758,2759,11,0.000000
0,0,divide,2758,2759,2760,10,0.000008
0,0,merge,2758,2759,2760,10,0.000000
0,0,divide,2755,2757,2760,9,0.000040
0,0,merge,2755,2757,2760,9,0.000000
0,0,divide,2761,2761,2762,11,0.000000
0,0,merge,2761,2761,2762,11,0.000000
0,0,divide,2761,2762,2763,10,0.000010
0,0,merge,2761,2762,2763,10,0.000000
0,0,divide,2764,2764,2765,10,0.000000
0,0,merge,2764,2764,2765,10,0.000000
0,0,divide,2761,2763,2765,9,0.000029
0,0,merge,2761,2763,2765,9,0.000000
0,0,divide,2755,2760,2765,8,0.000093
0,0,merge,2755,2760,2765,8,0.000001
0,0,divide,2743,2754,2765,7,0.000212
0,0,merge,2743,2754,2765,7,0.000001
0,0,divide,2719,2742,2765,6,0.000999
0,0,merge,2719,2742,2765,6,0.000002
0,0,divide,2719,2765,2812,5,0.001454
0,0,merge,2719,2765,2812,5,0.000012
0,0,divide,2672,2672,2673,11,0.000000
0,0,merge,2672,2672,2673,11,0.000000
0,0,divide,2672,2673,2674,10,0.000016
0,0,merge,2672,2673,2674,10,0.000000
0,0,divide,2675,2675,2676,11,0.000000
0,0,merge,2675,2675,2676,11,0.000000
0,0,divide,2675,2676,2677,10,0.000016
0,0,merge,2675,2676,2677,10,0.000000
0,0,divide,2672,2674,2677,9,0.000053
0,0,merge,2672,2674,2677,9,0.000000
0,0,divide,2678,2678,2679,11,0.000000
0,0,merge,2678,2678,2679,11,0.000000
0,0,divide,2678,2679,2680,10,0.000010
0,0,merge,2678,2679,2680,10,0.000000
0,0,divide,2681,2681,2682,11,0.000000
0,0,merge,2681,2681,2682,11,0.000000
0,0,divide,2681,2682,2683,10,0.000008
0,0,merge,2681,2682,2683,10,0.000000
0,0,divide,2678,2680,2683,9,0.000051
0,0,merge,2678,2680,2683,9,0.000000
0,0,divide,2672,2677,2683,8,0.000133
0,0,merge,2672,2677,2683,8,0.000000
0,0,divide,2684,2684,2685,11,0.000000
0,0,merge,2684,2684,2685,11,0.000000
0,0,divide,2684,2685,2686,10,0.000011
0,0,merge,2684,2685,2686,10,0.000000
0,0,divide,2687,2687,2688,11,0.000000
0,0,merge,2687,2687,2688,11,0.000000
0,0,divide,2687,2688,2689,10,0.000010
0,0,merge,2687,2688,2689,10,0.000000
0,0,divide,2684,2686,2689,9,0.000052
0,0,merge,2684,2686,2689,9,0.000000
0,0,divide,2690,2690,2691,11,0.000000
0,0,merge,2690,2690,2691,11,0.000000
0,0,divide,2690,2691,2692,10,0.000016
0,0,merge,2690,2691,2692,10,0.000000
0,0,divide,2693,2693,2694,11,0.000000
0,0,merge,2693,2693,2694,11,0.000000
0,0,divide,2693,2694,2695,10,0.000016
0,0,merge,2693,2694,2695,10,0.000000
0,0,divide,2690,2692,2695,9,0.000052
0,0,merge,2690,2692,2695,9,0.000000
0,0,divide,2684,2689,2695,8,0.000129
0,0,merge,2684,2689,2695,8,0.000000
0,0,divide,2672,2683,2695,7,0.000289
0,0,merge,2672,2683,2695,7,0.000001
0,0,divide,2696,2696,2697,11,0.000007
0,0,merge,2696,2696,2697,11,0.000000
0,0,divide,2696,2697,2698,10,0.000018
0,0,merge,2696,2697,2698,10,0.000000
0,0,divide,2699,2699,2700,11,0.000000
0,0,merge,2699,2699,2700,11,0.000000
0,0,divide,2699,2700,2701,10,0.000029
0,0,merge,2699,2700,2701,10,0.000000
0,0,divide,2696,2698,2701,9,0.000063
0,0,merge,2696,2698,2701,9,0.000000
0,0,divide,2702,2702,2703,11,0.000000
0,0,merge,2702,2702,2703,11,0.000000
0,0,divide,2702,2703,2704,10,0.000009
0,0,merge,2702,2703,2704,10,0.000000
0,0,divide,2705,2705,2706,11,0.000000
0,0,merge,2705,2705,2706,11,0.000000
0,0,divide,2705,2706,2707,10,0.000009
0,0,merge,2705,2706,2707,10,0.000000
0,0,divide,2702,2704,2707,9,0.000143
0,0,merge,2702,2704,2707,9,0.000000
0,0,divide,2696,2701,2707,8,0.000227
0,0,merge,2696,2701,2707,8,0.000000
0,0,divide,2708,2708,2709,11,0.000000
0,0,merge,2708,2708,2709,11,0.000000
0,0,divide,2708,2709,2710,10,0.000010
0,0,merge,2708,2709,2710,10,0.000000
0,0,divide,2711,2711,2712,11,0.000000
0,0,merge,2711,2711,2712,11,0.000000
0,0,divide,2711,2712,2713,10,0.000016
0,0,merge,2711,2712,2713,10,0.000000
0,0,divide,2708,2710,2713,9,0.000047
0,0,merge,2708,2710,2713,9,0.000000
0,0,divide,2714,2714,2715,11,0.000000
0,0,merge,2714,2714,2715,11,0.000000
0,0,divide,2714,2715,2716,10,0.000017
0,0,merge,2714,2715,2716,10,0.000000
0,0,divide,2717,2717,2718,10,0.000000
0,0,merge,2717,2717,2718,10,0.000000
0,0,divide,2714,2716,2718,9,0.000037
0,0,merge,2714,2716,2718,9,0.000000
0,0,divide,2708,2713,2718,8,0.000118
0,0,merge,2708,2713,2718,8,0.000000
0,0,divide,2696,2707,2718,7,0.000365
0,0,merge,2696,2707,2718,7,0.000001
0,0,divide,2672,2695,2718,6,0.000682
0,0,merge,2672,2695,2718,6,0.000002
0,0,divide,2625,2625,2626,11,0.000000
0,0,merge,2625,2625,2626,11,0.000000
0,0,divide,2625,2626,2627,10,0.000017
0,0,merge,2625,2626,2627,10,0.000000
0,0,divide,2628,2628,2629,11,0.000000
0,0,merge,2628,2628,2629,11,0.000000
0,0,divide,2628,2629,2630,10,0.000019
0,0,merge,2628,2629,2630,10,0.000000
0,0,divide,2625,2627,2630,9,0.000054
0,0,merge,2625,2627,2630,9,0.000000
0,0,divide,2631,2631,2632,11,0.000000
0,0,merge,2631,2631,2632,11,0.000000
0,0,divide,2631,2632,2633,10,0.000016
0,0,merge,2631,2632,2633,10,0.000000
0,0,divide,2634,2634,2635,11,0.000000
0,0,merge,2634,2634,2635,11,0.000000
0,0,divide,2634,2635,2636,10,0.000017
0,0,merge,2634,2635,2636,10,0.000000
0,0,divide,2631,2633,2636,9,0.000051
0,0,merge,2631,2633,2636,9,0.000000
0,0,divide,2625,2630,2636,8,0.000146
0,0,merge,2625,2630,2636,8,0.000001
0,0,divide,2637,2637,2638,11,0.000000
0,0,merge,2637,2637,2638,11,0.000000
0,0,divide,2637,2638,2639,10,0.000013
0,0,merge,2637,2638,2639,10,0.000000
0,0,divide,2640,2640,2641,11,0.000000
0,0,merge,2640,2640,2641,11,0.000000
0,0,divide,2640,2641,2642,10,0.000009
0,0,merge,2640,2641,2642,10,0.000000
0,0,divide,2637,2639,2642,9,0.000047
0,0,merge,2637,2639,2642,9,0.000000
0,0,divide,2643,2643,2644,11,0.000000
0,0,merge,2643,2643,2644,11,0.000000
0,0,divide,2643,2644,2645,10,0.000021
0,0,merge,2643,2644,2645,10,0.000000
0,0,divide,2646,2646,2647,11,0.000000
0,0,merge,2646,2646,2647,11,0.000001
0,0,divide,2646,2647,2648,10,0.001049
0,0,merge,2646,2647,2648,10,0.000000
0,0,divide,2643,2645,2648,9,0.001088
0,0,merge,2643,2645,2648,9,0.000000
0,0,divide,2637,2642,2648,8,0.001154
0,0,merge,2637,2642,2648,8,0.000001
0,0,divide,2625,2636,2648,7,0.001322
0,0,merge,2625,2636,2648,7,0.000001
0,0,divide,2649,2649,2650,11,0.000000
0,0,merge,2649,2649,2650,11,0.000000
0,0,divide,2649,2650,2651,10,0.000009
0,0,merge,2649,2650,2651,10,0.000000
0,0,divide,2652,2652,2653,11,0.000000
0,0,merge,2652,2652,2653,11,0.000000
0,0,divide,2652,2653,2654,10,0.000012
0,0,merge,2652,2653,2654,10,0.000000
0,0,divide,2649,2651,2654,9,0.000038
0,0,merge,2649,2651,2654,9,0.000000
0,0,divide,2655,2655,2656,11,0.000000
0,0,merge,2655,2655,2656,11,0.000000
0,0,divide,2655,2656,2657,10,0.000010
0,0,merge,2655,2656,2657,10,0.000000
0,0,divide,2658,2658,2659,11,0.000000
0,0,merge,2658,2658,2659,11,0.000000
0,0,divide,2658,2659,2660,10,0.000008
0,0,merge,2658,2659,2660,10,0.000000
0,0,divide,2655,2657,2660,9,0.000035
0,0,merge,2655,2657,2660,9,0.000000
0,0,divide,2649,2654,2660,8,0.000093
0,0,merge,2649,2654,2660,8,0.000001
0,0,divide,2661,2661,2662,11,0.000000
0,0,merge,2661,2661,2662,11,0.000000
0,0,divide,2661,2662,2663,10,0.000012
0,0,merge,2661,2662,2663,10,0.000000
0,0,divide,2664,2664,2665,11,0.000000
0,0,merge,2664,2664,2665,11,0.000000
0,0,divide,2664,2665,2666,10,0.000012
0,0,merge,2664,2665,2666,10,0.000000
0,0,divide,2661,2663,2666,9,0.000041
0,0,merge,2661,2663,2666,9,0.000000
0,0,divide,2667,2667,2668,11,0.000000
0,0,merge,2667,2667,2668,11,0.000000
0,0,divide,2667,2668,2669,10,0.000010
0,0,merge,2667,2668,2669,10,0.000000
0,0,divide,2670,2670,2671,10,0.000000
0,0,merge,2670,2670,2671,10,0.000000
0,0,divide,2667,2669,2671,9,0.000030
0,0,merge,2667,2669,2671,9,0.000000
0,0,divide,2661,2666,2671,8,0.000089
0,0,merge,2661,2666,2671,8,0.000001
0,0,divide,2649,2660,2671,7,0.000203
0,0,merge,2649,2660,2671,7,0.000001
0,0,divide,2625,2648,2671,6,0.001544
0,0,merge,2625,2648,2671,6,0.000002
0,0,divide,2625,2671,2718,5,0.002249
0,0,merge,2625,2671,2718,5,0.000004
0,0,divide,2625,2718,2812,4,0.004768
0,0,merge,2625,2718,2812,4,0.000006
0,0,divide,2625,2812,2999,3,0.010745
0,0,merge,2625,2812,2999,3,0.000019
0,0,divide,2579,2579,2580,11,0.000000
0,0,merge,2579,2579,2580,11,0.000001
0,0,divide,2579,2580,2581,10,0.000010
0,0,merge,2579,2580,2581,10,0.000000
0,0,divide,2582,2582,2583,11,0.000000
0,0,merge,2582,2582,2583,11,0.000000
0,0,divide,2582,2583,2584,10,0.000011
0,0,merge,2582,2583,2584,10,0.000000
0,0,divide,2579,2581,2584,9,0.000039
0,0,merge,2579,2581,2584,9,0.000000
0,0,divide,2585,2585,2586,11,0.000000
0,0,merge,2585,2585,2586,11,0.000000
0,0,divide,2585,2586,2587,10,0.000009
0,0,merge,2585,2586,2587,10,0.000000
0,0,divide,2588,2588,2589,11,0.000000
0,0,merge,2588,2588,2589,11,0.000000
0,0,divide,2588,2589,2590,10,0.000012
0,0,merge,2588,2589,2590,10,0.000000
0,0,divide,2585,2587,2590,9,0.000039
0,0,merge,2585,2587,2590,9,0.000000
0,0,divide,2579,2584,2590,8,0.000098
0,0,merge,2579,2584,2590,8,0.000000
0,0,divide,2591,2591,2592,11,0.000000
0,0,merge,2591,2591,2592,11,0.000000
0,0,divide,2591,2592,2593,10,0.000016
0,0,merge,2591,2592,2593,10,0.000000
0,0,divide,2594,2594,2595,11,0.000000
0,0,merge,2594,2594,2595,11,0.000000
0,0,divide,2594,2595,2596,10,0.000011
0,0,merge,2594,2595,2596,10,0.000000
0,0,divide,2591,2593,2596,9,0.000045
0,0,merge,2591,2593,2596,9,0.000000
0,0,divide,2597,2597,2598,11,0.000000
0,0,merge,2597,2597,2598,11,0.000000
0,0,divide,2597,2598,2599,10,0.000009
0,0,merge,2597,2598,2599,10,0.000000
0,0,divide,2600,2600,2601,10,0.000000
0,0,merge,2600,2600,2601,10,0.000000
0,0,divide,2597,2599,2601,9,0.000028
0,0,merge,2597,2599,2601,9,0.000000
0,0,divide,2591,2596,2601,8,0.000095
0,0,merge,2591,2596,2601,8,0.000001
0,0,divide,2579,2590,2601,7,0.000214
0,0,merge,2579,2590,2601,7,0.000001
0,0,divide,2602,2602,2603,11,0.000000
0,0,merge,2602,2602,2603,11,0.000000
0,0,divide,2602,2603,2604,10,0.000009
0,0,merge,2602,2603,2604,10,0.000000
0,0,divide,2605,2605,2606,11,0.000000
0,0,merge,2605,2605,2606,11,0.000000
0,0,divide,2605,2606,2607,10,0.000009
0,0,merge,2605,2606,2607,10,0.000000
0,0,divide,2602,2604,2607,9,0.000040
0,0,merge,2602,2604,2607,9,0.000000
0,0,divide,2608,2608,2609,11,0.000000
0,0,merge,2608,2608,2609,11,0.000000
0,0,divide,2608,2609,2610,10,0.000009
0,0,merge,2608,2609,2610,10,0.000000
0,0,divide,2611,2611,2612,11,0.000000
0,0,merge,2611,2611,2612,11,0.000001
0,0,divide,2611,2612,2613,10,0.000012
0,0,merge,2611,2612,2613,10,0.000000
0,0,divide,2608,2610,2613,9,0.000038
0,0,merge,2608,2610,2613,9,0.000000
0,0,divide,2602,2607,2613,8,0.000098
0,0,merge,2602,2607,2613,8,0.000000
0,0,divide,2614,2614,2615,11,0.000000
0,0,merge,2614,2614,2615,11,0.000000
0,0,divide,2614,2615,2616,10,0.000009
0,0,merge,2614,2615,2616,10,0.000000
0,0,divide,2617,2617,2618,11,0.000000
0,0,merge,2617,2617,2618,11,0.000000
0,0,divide,2617,2618,2619,10,0.000011
0,0,merge,2617,2618,2619,10,0.000000
0,0,divide,2614,2616,2619,9,0.000040
0,0,merge,2614,2616,2619,9,0.000000
0,0,divide,2620,2620,2621,11,0.000000
0,0,merge,2620,2620,2621,11,0.000000
0,0,divide,2620,2621,2622,10,0.000009
0,0,merge,2620,2621,2622,10,0.000000
0,0,divide,2623,2623,2624,10,0.000000
0,0,merge,2623,2623,2624,10,0.000000
0,0,divide,2620,2622,2624,9,0.000030
0,0,merge,2620,2622,2624,9,0.000000
0,0,divide,2614,2619,2624,8,0.000091
0,0,merge,2614,2619,2624,8,0.000001
0,0,divide,2602,2613,2624,7,0.000212
0,0,merge,2602,2613,2624,7,0.000001
0,0,divide,2579,2601,2624,6,0.000448
0,0,merge,2579,2601,2624,6,0.000002
0,0,divide,2532,2532,2533,11,0.000000
0,0,merge,2532,2532,2533,11,0.000000
0,0,divide,2532,2533,2534,10,0.000012
0,0,merge,2532,2533,2534,10,0.000000
0,0,divide,2535,2535,2536,11,0.000000
0,0,merge,2535,2535,2536,11,0.000000
0,0,divide,2535,2536,2537,10,0.000010
0,0,merge,2535,2536,2537,10,0.000000
0,0,divide,2532,2534,2537,9,0.000042
0,0,merge,2532,2534,2537,9,0.000000
0,0,divide,2538,2538,2539,11,0.000000
0,0,merge,2538,2538,2539,11,0.000000
0,0,divide,2538,2539,2540,10,0.000012
0,0,merge,2538,2539,2540,10,0.000000
0,0,divide,2541,2541,2542,11,0.000000
0,0,merge,2541,2541,2542,11,0.000000
0,0,divide,2541,2542,2543,10,0.000010
0,0,merge,2541,2542,2543,10,0.000000
0,0,divide,2538,2540,2543,9,0.000042
0,0,merge,2538,2540,2543,9,0.000000
0,0,divide,2532,2537,2543,8,0.000100
0,0,merge,2532,2537,2543,8,0.000000
0,0,divide,2544,2544,2545,11,0.000000
0,0,merge,2544,2544,2545,11,0.000000
0,0,divide,2544,2545,2546,10,0.000011
0,0,merge,2544,2545,2546,10,0.000000
0,0,divide,2547,2547,2548,11,0.000000
0,0,merge,2547,2547,2548,11,0.000000
0,0,divide,2547,2548,2549,10,0.000009
0,0,merge,2547,2548,2549,10,0.000000
0,0,divide,2544,2546,2549,9,0.000040
0,0,merge,2544,2546,2549,9,0.000000
0,0,divide,2550,2550,2551,11,0.000000
0,0,merge,2550,2550,2551,11,0.000000
0,0,divide,2550,2551,2552,10,0.000010
0,0,merge,2550,2551,2552,10,0.000000
0,0,divide,2553,2553,2554,11,0.000000
0,0,merge,2553,2553,2554,11,0.000002
0,0,divide,2553,2554,2555,10,0.002083
0,0,merge,2553,2554,2555,10,0.000000
0,0,divide,2550,2552,2555,9,0.002114
0,0,merge,2550,2552,2555,9,0.000001
0,0,divide,2544,2549,2555,8,0.002176
0,0,merge,2544,2549,2555,8,0.000001
0,0,divide,2532,2543,2555,7,0.002308
0,0,merge,2532,2543,2555,7,0.000001
0,0,divide,2556,2556,2557,11,0.000000
0,0,merge,2556,2556,2557,11,0.000000
0,0,divide,2556,2557,2558,10,0.000009
0,0,merge,2556,2557,2558,10,0.000000
0,0,divide,2559,2559,2560,11,0.000000
0,0,merge,2559,2559,2560,11,0.000000
0,0,divide,2559,2560,2561,10,0.000011
0,0,merge,2559,2560,2561,10,0.000000
0,0,divide,2556,2558,2561,9,0.000044
0,0,merge,2556,2558,2561,9,0.000000
0,0,divide,2562,2562,2563,11,0.000000
0,0,merge,2562,2562,2563,11,0.000000
0,0,divide,2562,2563,2564,10,0.000010
0,0,merge,2562,2563,2564,10,0.000000
0,0,divide,2565,2565,2566,11,0.000000
0,0,merge,2565,2565,2566,11,0.000000
0,0,divide,2565,2566,2567,10,0.000009
0,0,merge,2565,2566,2567,10,0.000000
0,0,divide,2562,2564,2567,9,0.000038
0,0,merge,2562,2564,2567,9,0.000000
0,0,divide,2556,2561,2567,8,0.000103
0,0,merge,2556,2561,2567,8,0.000000
0,0,divide,2568,2568,2569,11,0.000000
0,0,merge,2568,2568,2569,11,0.000000
0,0,divide,2568,2569,2570,10,0.000009
0,0,merge,2568,2569,2570,10,0.000000
0,0,divide,2571,2571,2572,11,0.000000
0,0,merge,2571,2571,2572,11,0.000000
0,0,divide,2571,2572,2573,10,0.000009
0,0,merge,2571,2572,2573,10,0.000000
0,0,divide,2568,2570,2573,9,0.000041
0,0,merge,2568,2570,2573,9,0.000000
0,0,divide,2574,2574,2575,11,0.000000
0,0,merge,2574,2574,2575,11,0.000000
0,0,divide,2574,2575,2576,10,0.000012
0,0,merge,2574,2575,2576,10,0.000000
0,0,divide,2577,2577,2578,10,0.000000
0,0,merge,2577,2577,2578,10,0.000000
0,0,divide,2574,2576,2578,9,0.000033
0,0,merge,2574,2576,2578,9,0.000000
0,0,divide,2568,2573,2578,8,0.000092
0,0,merge,2568,2573,2578,8,0.000001
0,0,divide,2556,2567,2578,7,0.000216
0,0,merge,2556,2567,2578,7,0.000001
0,0,divide,2532,2555,2578,6,0.002549
0,0,merge,2532,2555,2578,6,0.000002
0,0,divide,2532,2578,2624,5,0.003019
0,0,merge,2532,2578,2624,5,0.000005
0,0,divide,2485,2485,2486,11,0.000000
0,0,merge,2485,2485,2486,11,0.000000
0,0,divide,2485,2486,2487,10,0.000009
0,0,merge,2485,2486,2487,10,0.000000
0,0,divide,2488,2488,2489,11,0.000000
0,0,merge,2488,2488,2489,11,0.000000
0,0,divide,2488,2489,2490,10,0.000011
0,0,merge,2488,2489,2490,10,0.000000
0,0,divide,2485,2487,2490,9,0.000037
0,0,merge,2485,2487,2490,9,0.000000
0,0,divide,2491,2491,2492,11,0.000000
0,0,merge,2491,2491,2492,11,0.000000
0,0,divide,2491,2492,2493,10,0.000009
0,0,merge,2491,2492,2493,10,0.000000
0,0,divide,2494,2494,2495,11,0.000000
0,0,merge,2494,2494,2495,11,0.000000
0,0,divide,2494,2495,2496,10,0.000010
0,0,merge,2494,2495,2496,10,0.000000
0,0,divide,2491,2493,2496,9,0.000039
0,0,merge,2491,2493,2496,9,0.000000
0,0,divide,2485,2490,2496,8,0.000103
0,0,merge,2485,2490,2496,8,0.000001
0,0,divide,2497,2497,2498,11,0.000000
0,0,merge,2497,2497,2498,11,0.000000
0,0,divide,2497,2498,2499,10,0.000009
0,0,merge,2497,2498,2499,10,0.000000
0,0,divide,2500,2500,2501,11,0.000000
0,0,merge,2500,2500,2501,11,0.000000
0,0,divide,2500,2501,2502,10,0.000011
0,0,merge,2500,2501,2502,10,0.000000
0,0,divide,2497,2499,2502,9,0.000040
0,0,merge,2497,2499,2502,9,0.000000
0,0,divide,2503,2503,2504,11,0.000000
0,0,merge,2503,2503,2504,11,0.000000
0,0,divide,2503,2504,2505,10,0.000009
0,0,merge,2503,2504,2505,10,0.000000
0,0,divide,2506,2506,2507,11,0.000000
0,0,merge,2506,2506,2507,11,0.000000
0,0,divide,2506,2507,2508,10,0.000012
0,0,merge,2506,2507,2508,10,0.000000
0,0,divide,2503,2505,2508,9,0.000038
0,0,merge,2503,2505,2508,9,0.000000
0,0,divide,2497,2502,2508,8,0.000099
0,0,merge,2497,2502,2508,8,0.000000
0,0,divide,2485,2496,2508,7,0.000224
0,0,merge,2485,2496,2508,7,0.000001
0,0,divide,2509,2509,2510,11,0.000000
0,0,merge,2509,2509,2510,11,0.000000
0,0,divide,2509,2510,2511,10,0.000012
0,0,merge,2509,2510,2511,10,0.000000
0,0,divide,2512,2512,2513,11,0.000000
0,0,merge,2512,2512,2513,11,0.000000
0,0,divide,2512,2513,2514,10,0.000009
0,0,merge,2512,2513,2514,10,0.000000
0,0,divide,2509,2511,2514,9,0.000041
0,0,merge,2509,2511,2514,9,0.000000
0,0,divide,2515,2515,2516,11,0.000000
0,0,merge,2515,2515,2516,11,0.000000
0,0,divide,2515,2516,2517,10,0.000009
0,0,merge,2515,2516,2517,10,0.000000
0,0,divide,2518,2518,2519,11,0.000000
0,0,merge,2518,2518,2519,11,0.000000
0,0,divide,2518,2519,2520,10,0.000011
0,0,merge,2518,2519,2520,10,0.000000
0,0,divide,2515,2517,2520,9,0.000048
0,0,merge,2515,2517,2520,9,0.000000
0,0,divide,2509,2514,2520,8,0.000109
0,0,merge,2509,2514,2520,8,0.000001
0,0,divide,2521,2521,2522,11,0.000000
0,0,merge,2521,2521,2522,11,0.000000
0,0,divide,2521,2522,2523,10,0.000010
0,0,merge,2521,2522,2523,10,0.000000
0,0,divide,2524,2524,2525,11,0.000000
0,0,merge,2524,2524,2525,11,0.000000
0,0,divide,2524,2525,2526,10,0.000009
0,0,merge,2524,2525,2526,10,0.000000
0,0,divide,2521,2523,2526,9,0.000039
0,0,merge,2521,2523,2526,9,0.000000
0,0,divide,2527,2527,2528,11,0.000000
0,0,merge,2527,2527,2528,11,0.000000
0,0,divide,2527,2528,2529,10,0.000009
0,0,merge,2527,2528,2529,10,0.000000
0,0,divide,2530,2530,2531,10,0.000000
0,0,merge,2530,2530,2531,10,0.000000
0,0,divide,2527,2529,2531,9,0.000029
0,0,merge,2527,2529,2531,9,0.000000
0,0,divide,2521,2526,2531,8,0.000088
0,0,merge,2521,2526,2531,8,0.000001
0,0,divide,2509,2520,2531,7,0.000218
0,0,merge,2509,2520,2531,7,0.000001
0,0,divide,2485,2508,2531,6,0.000460
0,0,merge,2485,2508,2531,6,0.000002
0,0,divide,2438,2438,2439,11,0.000000
0,0,merge,2438,2438,2439,11,0.000001
0,0,divide,2438,2439,2440,10,0.000014
0,0,merge,2438,2439,2440,10,0.000000
0,0,divide,2441,2441,2442,11,0.000000
0,0,merge,2441,2441,2442,11,0.000000
0,0,divide,2441,2442,2443,10,0.000009
0,0,merge,2441,2442,2443,10,0.000000
0,0,divide,2438,2440,2443,9,0.000043
0,0,merge,2438,2440,2443,9,0.000000
0,0,divide,2444,2444,2445,11,0.000000
0,0,merge,2444,2444,2445,11,0.000000
0,0,divide,2444,2445,2446,10,0.000009
0,0,merge,2444,2445,2446,10,0.000000
0,0,divide,2447,2447,2448,11,0.000000
0,0,merge,2447,2447,2448,11,0.000000
0,0,divide,2447,2448,2449,10,0.000009
0,0,merge,2447,2448,2449,10,0.000000
0,0,divide,2444,2446,2449,9,0.000038
0,0,merge,2444,2446,2449,9,0.000000
0,0,divide,2438,2443,2449,8,0.000101
0,0,merge,2438,2443,2449,8,0.000000
0,0,divide,2450,2450,2451,11,0.000000
0,0,merge,2450,2450,2451,11,0.000000
0,0,divide,2450,2451,2452,10,0.000009
0,0,merge,2450,2451,2452,10,0.000000
0,0,divide,2453,2453,2454,11,0.000000
0,0,merge,2453,2453,2454,11,0.000001
0,0,divide,2453,2454,2455,10,0.000159
0,0,merge,2453,2454,2455,10,0.000000
0,0,divide,2450,2452,2455,9,0.000189
0,0,merge,2450,2452,2455,9,0.000000
0,0,divide,2456,2456,2457,11,0.000000
0,0,merge,2456,2456,2457,11,0.000000
0,0,divide,2456,2457,2458,10,0.000010
0,0,merge,2456,2457,2458,10,0.000000
0,0,divide,2459,2459,2460,11,0.000000
0,0,merge,2459,2459,2460,11,0.000000
0,0,divide,2459,2460,2461,10,0.000008
0,0,merge,2459,2460,2461,10,0.000000
0,0,divide,2456,2458,2461,9,0.000039
0,0,merge,2456,2458,2461,9,0.000000
0,0,divide,2450,2455,2461,8,0.000245
0,0,merge,2450,2455,2461,8,0.000001
0,0,divide,2438,2449,2461,7,0.000367
0,0,merge,2438,2449,2461,7,0.000001
0,0,divide,2462,2462,2463,11,0.000000
0,0,merge,2462,2462,2463,11,0.000000
0,0,divide,2462,2463,2464,10,0.000008
0,0,merge,2462,2463,2464,10,0.000000
0,0,divide,2465,2465,2466,11,0.000000
0,0,merge,2465,2465,2466,11,0.000000
0,0,divide,2465,2466,2467,10,0.000009
0,0,merge,2465,2466,2467,10,0.000000
0,0,divide,2462,2464,2467,9,0.000038
0,0,merge,2462,2464,2467,9,0.000000
0,0,divide,2468,2468,2469,11,0.000000
0,0,merge,2468,2468,2469,11,0.000000
0,0,divide,2468,2469,2470,10,0.000008
0,0,merge,2468,2469,2470,10,0.000000
0,0,divide,2471,2471,2472,11,0.000000
0,0,merge,2471,2471,2472,11,0.000000
0,0,divide,2471,2472,2473,10,0.000011
0,0,merge,2471,2472,2473,10,0.000000
0,0,divide,2468,2470,2473,9,0.000036
0,0,merge,2468,2470,2473,9,0.000000
0,0,divide,2462,2467,2473,8,0.000092
0,0,merge,2462,2467,2473,8,0.000001
0,0,divide,2474,2474,2475,11,0.000000
0,0,merge,2474,2474,2475,11,0.000000
0,0,divide,2474,2475,2476,10,0.000009
0,0,merge,2474,2475,2476,10,0.000000
0,0,divide,2477,2477,2478,11,0.000000
0,0,merge,2477,2477,2478,11,0.000000
0,0,divide,2477,2478,2479,10,0.000010
0,0,merge,2477,2478,2479,10,0.000000
0,0,divide,2474,2476,2479,9,0.000037
0,0,merge,2474,2476,2479,9,0.000000
0,0,divide,2480,2480,2481,11,0.000000
0,0,merge,2480,2480,2481,11,0.000000
0,0,divide,2480,2481,2482,10,0.000008
0,0,merge,2480,2481,2482,10,0.000000
0,0,divide,2483,2483,2484,10,0.000000
0,0,merge,2483,2483,2484,10,0.000000
0,0,divide,2480,2482,2484,9,0.000029
0,0,merge,2480,2482,2484,9,0.000000
0,0,divide,2474,2479,2484,8,0.000087
0,0,merge,2474,2479,2484,8,0.000000
0,0,divide,2462,2473,2484,7,0.000201
0,0,merge,2462,2473,2484,7,0.000001
0,0,divide,2438,2461,2484,6,0.000588
0,0,merge,2438,2461,2484,6,0.000002
0,0,divide,2438,2484,2531,5,0.001069
0,0,merge,2438,2484,2531,5,0.000004
0,0,divide,2438,2531,2624,4,0.004118
0,0,merge,2438,2531,2624,4,0.000007
0,0,divide,2391,2391,2392,11,0.000000
0,0,merge,2391,2391,2392,11,0.000000
0,0,divide,2391,2392,2393,10,0.000011
0,0,merge,2391,2392,2393,10,0.000000
0,0,divide,2394,2394,2395,11,0.000000
0,0,merge,2394,2394,2395,11,0.000000
0,0,divide,2394,2395,2396,10,0.000008
0,0,merge,2394,2395,2396,10,0.000000
0,0,divide,2391,2393,2396,9,0.000041
0,0,merge,2391,2393,2396,9,0.000000
0,0,divide,2397,2397,2398,11,0.000000
0,0,merge,2397,2397,2398,11,0.000000
0,0,divide,2397,2398,2399,10,0.000014
0,0,merge,2397,2398,2399,10,0.000000
0,0,divide,2400,2400,2401,11,0.000000
0,0,merge,2400,2400,2401,11,0.000000
0,0,divide,2400,2401,2402,10,0.000010
0,0,merge,2400,2401,2402,10,0.000000
0,0,divide,2397,2399,2402,9,0.000043
0,0,merge,2397,2399,2402,9,0.000000
0,0,divide,2391,2396,2402,8,0.000101
0,0,merge,2391,2396,2402,8,0.000000
0,0,divide,2403,2403,2404,11,0.000000
0,0,merge,2403,2403,2404,11,0.000000
0,0,divide,2403,2404,2405,10,0.000012
0,0,merge,2403,2404,2405,10,0.000000
0,0,divide,2406,2406,2407,11,0.000000
0,0,merge,2406,2406,2407,11,0.000000
0,0,divide,2406,2407,2408,10,0.000008
0,0,merge,2406,2407,2408,10,0.000000
0,0,divide,2403,2405,2408,9,0.000038
0,0,merge,2403,2405,2408,9,0.000000
0,0,divide,2409,2409,2410,11,0.000000
0,0,merge,2409,2409,2410,11,0.000000
0,0,divide,2409,2410,2411,10,0.000010
0,0,merge,2409,2410,2411,10,0.000000
0,0,divide,2412,2412,2413,11,0.000000
0,0,merge,2412,2412,2413,11,0.000000
0,0,divide,2412,2413,2414,10,0.000008
0,0,merge,2412,2413,2414,10,0.000000
0,0,divide,2409,2411,2414,9,0.000039
0,0,merge,2409,2411,2414,9,0.000000
0,0,divide,2403,2408,2414,8,0.000096
0,0,merge,2403,2408,2414,8,0.000001
0,0,divide,2391,2402,2414,7,0.000216
0,0,merge,2391,2402,2414,7,0.000001
0,0,divide,2415,2415,2416,11,0.000000
0,0,merge,2415,2415,2416,11,0.000000
0,0,divide,2415,2416,2417,10,0.000010
0,0,merge,2415,2416,2417,10,0.000000
0,0,divide,2418,2418,2419,11,0.000000
0,0,merge,2418,2418,2419,11,0.000000
0,0,divide,2418,2419,2420,10,0.000010
0,0,merge,2418,2419,2420,10,0.000000
0,0,divide,2415,2417,2420,9,0.000040
0,0,merge,2415,2417,2420,9,0.000000
0,0,divide,2421,2421,2422,11,0.000000
0,0,merge,2421,2421,2422,11,0.000000
0,0,divide,2421,2422,2423,10,0.000008
0,0,merge,2421,2422,2423,10,0.000000
0,0,divide,2424,2424,2425,11,0.000000
0,0,merge,2424,2424,2425,11,0.000000
0,0,divide,2424,2425,2426,10,0.000009
0,0,merge,2424,2425,2426,10,0.000000
0,0,divide,2421,2423,2426,9,0.000037
0,0,merge,2421,2423,2426,9,0.000000
0,0,divide,2415,2420,2426,8,0.000095
0,0,merge,2415,2420,2426,8,0.000000
0,0,divide,2427,2427,2428,11,0.000000
0,0,merge,2427,2427,2428,11,0.000000
0,0,divide,2427,2428,2429,10,0.000008
0,0,merge,2427,2428,2429,10,0.000000
0,0,divide,2430,2430,2431,11,0.000000
0,0,merge,2430,2430,2431,11,0.000000
0,0,divide,2430,2431,2432,10,0.000011
0,0,merge,2430,2431,2432,10,0.000000
0,0,divide,2427,2429,2432,9,0.000037
0,0,merge,2427,2429,2432,9,0.000000
0,0,divide,2433,2433,2434,11,0.000000
0,0,merge,2433,2433,2434,11,0.000000
0,0,divide,2433,2434,2435,10,0.000010
0,0,merge,2433,2434,2435,10,0.000000
0,0,divide,2436,2436,2437,10,0.000000
0,0,merge,2436,2436,2437,10,0.000000
0,0,divide,2433,2435,2437,9,0.001286
0,0,merge,2433,2435,2437,9,0.000001
0,0,divide,2427,2432,2437,8,0.001343
0,0,merge,2427,2432,2437,8,0.000001
0,0,divide,2415,2426,2437,7,0.001458
0,0,merge,2415,2426,2437,7,0.000001
0,0,divide,2391,2414,2437,6,0.001693
0,0,merge,2391,2414,2437,6,0.000002
0,0,divide,2344,2344,2345,11,0.000000
0,0,merge,2344,2344,2345,11,0.000000
0,0,divide,2344,2345,2346,10,0.000009
0,0,merge,2344,2345,2346,10,0.000000
0,0,divide,2347,2347,2348,11,0.000000
0,0,merge,2347,2347,2348,11,0.000000
0,0,divide,2347,2348,2349,10,0.000011
0,0,merge,2347,2348,2349,10,0.000000
0,0,divide,2344,2346,2349,9,0.000040
0,0,merge,2344,2346,2349,9,0.000001
0,0,divide,2350,2350,2351,11,0.000000
0,0,merge,2350,2350,2351,11,0.000000
0,0,divide,2350,2351,2352,10,0.000010
0,0,merge,2350,2351,2352,10,0.000000
0,0,divide,2353,2353,2354,11,0.000000
0,0,merge,2353,2353,2354,11,0.000000
0,0,divide,2353,2354,2355,10,0.000008
0,0,merge,2353,2354,2355,10,0.000000
0,0,divide,2350,2352,2355,9,0.000035
0,0,merge,2350,2352,2355,9,0.000000
0,0,divide,2344,2349,2355,8,0.000135
0,0,merge,2344,2349,2355,8,0.000001
0,0,divide,2356,2356,2357,11,0.000000
0,0,merge,2356,2356,2357,11,0.000000
0,0,divide,2356,2357,2358,10,0.000008
0,0,merge,2356,2357,2358,10,0.000000
0,0,divide,2359,2359,2360,11,0.000000
0,0,merge,2359,2359,2360,11,0.000000
0,0,divide,2359,2360,2361,10,0.000010
0,0,merge,2359,2360,2361,10,0.000000
0,0,divide,2356,2358,2361,9,0.000036
0,0,merge,2356,2358,2361,9,0.000000
0,0,divide,2362,2362,2363,11,0.000000
0,0,merge,2362,2362,2363,11,0.000000
0,0,divide,2362,2363,2364,10,0.000009
0,0,merge,2362,2363,2364,10,0.000000
0,0,divide,2365,2365,2366,11,0.000000
0,0,merge,2365,2365,2366,11,0.000000
0,0,divide,2365,2366,2367,10,0.000011
0,0,merge,2365,2366,2367,10,0.000000
0,0,divide,2362,2364,2367,9,0.000037
0,0,merge,2362,2364,2367,9,0.000000
0,0,divide,2356,2361,2367,8,0.000092
0,0,merge,2356,2361,2367,8,0.000000
0,0,divide,2344,2355,2367,7,0.000248
0,0,merge,2344,2355,2367,7,0.000001
0,0,divide,2368,2368,2369,11,0.000000
0,0,merge,2368,2368,2369,11,0.000000
0,0,divide,2368,2369,2370,10,0.000008
0,0,merge,2368,2369,2370,10,0.000000
0,0,divide,2371,2371,2372,11,0.000000
0,0,merge,2371,2371,2372,11,0.000000
0,0,divide,2371,2372,2373,10,0.000010
0,0,merge,2371,2372,2373,10,0.000000
0,0,divide,2368,2370,2373,9,0.000036
0,0,merge,2368,2370,2373,9,0.000000
0,0,divide,2374,2374,2375,11,0.000000
0,0,merge,2374,2374,2375,11,0.000000
0,0,divide,2374,2375,2376,10,0.000008
0,0,merge,2374,2375,2376,10,0.000000
0,0,divide,2377,2377,2378,11,0.000000
0,0,merge,2377,2377,2378,11,0.000000
0,0,divide,2377,2378,2379,10,0.000010
0,0,merge,2377,2378,2379,10,0.000000
0,0,divide,2374,2376,2379,9,0.000037
0,0,merge,2374,2376,2379,9,0.000000
0,0,divide,2368,2373,2379,8,0.000092
0,0,merge,2368,2373,2379,8,0.000001
0,0,divide,2380,2380,2381,11,0.000000
0,0,merge,2380,2380,2381,11,0.000000
0,0,divide,2380,2381,2382,10,0.000009
0,0,merge,2380,2381,2382,10,0.000000
0,0,divide,2383,2383,2384,11,0.000000
0,0,merge,2383,2383,2384,11,0.000000
0,0,divide,2383,2384,2385,10,0.000012
0,0,merge,2383,2384,2385,10,0.000000
0,0,divide,2380,2382,2385,9,0.000037
0,0,merge,2380,2382,2385,9,0.000000
0,0,divide,2386,2386,2387,11,0.000000
0,0,merge,2386,2386,2387,11,0.000000
0,0,divide,2386,2387,2388,10,0.000009
0,0,merge,2386,2387,2388,10,0.000000
0,0,divide,2389,2389,2390,10,0.000000
0,0,merge,2389,2389,2390,10,0.000000
0,0,divide,2386,2388,2390,9,0.000026
0,0,merge,2386,2388,2390,9,0.000000
0,0,divide,2380,2385,2390,8,0.000085
0,0,merge,2380,2385,2390,8,0.000001
0,0,divide,2368,2379,2390,7,0.000196
0,0,merge,2368,2379,2390,7,0.000001
0,0,divide,2344,2367,2390,6,0.000463
0,0,merge,2344,2367,2390,6,0.000002
0,0,divide,2344,2390,2437,5,0.002188
0,0,merge,2344,2390,2437,5,0.000003
0,0,divide,2297,2297,2298,11,0.000000
0,0,merge,2297,2297,2298,11,0.000000
0,0,divide,2297,2298,2299,10,0.000012
0,0,merge,2297,2298,2299,10,0.000000
0,0,divide,2300,2300,2301,11,0.000000
0,0,merge,2300,2300,2301,11,0.000000
0,0,divide,2300,2301,2302,10,0.000008
0,0,merge,2300,2301,2302,10,0.000000
0,0,divide,2297,2299,2302,9,0.000040
0,0,merge,2297,2299,2302,9,0.000000
0,0,divide,2303,2303,2304,11,0.000000
0,0,merge,2303,2303,2304,11,0.000000
0,0,divide,2303,2304,2305,10,0.000008
0,0,merge,2303,2304,2305,10,0.000000
0,0,divide,2306,2306,2307,11,0.000000
0,0,merge,2306,2306,2307,11,0.000000
0,0,divide,2306,2307,2308,10,0.000014
0,0,merge,2306,2307,2308,10,0.000000
0,0,divide,2303,2305,2308,9,0.000045
0,0,merge,2303,2305,2308,9,0.000000
0,0,divide,2297,2302,2308,8,0.000103
0,0,merge,2297,2302,2308,8,0.000000
0,0,divide,2309,2309,2310,11,0.000000
0,0,merge,2309,2309,2310,11,0.000000
0,0,divide,2309,2310,2311,10,0.000011
0,0,merge,2309,2310,2311,10,0.000000
0,0,divide,2312,2312,2313,11,0.000000
0,0,merge,2312,2312,2313,11,0.000000
0,0,divide,2312,2313,2314,10,0.000008
0,0,merge,2312,2313,2314,10,0.000000
0,0,divide,2309,2311,2314,9,0.000038
0,0,merge,2309,2311,2314,9,0.000000
0,0,divide,2315,2315,2316,11,0.000000
0,0,merge,2315,2315,2316,11,0.000000
0,0,divide,2315,2316,2317,10,0.000008
0,0,merge,2315,2316,2317,10,0.000000
0,0,divide,2318,2318,2319,11,0.000000
0,0,merge,2318,2318,2319,11,0.000000
0,0,divide,2318,2319,2320,10,0.000011
0,0,merge,2318,2319,2320,10,0.000000
0,0,divide,2315,2317,2320,9,0.000036
0,0,merge,2315,2317,2320,9,0.000000
0,0,divide,2309,2314,2320,8,0.000093
0,0,merge,2309,2314,2320,8,0.000001
0,0,divide,2297,2308,2320,7,0.000215
0,0,merge,2297,2308,2320,7,0.000001
0,0,divide,2321,2321,2322,11,0.000000
0,0,merge,2321,2321,2322,11,0.000000
0,0,divide,2321,2322,2323,10,0.000011
0,0,merge,2321,2322,2323,10,0.000000
0,0,divide,2324,2324,2325,11,0.000000
0,0,merge,2324,2324,2325,11,0.000000
0,0,divide,2324,2325,2326,10,0.000008
0,0,merge,2324,2325,2326,10,0.000000
0,0,divide,2321,2323,2326,9,0.000039
0,0,merge,2321,2323,2326,9,0.000000
0,0,divide,2327,2327,2328,11,0.000000
0,0,merge,2327,2327,2328,11,0.000000
0,0,divide,2327,2328,2329,10,0.000013
0,0,merge,2327,2328,2329,10,0.000000
0,0,divide,2330,2330,2331,11,0.000000
0,0,merge,2330,2330,2331,11,0.000000
0,0,divide,2330,2331,2332,10,0.000008
0,0,merge,2330,2331,2332,10,0.000000
0,0,divide,2327,2329,2332,9,0.000050
0,0,merge,2327,2329,2332,9,0.000000
0,0,divide,2321,2326,2332,8,0.000107
0,0,merge,2321,2326,2332,8,0.000000
0,0,divide,2333,2333,2334,11,0.000000
0,0,merge,2333,2333,2334,11,0.000000
0,0,divide,2333,2334,2335,10,0.000009
0,0,merge,2333,2334,2335,10,0.000000
0,0,divide,2336,2336,2337,11,0.000000
0,0,merge,2336,2336,2337,11,0.000000
0,0,divide,2336,2337,2338,10,0.000018
0,0,merge,2336,2337,2338,10,0.000000
0,0,divide,2333,2335,2338,9,0.000045
0,0,merge,2333,2335,2338,9,0.000000
0,0,divide,2339,2339,2340,11,0.000000
0,0,merge,2339,2339,2340,11,0.000000
0,0,divide,2339,2340,2341,10,0.000009
0,0,merge,2339,2340,2341,10,0.000000
0,0,divide,2342,2342,2343,10,0.000000
0,0,merge,2342,2342,2343,10,0.000000
0,0,divide,2339,2341,2343,9,0.000028
0,0,merge,2339,2341,2343,9,0.000000
0,0,divide,2333,2338,2343,8,0.000093
0,0,merge,2333,2338,2343,8,0.000000
0,0,divide,2321,2332,2343,7,0.000224
0,0,merge,2321,2332,2343,7,0.000001
0,0,divide,2297,2320,2343,6,0.000457
0,0,merge,2297,2320,2343,6,0.000002
0,0,divide,2250,2250,2251,11,0.000000
0,0,merge,2250,2250,2251,11,0.000000
0,0,divide,2250,2251,2252,10,0.000009
0,0,merge,2250,2251,2252,10,0.000000
0,0,divide,2253,2253,2254,11,0.000000
0,0,merge,2253,2253,2254,11,0.000000
0,0,divide,2253,2254,2255,10,0.000009
0,0,merge,2253,2254,2255,10,0.000000
0,0,divide,2250,2252,2255,9,0.000040
0,0,merge,2250,2252,2255,9,0.000000
0,0,divide,2256,2256,2257,11,0.000000
0,0,merge,2256,2256,2257,11,0.000002
0,0,divide,2256,2257,2258,10,0.001782
0,0,merge,2256,2257,2258,10,0.000000
0,0,divide,2259,2259,2260,11,0.000000
0,0,merge,2259,2259,2260,11,0.000000
0,0,divide,2259,2260,2261,10,0.000011
0,0,merge,2259,2260,2261,10,0.000000
0,0,divide,2256,2258,2261,9,0.001825
0,0,merge,2256,2258,2261,9,0.000000
0,0,divide,2250,2255,2261,8,0.001882
0,0,merge,2250,2255,2261,8,0.000001
0,0,divide,2262,2262,2263,11,0.000000
0,0,merge,2262,2262,2263,11,0.000000
0,0,divide,2262,2263,2264,10,0.000011
0,0,merge,2262,2263,2264,10,0.000000
0,0,divide,2265,2265,2266,11,0.000000
0,0,merge,2265,2265,2266,11,0.000000
0,0,divide,2265,2266,2267,10,0.000010
0,0,merge,2265,2266,2267,10,0.000000
0,0,divide,2262,2264,2267,9,0.000039
0,0,merge,2262,2264,2267,9,0.000000
0,0,divide,2268,2268,2269,11,0.000000
0,0,merge,2268,2268,2269,11,0.000000
0,0,divide,2268,2269,2270,10,0.000018
0,0,merge,2268,2269,2270,10,0.000000
0,0,divide,2271,2271,2272,11,0.000000
0,0,merge,2271,2271,2272,11,0.000000
0,0,divide,2271,2272,2273,10,0.000008
0,0,merge,2271,2272,2273,10,0.000000
0,0,divide,2268,2270,2273,9,0.000045
0,0,merge,2268,2270,2273,9,0.000000
0,0,divide,2262,2267,2273,8,0.000102
0,0,merge,2262,2267,2273,8,0.000000
0,0,divide,2250,2261,2273,7,0.002005
0,0,merge,2250,2261,2273,7,0.000001
0,0,divide,2274,2274,2275,11,0.000000
0,0,merge,2274,2274,2275,11,0.000000
0,0,divide,2274,2275,2276,10,0.000009
0,0,merge,2274,2275,2276,10,0.000000
0,0,divide,2277,2277,2278,11,0.000000
0,0,merge,2277,2277,2278,11,0.000000
0,0,divide,2277,2278,2279,10,0.000011
0,0,merge,2277,2278,2279,10,0.000000
0,0,divide,2274,2276,2279,9,0.000037
0,0,merge,2274,2276,2279,9,0.000000
0,0,divide,2280,2280,2281,11,0.000000
0,0,merge,2280,2280,2281,11,0.000000
0,0,divide,2280,2281,2282,10,0.000012
0,0,merge,2280,2281,2282,10,0.000000
0,0,divide,2283,2283,2284,11,0.000000
0,0,merge,2283,2283,2284,11,0.000000
0,0,divide,2283,2284,2285,10,0.000010
0,0,merge,2283,2284,2285,10,0.000000
0,0,divide,2280,2282,2285,9,0.000040
0,0,merge,2280,2282,2285,9,0.000000
0,0,divide,2274,2279,2285,8,0.000093
0,0,merge,2274,2279,2285,8,0.000001
0,0,divide,2286,2286,2287,11,0.000000
0,0,merge,2286,2286,2287,11,0.000000
0,0,divide,2286,2287,2288,10,0.000009
0,0,merge,2286,2287,2288,10,0.000000
0,0,divide,2289,2289,2290,11,0.000000
0,0,merge,2289,2289,2290,11,0.000000
0,0,divide,2289,2290,2291,10,0.000010
0,0,merge,2289,2290,2291,10,0.000000
0,0,divide,2286,2288,2291,9,0.000035
0,0,merge,2286,2288,2291,9,0.000000
0,0,divide,2292,2292,2293,11,0.000000
0,0,merge,2292,2292,2293,11,0.000000
0,0,divide,2292,2293,2294,10,0.000010
0,0,merge,2292,2293,2294,10,0.000000
0,0,divide,2295,2295,2296,10,0.000000
0,0,merge,2295,2295,2296,10,0.000000
0,0,divide,2292,2294,2296,9,0.000030
0,0,merge,2292,2294,2296,9,0.000000
0,0,divide,2286,2291,2296,8,0.000085
0,0,merge,2286,2291,2296,8,0.000001
0,0,divide,2274,2285,2296,7,0.000200
0,0,merge,2274,2285,2296,7,0.000001
0,0,divide,2250,2273,2296,6,0.002225
0,0,merge,2250,2273,2296,6,0.000002
0,0,divide,2250,2296,2343,5,0.002702
0,0,merge,2250,2296,2343,5,0.000005
0,0,divide,2250,2343,2437,4,0.004918
0,0,merge,2250,2343,2437,4,0.000007
0,0,divide,2250,2437,2624,3,0.009068
0,0,merge,2250,2437,2624,3,0.000013
0,0,divide,2250,2624,2999,2,0.019866
0,0,merge,2250,2624,2999,2,0.000038
0,0,divide,2204,2204,2205,11,0.000000
0,0,merge,2204,2204,2205,11,0.000000
0,0,divide,2204,2205,2206,10,0.000011
0,0,merge,2204,2205,2206,10,0.000000
0,0,divide,2207,2207,2208,11,0.000000
0,0,merge,2207,2207,2208,11,0.000000
0,0,divide,2207,2208,2209,10,0.000008
0,0,merge,2207,2208,2209,10,0.000000
0,0,divide,2204,2206,2209,9,0.000037
0,0,merge,2204,2206,2209,9,0.000000
0,0,divide,2210,2210,2211,11,0.000000
0,0,merge,2210,2210,2211,11,0.000000
0,0,divide,2210,2211,2212,10,0.000008
0,0,merge,2210,2211,2212,10,0.000000
0,0,divide,2213,2213,2214,11,0.000000
0,0,merge,2213,2213,2214,11,0.000000
0,0,divide,2213,2214,2215,10,0.000009
0,0,merge,2213,2214,2215,10,0.000000
0,0,divide,2210,2212,2215,9,0.000035
0,0,merge,2210,2212,2215,9,0.000000
0,0,divide,2204,2209,2215,8,0.000095
0,0,merge,2204,2209,2215,8,0.000001
0,0,divide,2216,2216,2217,11,0.000000
0,0,merge,2216,2216,2217,11,0.000000
0,0,divide,2216,2217,2218,10,0.000012
0,0,merge,2216,2217,2218,10,0.000000
0,0,divide,2219,2219,2220,11,0.000000
0,0,merge,2219,2219,2220,11,0.000000
0,0,divide,2219,2220,2221,10,0.000012
0,0,merge,2219,2220,2221,10,0.000000
0,0,divide,2216,2218,2221,9,0.000040
0,0,merge,2216,2218,2221,9,0.000000
0,0,divide,2222,2222,2223,11,0.000000
0,0,merge,2222,2222,2223,11,0.000000
0,0,divide,2222,2223,2224,10,0.000009
0,0,merge,2222,2223,2224,10,0.000000
0,0,divide,2225,2225,2226,10,0.000000
0,0,merge,2225,2225,2226,10,0.000000
0,0,divide,2222,2224,2226,9,0.000029
0,0,merge,2222,2224,2226,9,0.000000
0,0,divide,2216,2221,2226,8,0.000088
0,0,merge,2216,2221,2226,8,0.000001
0,0,divide,2204,2215,2226,7,0.000201
0,0,merge,2204,2215,2226,7,0.000001
0,0,divide,2227,2227,2228,11,0.000000
0,0,merge,2227,2227,2228,11,0.000000
0,0,divide,2227,2228,2229,10,0.000009
0,0,merge,2227,2228,2229,10,0.000000
0,0,divide,2230,2230,2231,11,0.000000
0,0,merge,2230,2230,2231,11,0.000000
0,0,divide,2230,2231,2232,10,0.000009
0,0,merge,2230,2231,2232,10,0.000000
0,0,divide,2227,2229,2232,9,0.000035
0,0,merge,2227,2229,2232,9,0.000000
0,0,divide,2233,2233,2234,11,0.000000
0,0,merge,2233,2233,2234,11,0.000000
0,0,divide,2233,2234,2235,10,0.000009
0,0,merge,2233,2234,2235,10,0.000000
0,0,divide,2236,2236,2237,11,0.000000
0,0,merge,2236,2236,2237,11,0.000000
0,0,divide,2236,2237,2238,10,0.000010
0,0,merge,2236,2237,2238,10,0.000000
0,0,divide,2233,2235,2238,9,0.000037
0,0,merge,2233,2235,2238,9,0.000000
0,0,divide,2227,2232,2238,8,0.000091
0,0,merge,2227,2232,2238,8,0.000001
0,0,divide,2239,2239,2240,11,0.000000
0,0,merge,2239,2239,2240,11,0.000000
0,0,divide,2239,2240,2241,10,0.000009
0,0,merge,2239,2240,2241,10,0.000000
0,0,divide,2242,2242,2243,11,0.000000
0,0,merge,2242,2242,2243,11,0.000000
0,0,divide,2242,2243,2244,10,0.000010
0,0,merge,2242,2243,2244,10,0.000000
0,0,divide,2239,2241,2244,9,0.000039
0,0,merge,2239,2241,2244,9,0.000000
0,0,divide,2245,2245,2246,11,0.000000
0,0,merge,2245,2245,2246,11,0.000000
0,0,divide,2245,2246,2247,10,0.000008
0,0,merge,2245,2246,2247,10,0.000000
0,0,divide,2248,2248,2249,10,0.000000
0,0,merge,2248,2248,2249,10,0.000000
0,0,divide,2245,2247,2249,9,0.000028
0,0,merge,2245,2247,2249,9,0.000000
0,0,divide,2239,2244,2249,8,0.000089
0,0,merge,2239,2244,2249,8,0.000001
0,0,divide,2227,2238,2249,7,0.000200
0,0,merge,2227,2238,2249,7,0.000001
0,0,divide,2204,2226,2249,6,0.000429
0,0,merge,2204,2226,2249,6,0.000002
0,0,divide,2157,2157,2158,11,0.000000
0,0,merge,2157,2157,2158,11,0.000000
0,0,divide,2157,2158,2159,10,0.000011
0,0,merge,2157,2158,2159,10,0.000000
0,0,divide,2160,2160,2161,11,0.000000
0,0,merge,2160,2160,2161,11,0.000000
0,0,divide,2160,2161,2162,10,0.000008
0,0,merge,2160,2161,2162,10,0.000000
0,0,divide,2157,2159,2162,9,0.000040
0,0,merge,2157,2159,2162,9,0.000000
0,0,divide,2163,2163,2164,11,0.000000
0,0,merge,2163,2163,2164,11,0.000000
0,0,divide,2163,2164,2165,10,0.000010
0,0,merge,2163,2164,2165,10,0.000001
0,0,divide,2166,2166,2167,11,0.000000
0,0,merge,2166,2166,2167,11,0.000001
0,0,divide,2166,2167,2168,10,0.000051
0,0,merge,2166,2167,2168,10,0.000000
0,0,divide,2163,2165,2168,9,0.000955
0,0,merge,2163,2165,2168,9,0.000000
0,0,divide,2157,2162,2168,8,0.001014
0,0,merge,2157,2162,2168,8,0.000001
0,0,divide,2169,2169,2170,11,0.000000
0,0,merge,2169,2169,2170,11,0.000000
0,0,divide,2169,2170,2171,10,0.000009
0,0,merge,2169,2170,2171,10,0.000000
0,0,divide,2172,2172,2173,11,0.000000
0,0,merge,2172,2172,2173,11,0.000000
0,0,divide,2172,2173,2174,10,0.000011
0,0,merge,2172,2173,2174,10,0.000000
0,0,divide,2169,2171,2174,9,0.000037
0,0,merge,2169,2171,2174,9,0.000000
0,0,divide,2175,2175,2176,11,0.000000
0,0,merge,2175,2175,2176,11,0.000000
0,0,divide,2175,2176,2177,10,0.000009
0,0,merge,2175,2176,2177,10,0.000000
0,0,divide,2178,2178,2179,11,0.000000
0,0,merge,2178,2178,2179,11,0.000000
0,0,divide,2178,2179,2180,10,0.000009
0,0,merge,2178,2179,2180,10,0.000000
0,0,divide,2175,2177,2180,9,0.000040
0,0,merge,2175,2177,2180,9,0.000000
0,0,divide,2169,2174,2180,8,0.000105
0,0,merge,2169,2174,2180,8,0.000000
0,0,divide,2157,2168,2180,7,0.001139
0,0,merge,2157,2168,2180,7,0.000001
0,0,divide,2181,2181,2182,11,0.000000
0,0,merge,2181,2181,2182,11,0.000000
0,0,divide,2181,2182,2183,10,0.000011
0,0,merge,2181,2182,2183,10,0.000000
0,0,divide,2184,2184,2185,11,0.000000
0,0,merge,2184,2184,2185,11,0.000000
0,0,divide,2184,2185,2186,10,0.000010
0,0,merge,2184,2185,2186,10,0.000000
0,0,divide,2181,2183,2186,9,0.000039
0,0,merge,2181,2183,2186,9,0.000000
0,0,divide,2187,2187,2188,11,0.000000
0,0,merge,2187,2187,2188,11,0.000000
0,0,divide,2187,2188,2189,10,0.000012
0,0,merge,2187,2188,2189,10,0.000000
0,0,divide,2190,2190,2191,11,0.000000
0,0,merge,2190,2190,2191,11,0.000000
0,0,divide,2190,2191,2192,10,0.000010
0,0,merge,2190,2191,2192,10,0.000000
0,0,divide,2187,2189,2192,9,0.000047
0,0,merge,2187,2189,2192,9,0.000000
0,0,divide,2181,2186,2192,8,0.000103
0,0,merge,2181,2186,2192,8,0.000000
0,0,divide,2193,2193,2194,11,0.000000
0,0,merge,2193,2193,2194,11,0.000000
0,0,divide,2193,2194,2195,10,0.000012
0,0,merge,2193,2194,2195,10,0.000000
0,0,divide,2196,2196,2197,11,0.000000
0,0,merge,2196,2196,2197,11,0.000000
0,0,divide,2196,2197,2198,10,0.000008
0,0,merge,2196,2197,2198,10,0.000000
0,0,divide,2193,2195,2198,9,0.000038
0,0,merge,2193,2195,2198,9,0.000000
0,0,divide,2199,2199,2200,11,0.000000
0,0,merge,2199,2199,2200,11,0.000000
0,0,divide,2199,2200,2201,10,0.000010
0,0,merge,2199,2200,2201,10,0.000000
0,0,divide,2202,2202,2203,10,0.000000
0,0,merge,2202,2202,2203,10,0.000000
0,0,divide,2199,2201,2203,9,0.000029
0,0,merge,2199,2201,2203,9,0.000000
0,0,divide,2193,2198,2203,8,0.000089
0,0,merge,2193,2198,2203,8,0.000001
0,0,divide,2181,2192,2203,7,0.000210
0,0,merge,2181,2192,2203,7,0.000001
0,0,divide,2157,2180,2203,6,0.001368
0,0,merge,2157,2180,2203,6,0.000002
0,0,divide,2157,2203,2249,5,0.001818
0,0,merge,2157,2203,2249,5,0.000003
0,0,divide,2110,2110,2111,11,0.000000
0,0,merge,2110,2110,2111,11,0.000000
0,0,divide,2110,2111,2112,10,0.000009
0,0,merge,2110,2111,2112,10,0.000000
0,0,divide,2113,2113,2114,11,0.000000
0,0,merge,2113,2113,2114,11,0.000000
0,0,divide,2113,2114,2115,10,0.000009
0,0,merge,2113,2114,2115,10,0.000000
0,0,divide,2110,2112,2115,9,0.000041
0,0,merge,2110,2112,2115,9,0.000000
0,0,divide,2116,2116,2117,11,0.000000
0,0,merge,2116,2116,2117,11,0.000000
0,0,divide,2116,2117,2118,10,0.000010
0,0,merge,2116,2117,2118,10,0.000000
0,0,divide,2119,2119,2120,11,0.000000
0,0,merge,2119,2119,2120,11,0.000000
0,0,divide,2119,2120,2121,10,0.000008
0,0,merge,2119,2120,2121,10,0.000000
0,0,divide,2116,2118,2121,9,0.000035
0,0,merge,2116,2118,2121,9,0.000000
0,0,divide,2110,2115,2121,8,0.000096
0,0,merge,2110,2115,2121,8,0.000000
0,0,divide,2122,2122,2123,11,0.000000
0,0,merge,2122,2122,2123,11,0.000000
0,0,divide,2122,2123,2124,10,0.000010
0,0,merge,2122,2123,2124,10,0.000000
0,0,divide,2125,2125,2126,11,0.000000
0,0,merge,2125,2125,2126,11,0.000000
0,0,divide,2125,2126,2127,10,0.000010
0,0,merge,2125,2126,2127,10,0.000000
0,0,divide,2122,2124,2127,9,0.000042
0,0,merge,2122,2124,2127,9,0.000000
0,0,divide,2128,2128,2129,11,0.000000
0,0,merge,2128,2128,2129,11,0.000000
0,0,divide,2128,2129,2130,10,0.000011
0,0,merge,2128,2129,2130,10,0.000000
0,0,divide,2131,2131,2132,11,0.000000
0,0,merge,2131,2131,2132,11,0.000000
0,0,divide,2131,2132,2133,10,0.000012
0,0,merge,2131,2132,2133,10,0.000000
0,0,divide,2128,2130,2133,9,0.000040
0,0,merge,2128,2130,2133,9,0.000000
0,0,divide,2122,2127,2133,8,0.000103
0,0,merge,2122,2127,2133,8,0.000001
0,0,divide,2110,2121,2133,7,0.000216
0,0,merge,2110,2121,2133,7,0.000001
0,0,divide,2134,2134,2135,11,0.000000
0,0,merge,2134,2134,2135,11,0.000000
0,0,divide,2134,2135,2136,10,0.000009
0,0,merge,2134,2135,2136,10,0.000000
0,0,divide,2137,2137,2138,11,0.000000
0,0,merge,2137,2137,2138,11,0.000000
0,0,divide,2137,2138,2139,10,0.000009
0,0,merge,2137,2138,2139,10,0.000000
0,0,divide,2134,2136,2139,9,0.000038
0,0,merge,2134,2136,2139,9,0.000000
0,0,divide,2140,2140,2141,11,0.000000
0,0,merge,2140,2140,2141,11,0.000000
0,0,divide,2140,2141,2142,10,0.000008
0,0,merge,2140,2141,2142,10,0.000000
0,0,divide,2143,2143,2144,11,0.000000
0,0,merge,2143,2143,2144,11,0.000000
0,0,divide,2143,2144,2145,10,0.000011
0,0,merge,2143,2144,2145,10,0.000000
0,0,divide,2140,2142,2145,9,0.000037
0,0,merge,2140,2142,2145,9,0.000000
0,0,divide,2134,2139,2145,8,0.000094
0,0,merge,2134,2139,2145,8,0.000001
0,0,divide,2146,2146,2147,11,0.000000
0,0,merge,2146,2146,2147,11,0.000000
0,0,divide,2146,2147,2148,10,0.000008
0,0,merge,2146,2147,2148,10,0.000000
0,0,divide,2149,2149,2150,11,0.000000
0,0,merge,2149,2149,2150,11,0.000000
0,0,divide,2149,2150,2151,10,0.000009
0,0,merge,2149,2150,2151,10,0.000000
0,0,divide,2146,2148,2151,9,0.000038
0,0,merge,2146,2148,2151,9,0.000000
0,0,divide,2152,2152,2153,11,0.000000
0,0,merge,2152,2152,2153,11,0.000000
0,0,divide,2152,2153,2154,10,0.000008
0,0,merge,2152,2153,2154,10,0.000000
0,0,divide,2155,2155,2156,10,0.000000
0,0,merge,2155,2155,2156,10,0.000000
0,0,divide,2152,2154,2156,9,0.000034
0,0,merge,2152,2154,2156,9,0.000000
0,0,divide,2146,2151,2156,8,0.000089
0,0,merge,2146,2151,2156,8,0.000000
0,0,divide,2134,2145,2156,7,0.000202
0,0,merge,2134,2145,2156,7,0.000001
0,0,divide,2110,2133,2156,6,0.000442
0,0,merge,2110,2133,2156,6,0.000002
0,0,divide,2063,2063,2064,11,0.000000
0,0,merge,2063,2063,2064,11,0.000000
0,0,divide,2063,2064,2065,10,0.000010
0,0,merge,2063,2064,2065,10,0.000000
0,0,divide,2066,2066,2067,11,0.000000
0,0,merge,2066,2066,2067,11,0.000000
0,0,divide,2066,2067,2068,10,0.000008
0,0,merge,2066,2067,2068,10,0.000000
0,0,divide,2063,2065,2068,9,0.000037
0,0,merge,2063,2065,2068,9,0.000000
0,0,divide,2069,2069,2070,11,0.000000
0,0,merge,2069,2069,2070,11,0.000000
0,0,divide,2069,2070,2071,10,0.000008
0,0,merge,2069,2070,2071,10,0.000000
0,0,divide,2072,2072,2073,11,0.000000
0,0,merge,2072,2072,2073,11,0.000000
0,0,divide,2072,2073,2074,10,0.000012
0,0,merge,2072,2073,2074,10,0.000000
0,0,divide,2069,2071,2074,9,0.000037
0,0,merge,2069,2071,2074,9,0.000000
0,0,divide,2063,2068,2074,8,0.000096
0,0,merge,2063,2068,2074,8,0.000000
0,0,divide,2075,2075,2076,11,0.000000
0,0,merge,2075,2075,2076,11,0.000000
0,0,divide,2075,2076,2077,10,0.000011
0,0,merge,2075,2076,2077,10,0.000000
0,0,divide,2078,2078,2079,11,0.000000
0,0,merge,2078,2078,2079,11,0.000000
0,0,divide,2078,2079,2080,10,0.000011
0,0,merge,2078,2079,2080,10,0.000000
0,0,divide,2075,2077,2080,9,0.000040
0,0,merge,2075,2077,2080,9,0.000000
0,0,divide,2081,2081,2082,11,0.000000
0,0,merge,2081,2081,2082,11,0.000002
0,0,divide,2081,2082,2083,10,0.002282
0,0,merge,2081,2082,2083,10,0.000000
0,0,divide,2084,2084,2085,11,0.000000
0,0,merge,2084,2084,2085,11,0.000000
0,0,divide,2084,2085,2086,10,0.000009
0,0,merge,2084,2085,2086,10,0.000000
0,0,divide,2081,2083,2086,9,0.002311
0,0,merge,2081,2083,2086,9,0.000000
0,0,divide,2075,2080,2086,8,0.002374
0,0,merge,2075,2080,2086,8,0.000001
0,0,divide,2063,2074,2086,7,0.002489
0,0,merge,2063,2074,2086,7,0.000001
0,0,divide,2087,2087,2088,11,0.000000
0,0,merge,2087,2087,2088,11,0.000000
0,0,divide,2087,2088,2089,10,0.000011
0,0,merge,2087,2088,2089,10,0.000000
0,0,divide,2090,2090,2091,11,0.000000
0,0,merge,2090,2090,2091,11,0.000000
0,0,divide,2090,2091,2092,10,0.000008
0,0,merge,2090,2091,2092,10,0.000000
0,0,divide,2087,2089,2092,9,0.000041
0,0,merge,2087,2089,2092,9,0.000000
0,0,divide,2093,2093,2094,11,0.000000
0,0,merge,2093,2093,2094,11,0.000000
0,0,divide,2093,2094,2095,10,0.000008
0,0,merge,2093,2094,2095,10,0.000000
0,0,divide,2096,2096,2097,11,0.000000
0,0,merge,2096,2096,2097,11,0.000000
0,0,divide,2096,2097,2098,10,0.000009
0,0,merge,2096,2097,2098,10,0.000000
0,0,divide,2093,2095,2098,9,0.000036
0,0,merge,2093,2095,2098,9,0.000000
0,0,divide,2087,2092,2098,8,0.000097
0,0,merge,2087,2092,2098,8,0.000001
0,0,divide,2099,2099,2100,11,0.000000
0,0,merge,2099,2099,2100,11,0.000000
0,0,divide,2099,2100,2101,10,0.000011
0,0,merge,2099,2100,2101,10,0.000000
0,0,divide,2102,2102,2103,11,0.000000
0,0,merge,2102,2102,2103,11,0.000000
0,0,divide,2102,2103,2104,10,0.000008
0,0,merge,2102,2103,2104,10,0.000000
0,0,divide,2099,2101,2104,9,0.000038
0,0,merge,2099,2101,2104,9,0.000000
0,0,divide,2105,2105,2106,11,0.000000
0,0,merge,2105,2105,2106,11,0.000000
0,0,divide,2105,2106,2107,10,0.000010
0,0,merge,2105,2106,2107,10,0.000000
0,0,divide,2108,2108,2109,10,0.000000
0,0,merge,2108,2108,2109,10,0.000000
0,0,divide,2105,2107,2109,9,0.000029
0,0,merge,2105,2107,2109,9,0.000000
0,0,divide,2099,2104,2109,8,0.000086
0,0,merge,2099,2104,2109,8,0.000001
0,0,divide,2087,2098,2109,7,0.000201
0,0,merge,2087,2098,2109,7,0.000001
0,0,divide,2063,2086,2109,6,0.002711
0,0,merge,2063,2086,2109,6,0.000002
0,0,divide,2063,2109,2156,5,0.003176
0,0,merge,2063,2109,2156,5,0.000004
0,0,divide,2063,2156,2249,4,0.005020
0,0,merge,2063,2156,2249,4,0.000007
0,0,divide,2016,2016,2017,11,0.000000
0,0,merge,2016,2016,2017,11,0.000000
0,0,divide,2016,2017,2018,10,0.000012
0,0,merge,2016,2017,2018,10,0.000000
0,0,divide,2019,2019,2020,11,0.000000
0,0,merge,2019,2019,2020,11,0.000000
0,0,divide,2019,2020,2021,10,0.000010
0,0,merge,2019,2020,2021,10,0.000000
0,0,divide,2016,2018,2021,9,0.000053
0,0,merge,2016,2018,2021,9,0.000000
0,0,divide,2022,2022,2023,11,0.000000
0,0,merge,2022,2022,2023,11,0.000000
0,0,divide,2022,2023,2024,10,0.000008
0,0,merge,2022,2023,2024,10,0.000000
0,0,divide,2025,2025,2026,11,0.000000
0,0,merge,2025,2025,2026,11,0.000000
0,0,divide,2025,2026,2027,10,0.000009
0,0,merge,2025,2026,2027,10,0.000000
0,0,divide,2022,2024,2027,9,0.000040
0,0,merge,2022,2024,2027,9,0.000000
0,0,divide,2016,2021,2027,8,0.000111
0,0,merge,2016,2021,2027,8,0.000000
0,0,divide,2028,2028,2029,11,0.000000
0,0,merge,2028,2028,2029,11,0.000000
0,0,divide,2028,2029,2030,10,0.000008
0,0,merge,2028,2029,2030,10,0.000000
0,0,divide,2031,2031,2032,11,0.000000
0,0,merge,2031,2031,2032,11,0.000000
0,0,divide,2031,2032,2033,10,0.000011
0,0,merge,2031,2032,2033,10,0.000000
0,0,divide,2028,2030,2033,9,0.000036
0,0,merge,2028,2030,2033,9,0.000000
0,0,divide,2034,2034,2035,11,0.000000
0,0,merge,2034,2034,2035,11,0.000000
0,0,divide,2034,2035,2036,10,0.000012
0,0,merge,2034,2035,2036,10,0.000000
0,0,divide,2037,2037,2038,11,0.000000
0,0,merge,2037,2037,2038,11,0.000000
0,0,divide,2037,2038,2039,10,0.000009
0,0,merge,2037,2038,2039,10,0.000000
0,0,divide,2034,2036,2039,9,0.000038
0,0,merge,2034,2036,2039,9,0.000000
0,0,divide,2028,2033,2039,8,0.000093
0,0,merge,2028,2033,2039,8,0.000001
0,0,divide,2016,2027,2039,7,0.000225
0,0,merge,2016,2027,2039,7,0.000001
0,0,divide,2040,2040,2041,11,0.000000
0,0,merge,2040,2040,2041,11,0.000000
0,0,divide,2040,2041,2042,10,0.000009
0,0,merge,2040,2041,2042,10,0.000000
0,0,divide,2043,2043,2044,11,0.000000
0,0,merge,2043,2043,2044,11,0.000000
0,0,divide,2043,2044,2045,10,0.000009
0,0,merge,2043,2044,2045,10,0.000000
0,0,divide,2040,2042,2045,9,0.000038
0,0,merge,2040,2042,2045,9,0.000000
0,0,divide,2046,2046,2047,11,0.000000
0,0,merge,2046,2046,2047,11,0.000000
0,0,divide,2046,2047,2048,10,0.000009
0,0,merge,2046,2047,2048,10,0.000000
0,0,divide,2049,2049,2050,11,0.000000
0,0,merge,2049,2049,2050,11,0.000000
0,0,divide,2049,2050,2051,10,0.000009
0,0,merge,2049,2050,2051,10,0.000000
0,0,divide,2046,2048,2051,9,0.000040
0,0,merge,2046,2048,2051,9,0.000000
0,0,divide,2040,2045,2051,8,0.000098
0,0,merge,2040,2045,2051,8,0.000001
0,0,divide,2052,2052,2053,11,0.000000
0,0,merge,2052,2052,2053,11,0.000000
0,0,divide,2052,2053,2054,10,0.000011
0,0,merge,2052,2053,2054,10,0.000000
0,0,divide,2055,2055,2056,11,0.000000
0,0,merge,2055,2055,2056,11,0.000000
0,0,divide,2055,2056,2057,10,0.000010
0,0,merge,2055,2056,2057,10,0.000000
0,0,divide,2052,2054,2057,9,0.000041
0,0,merge,2052,2054,2057,9,0.000000
0,0,divide,2058,2058,2059,11,0.000000
0,0,merge,2058,2058,2059,11,0.000000
0,0,divide,2058,2059,2060,10,0.000012
0,0,merge,2058,2059,2060,10,0.000000
0,0,divide,2061,2061,2062,10,0.000000
0,0,merge,2061,2061,2062,10,0.000000
0,0,divide,2058,2060,2062,9,0.000030
0,0,merge,2058,2060,2062,9,0.000000
0,0,divide,2052,2057,2062,8,0.000091
0,0,merge,2052,2057,2062,8,0.000001
0,0,divide,2040,2051,2062,7,0.000207
0,0,merge,2040,2051,2062,7,0.000001
0,0,divide,2016,2039,2062,6,0.000453
0,0,merge,2016,2039,2062,6,0.000002
0,0,divide,1969,1969,1970,11,0.000000
0,0,merge,1969,1969,1970,11,0.000001
0,0,divide,1969,1970,1971,10,0.000592
0,0,merge,1969,1970,1971,10,0.000000
0,0,divide,1972,1972,1973,11,0.000000
0,0,merge,1972,1972,1973,11,0.000000
0,0,divide,1972,1973,1974,10,0.000009
0,0,merge,1972,1973,1974,10,0.000000
0,0,divide,1969,1971,1974,9,0.000624
0,0,merge,1969,1971,1974,9,0.000000
0,0,divide,1975,1975,1976,11,0.000000
0,0,merge,1975,1975,1976,11,0.000000
0,0,divide,1975,1976,1977,10,0.000008
0,0,merge,1975,1976,1977,10,0.000000
0,0,divide,1978,1978,1979,11,0.000000
0,0,merge,1978,1978,1979,11,0.000000
0,0,divide,1978,1979,1980,10,0.000009
0,0,merge,1978,1979,1980,10,0.000000
0,0,divide,1975,1977,1980,9,0.000039
0,0,merge,1975,1977,1980,9,0.000000
0,0,divide,1969,1974,1980,8,0.000680
0,0,merge,1969,1974,1980,8,0.000000
0,0,divide,1981,1981,1982,11,0.000000
0,0,merge,1981,1981,1982,11,0.000000
0,0,divide,1981,1982,1983,10,0.000009
0,0,merge,1981,1982,1983,10,0.000000
0,0,divide,1984,1984,1985,11,0.000000
0,0,merge,1984,1984,1985,11,0.000000
0,0,divide,1984,1985,1986,10,0.000011
0,0,merge,1984,1985,1986,10,0.000000
0,0,divide,1981,1983,1986,9,0.000037
0,0,merge,1981,1983,1986,9,0.000000
0,0,divide,1987,1987,1988,11,0.000000
0,0,merge,1987,1987,1988,11,0.000000
0,0,divide,1987,1988,1989,10,0.000009
0,0,merge,1987,1988,1989,10,0.000000
0,0,divide,1990,1990,1991,11,0.000000
0,0,merge,1990,1990,1991,11,0.000000
0,0,divide,1990,1991,1992,10,0.000008
0,0,merge,1990,1991,1992,10,0.000000
0,0,divide,1987,1989,1992,9,0.000035
0,0,merge,1987,1989,1992,9,0.000000
0,0,divide,1981,1986,1992,8,0.000093
0,0,merge,1981,1986,1992,8,0.000000
0,0,divide,1969,1980,1992,7,0.000803
0,0,merge,1969,1980,1992,7,0.000001
0,0,divide,1993,1993,1994,11,0.000000
0,0,merge,1993,1993,1994,11,0.000000
0,0,divide,1993,1994,1995,10,0.000011
0,0,merge,1993,1994,1995,10,0.000000
0,0,divide,1996,1996,1997,11,0.000000
0,0,merge,1996,1996,1997,11,0.000000
0,0,divide,1996,1997,1998,10,0.000008
0,0,merge,1996,1997,1998,10,0.000000
0,0,divide,1993,1995,1998,9,0.000038
0,0,merge,1993,1995,1998,9,0.000000
0,0,divide,1999,1999,2000,11,0.000000
0,0,merge,1999,1999,2000,11,0.000000
0,0,divide,1999,2000,2001,10,0.000011
0,0,merge,1999,2000,2001,10,0.000000
0,0,divide,2002,2002,2003,11,0.000000
0,0,merge,2002,2002,2003,11,0.000000
0,0,divide,2002,2003,2004,10,0.000010
0,0,merge,2002,2003,2004,10,0.000000
0,0,divide,1999,2001,2004,9,0.000040
0,0,merge,1999,2001,2004,9,0.000000
0,0,divide,1993,1998,2004,8,0.000095
0,0,merge,1993,1998,2004,8,0.000000
0,0,divide,2005,2005,2006,11,0.000000
0,0,merge,2005,2005,2006,11,0.000000
0,0,divide,2005,2006,2007,10,0.000011
0,0,merge,2005,2006,2007,10,0.000000
0,0,divide,2008,2008,2009,11,0.000000
0,0,merge,2008,2008,2009,11,0.000000
0,0,divide,2008,2009,2010,10,0.000008
0,0,merge,2008,2009,2010,10,0.000000
0,0,divide,2005,2007,2010,9,0.000038
0,0,merge,2005,2007,2010,9,0.000000
0,0,divide,2011,2011,2012,11,0.000000
0,0,merge,2011,2011,2012,11,0.000000
0,0,divide,2011,2012,2013,10,0.000008
0,0,merge,2011,2012,2013,10,0.000000
0,0,divide,2014,2014,2015,10,0.000000
0,0,merge,2014,2014,2015,10,0.000000
0,0,divide,2011,2013,2015,9,0.000031
0,0,merge,2011,2013,2015,9,0.000000
0,0,divide,2005,2010,2015,8,0.000170
0,0,merge,2005,2010,2015,8,0.000001
0,0,divide,1993,2004,2015,7,0.000447
0,0,merge,1993,2004,2015,7,0.000001
0,0,divide,1969,1992,2015,6,0.001277
0,0,merge,1969,1992,2015,6,0.000002
0,0,divide,1969,2015,2062,5,0.001752
0,0,merge,1969,2015,2062,5,0.000003
0,0,divide,1922,1922,1923,11,0.000000
0,0,merge,1922,1922,1923,11,0.000000
0,0,divide,1922,1923,1924,10,0.000009
0,0,merge,1922,1923,1924,10,0.000000
0,0,divide,1925,1925,1926,11,0.000000
0,0,merge,1925,1925,1926,11,0.000000
0,0,divide,1925,1926,1927,10,0.000009
0,0,merge,1925,1926,1927,10,0.000000
0,0,divide,1922,1924,1927,9,0.000037
0,0,merge,1922,1924,1927,9,0.000000
0,0,divide,1928,1928,1929,11,0.000000
0,0,merge,1928,1928,1929,11,0.000000
0,0,divide,1928,1929,1930,10,0.000009
0,0,merge,1928,1929,1930,10,0.000000
0,0,divide,1931,1931,1932,11,0.000000
0,0,merge,1931,1931,1932,11,0.000000
0,0,divide,1931,1932,1933,10,0.000012
0,0,merge,1931,1932,1933,10,0.000000
0,0,divide,1928,1930,1933,9,0.000038
0,0,merge,1928,1930,1933,9,0.000000
0,0,divide,1922,1927,1933,8,0.000094
0,0,merge,1922,1927,1933,8,0.000001
0,0,divide,1934,1934,1935,11,0.000000
0,0,merge,1934,1934,1935,11,0.000000
0,0,divide,1934,1935,1936,10,0.000009
0,0,merge,1934,1935,1936,10,0.000000
0,0,divide,1937,1937,1938,11,0.000000
0,0,merge,1937,1937,1938,11,0.000000
0,0,divide,1937,1938,1939,10,0.000011
0,0,merge,1937,1938,1939,10,0.000000
0,0,divide,1934,1936,1939,9,0.000037
0,0,merge,1934,1936,1939,9,0.000000
0,0,divide,1940,1940,1941,11,0.000000
0,0,merge,1940,1940,1941,11,0.000000
0,0,divide,1940,1941,1942,10,0.000009
0,0,merge,1940,1941,1942,10,0.000000
0,0,divide,1943,1943,1944,11,0.000000
0,0,merge,1943,1943,1944,11,0.000000
0,0,divide,1943,1944,1945,10,0.000016
0,0,merge,1943,1944,1945,10,0.000000
0,0,divide,1940,1942,1945,9,0.000043
0,0,merge,1940,1942,1945,9,0.000000
0,0,divide,1934,1939,1945,8,0.000108
0,0,merge,1934,1939,1945,8,0.000001
0,0,divide,1922,1933,1945,7,0.000223
0,0,merge,1922,1933,1945,7,0.000001
0,0,divide,1946,1946,1947,11,0.000000
0,0,merge,1946,1946,1947,11,0.000000
0,0,divide,1946,1947,1948,10,0.000011
0,0,merge,1946,1947,1948,10,0.000000
0,0,divide,1949,1949,1950,11,0.000000
0,0,merge,1949,1949,1950,11,0.000000
0,0,divide,1949,1950,1951,10,0.000008
0,0,merge,1949,1950,1951,10,0.000000
0,0,divide,1946,1948,1951,9,0.000039
0,0,merge,1946,1948,1951,9,0.000000
0,0,divide,1952,1952,1953,11,0.000000
0,0,merge,1952,1952,1953,11,0.000000
0,0,divide,1952,1953,1954,10,0.000008
0,0,merge,1952,1953,1954,10,0.000000
0,0,divide,1955,1955,1956,11,0.000000
0,0,merge,1955,1955,1956,11,0.000000
0,0,divide,1955,1956,1957,10,0.000012
0,0,merge,1955,1956,1957,10,0.000000
0,0,divide,1952,1954,1957,9,0.000037
0,0,merge,1952,1954,1957,9,0.000000
0,0,divide,1946,1951,1957,8,0.000099
0,0,merge,1946,1951,1957,8,0.000001
0,0,divide,1958,1958,1959,11,0.000000
0,0,merge,1958,1958,1959,11,0.000000
0,0,divide,1958,1959,1960,10,0.000009
0,0,merge,1958,1959,1960,10,0.000000
0,0,divide,1961,1961,1962,11,0.000000
0,0,merge,1961,1961,1962,11,0.000000
0,0,divide,1961,1962,1963,10,0.000012
0,0,merge,1961,1962,1963,10,0.000000
0,0,divide,1958,1960,1963,9,0.000037
0,0,merge,1958,1960,1963,9,0.000000
0,0,divide,1964,1964,1965,11,0.000000
0,0,merge,1964,1964,1965,11,0.000000
0,0,divide,1964,1965,1966,10,0.000012
0,0,merge,1964,1965,1966,10,0.000000
0,0,divide,1967,1967,1968,10,0.000000
0,0,merge,1967,1967,1968,10,0.000000
0,0,divide,1964,1966,1968,9,0.000029
0,0,merge,1964,1966,1968,9,0.000000
0,0,divide,1958,1963,1968,8,0.000084
0,0,merge,1958,1963,1968,8,0.000001
0,0,divide,1946,1957,1968,7,0.000202
0,0,merge,1946,1957,1968,7,0.000001
0,0,divide,1922,1945,1968,6,0.000444
0,0,merge,1922,1945,1968,6,0.000002
0,0,divide,1875,1875,1876,11,0.000000
0,0,merge,1875,1875,1876,11,0.000000
0,0,divide,1875,1876,1877,10,0.000009
0,0,merge,1875,1876,1877,10,0.000000
0,0,divide,1878,1878,1879,11,0.000000
0,0,merge,1878,1878,1879,11,0.000000
0,0,divide,1878,1879,1880,10,0.000012
0,0,merge,1878,1879,1880,10,0.000000
0,0,divide,1875,1877,1880,9,0.000037
0,0,merge,1875,1877,1880,9,0.000000
0,0,divide,1881,1881,1882,11,0.000000
0,0,merge,1881,1881,1882,11,0.000000
0,0,divide,1881,1882,1883,10,0.000011
0,0,merge,1881,1882,1883,10,0.000000
0,0,divide,1884,1884,1885,11,0.000000
0,0,merge,1884,1884,1885,11,0.000000
0,0,divide,1884,1885,1886,10,0.000012
0,0,merge,1884,1885,1886,10,0.000000
0,0,divide,1881,1883,1886,9,0.000040
0,0,merge,1881,1883,1886,9,0.000000
0,0,divide,1875,1880,1886,8,0.000097
0,0,merge,1875,1880,1886,8,0.000000
0,0,divide,1887,1887,1888,11,0.000000
0,0,merge,1887,1887,1888,11,0.000000
0,0,divide,1887,1888,1889,10,0.000012
0,0,merge,1887,1888,1889,10,0.000000
0,0,divide,1890,1890,1891,11,0.000000
0,0,merge,1890,1890,1891,11,0.000000
0,0,divide,1890,1891,1892,10,0.000008
0,0,merge,1890,1891,1892,10,0.000000
0,0,divide,1887,1889,1892,9,0.000040
0,0,merge,1887,1889,1892,9,0.000000
0,0,divide,1893,1893,1894,11,0.000000
0,0,merge,1893,1893,1894,11,0.000000
0,0,divide,1893,1894,1895,10,0.000008
0,0,merge,1893,1894,1895,10,0.000000
0,0,divide,1896,1896,1897,11,0.000000
0,0,merge,1896,1896,1897,11,0.000000
0,0,divide,1896,1897,1898,10,0.000011
0,0,merge,1896,1897,1898,10,0.000000
0,0,divide,1893,1895,1898,9,0.000037
0,0,merge,1893,1895,1898,9,0.000000
0,0,divide,1887,1892,1898,8,0.000098
0,0,merge,1887,1892,1898,8,0.000000
0,0,divide,1875,1886,1898,7,0.000213
0,0,merge,1875,1886,1898,7,0.000001
0,0,divide,1899,1899,1900,11,0.000000
0,0,merge,1899,1899,1900,11,0.000000
0,0,divide,1899,1900,1901,10,0.000012
0,0,merge,1899,1900,1901,10,0.000000
0,0,divide,1902,1902,1903,11,0.000000
0,0,merge,1902,1902,1903,11,0.001035
0,0,divide,1902,1903,1904,10,0.001063
0,0,merge,1902,1903,1904,10,0.000000
0,0,divide,1899,1901,1904,9,0.001094
0,0,merge,1899,1901,1904,9,0.000000
0,0,divide,1905,1905,1906,11,0.000000
0,0,merge,1905,1905,1906,11,0.000000
0,0,divide,1905,1906,1907,10,0.000016
0,0,merge,1905,1906,1907,10,0.000000
0,0,divide,1908,1908,1909,11,0.000000
0,0,merge,1908,1908,1909,11,0.000000
0,0,divide,1908,1909,1910,10,0.000009
0,0,merge,1908,1909,1910,10,0.000000
0,0,divide,1905,1907,1910,9,0.000044
0,0,merge,1905,1907,1910,9,0.000000
0,0,divide,1899,1904,1910,8,0.001165
0,0,merge,1899,1904,1910,8,0.000001
0,0,divide,1911,1911,1912,11,0.000000
0,0,merge,1911,1911,1912,11,0.000000
0,0,divide,1911,1912,1913,10,0.000012
0,0,merge,1911,1912,1913,10,0.000000
0,0,divide,1914,1914,1915,11,0.000000
0,0,merge,1914,1914,1915,11,0.000000
0,0,divide,1914,1915,1916,10,0.000009
0,0,merge,1914,1915,1916,10,0.000000
0,0,divide,1911,1913,1916,9,0.000042
0,0,merge,1911,1913,1916,9,0.000000
0,0,divide,1917,1917,1918,11,0.000000
0,0,merge,1917,1917,1918,11,0.000000
0,0,divide,1917,1918,1919,10,0.000009
0,0,merge,1917,1918,1919,10,0.000000
0,0,divide,1920,1920,1921,10,0.000000
0,0,merge,1920,1920,1921,10,0.000000
0,0,divide,1917,1919,1921,9,0.000031
0,0,merge,1917,1919,1921,9,0.000000
0,0,divide,1911,1916,1921,8,0.000092
0,0,merge,1911,1916,1921,8,0.000001
0,0,divide,1899,1910,1921,7,0.001277
0,0,merge,1899,1910,1921,7,0.000001
0,0,divide,1875,1898,1921,6,0.001508
0,0,merge,1875,1898,1921,6,0.000002
0,0,divide,1875,1921,1968,5,0.001978
0,0,merge,1875,1921,1968,5,0.000004
0,0,divide,1875,1968,2062,4,0.003756
0,0,merge,1875,1968,2062,4,0.000007
0,0,divide,1875,2062,2249,3,0.008809
0,0,merge,1875,2062,2249,3,0.000013
0,0,divide,1829,1829,1830,11,0.000000
0,0,merge,1829,1829,1830,11,0.000000
0,0,divide,1829,1830,1831,10,0.000009
0,0,merge,1829,1830,1831,10,0.000000
0,0,divide,1832,1832,1833,11,0.000000
0,0,merge,1832,1832,1833,11,0.000000
0,0,divide,1832,1833,1834,10,0.000009
0,0,merge,1832,1833,1834,10,0.000000
0,0,divide,1829,1831,1834,9,0.000041
0,0,merge,1829,1831,1834,9,0.000000
0,0,divide,1835,1835,1836,11,0.000000
0,0,merge,1835,1835,1836,11,0.000000
0,0,divide,1835,1836,1837,10,0.000009
0,0,merge,1835,1836,1837,10,0.000000
0,0,divide,1838,1838,1839,11,0.000000
0,0,merge,1838,1838,1839,11,0.000000
0,0,divide,1838,1839,1840,10,0.000011
0,0,merge,1838,1839,1840,10,0.000000
0,0,divide,1835,1837,1840,9,0.000040
0,0,merge,1835,1837,1840,9,0.000000
0,0,divide,1829,1834,1840,8,0.000102
0,0,merge,1829,1834,1840,8,0.000000
0,0,divide,1841,1841,1842,11,0.000000
0,0,merge,1841,1841,1842,11,0.000000
0,0,divide,1841,1842,1843,10,0.000012
0,0,merge,1841,1842,1843,10,0.000000
0,0,divide,1844,1844,1845,11,0.000000
0,0,merge,1844,1844,1845,11,0.000000
0,0,divide,1844,1845,1846,10,0.000012
0,0,merge,1844,1845,1846,10,0.000000
0,0,divide,1841,1843,1846,9,0.000042
0,0,merge,1841,1843,1846,9,0.000000
0,0,divide,1847,1847,1848,11,0.000000
0,0,merge,1847,1847,1848,11,0.000000
0,0,divide,1847,1848,1849,10,0.000009
0,0,merge,1847,1848,1849,10,0.000000
0,0,divide,1850,1850,1851,10,0.000000
0,0,merge,1850,1850,1851,10,0.000000
0,0,divide,1847,1849,1851,9,0.000034
0,0,merge,1847,1849,1851,9,0.000000
0,0,divide,1841,1846,1851,8,0.000098
0,0,merge,1841,1846,1851,8,0.000001
0,0,divide,1829,1840,1851,7,0.000221
0,0,merge,1829,1840,1851,7,0.000001
0,0,divide,1852,1852,1853,11,0.000000
0,0,merge,1852,1852,1853,11,0.000000
0,0,divide,1852,1853,1854,10,0.000009
0,0,merge,1852,1853,1854,10,0.000000
0,0,divide,1855,1855,1856,11,0.000000
0,0,merge,1855,1855,1856,11,0.000000
0,0,divide,1855,1856,1857,10,0.000009
0,0,merge,1855,1856,1857,10,0.000000
0,0,divide,1852,1854,1857,9,0.000042
0,0,merge,1852,1854,1857,9,0.000000
0,0,divide,1858,1858,1859,11,0.000000
0,0,merge,1858,1858,1859,11,0.000000
0,0,divide,1858,1859,1860,10,0.000009
0,0,merge,1858,1859,1860,10,0.000000
0,0,divide,1861,1861,1862,11,0.000000
0,0,merge,1861,1861,1862,11,0.000000
0,0,divide,1861,1862,1863,10,0.000012
0,0,merge,1861,1862,1863,10,0.000000
0,0,divide,1858,1860,1863,9,0.000039
0,0,merge,1858,1860,1863,9,0.000000
0,0,divide,1852,1857,1863,8,0.000101
0,0,merge,1852,1857,1863,8,0.000000
0,0,divide,1864,1864,1865,11,0.000000
0,0,merge,1864,1864,1865,11,0.000000
0,0,divide,1864,1865,1866,10,0.000019
0,0,merge,1864,1865,1866,10,0.000000
0,0,divide,1867,1867,1868,11,0.000000
0,0,merge,1867,1867,1868,11,0.000000
0,0,divide,1867,1868,1869,10,0.000013
0,0,merge,1867,1868,1869,10,0.000000
0,0,divide,1864,1866,1869,9,0.000050
0,0,merge,1864,1866,1869,9,0.000000
0,0,divide,1870,1870,1871,11,0.000000
0,0,merge,1870,1870,1871,11,0.000000
0,0,divide,1870,1871,1872,10,0.000009
0,0,merge,1870,1871,1872,10,0.000000
0,0,divide,1873,1873,1874,10,0.000000
0,0,merge,1873,1873,1874,10,0.000000
0,0,divide,1870,1872,1874,9,0.000030
0,0,merge,1870,1872,1874,9,0.000000
0,0,divide,1864,1869,1874,8,0.000102
0,0,merge,1864,1869,1874,8,0.000000
0,0,divide,1852,1863,1874,7,0.000226
0,0,merge,1852,1863,1874,7,0.000001
0,0,divide,1829,1851,1874,6,0.000466
0,0,merge,1829,1851,1874,6,0.000002
0,0,divide,1782,1782,1783,11,0.000000
0,0,merge,1782,1782,1783,11,0.000000
0,0,divide,1782,1783,1784,10,0.000010
0,0,merge,1782,1783,1784,10,0.000000
0,0,divide,1785,1785,1786,11,0.000000
0,0,merge,1785,1785,1786,11,0.000000
0,0,divide,1785,1786,1787,10,0.000012
0,0,merge,1785,1786,1787,10,0.000000
0,0,divide,1782,1784,1787,9,0.000040
0,0,merge,1782,1784,1787,9,0.000000
0,0,divide,1788,1788,1789,11,0.000000
0,0,merge,1788,1788,1789,11,0.000000
0,0,divide,1788,1789,1790,10,0.000010
0,0,merge,1788,1789,1790,10,0.000000
0,0,divide,1791,1791,1792,11,0.000000
0,0,merge,1791,1791,1792,11,0.000000
0,0,divide,1791,1792,1793,10,0.000009
0,0,merge,1791,1792,1793,10,0.000000
0,0,divide,1788,1790,1793,9,0.000039
0,0,merge,1788,1790,1793,9,0.000001
0,0,divide,1782,1787,1793,8,0.001429
0,0,merge,1782,1787,1793,8,0.000001
0,0,divide,1794,1794,1795,11,0.000000
0,0,merge,1794,1794,1795,11,0.000000
0,0,divide,1794,1795,1796,10,0.000009
0,0,merge,1794,1795,1796,10,0.000000
0,0,divide,1797,1797,1798,11,0.000000
0,0,merge,1797,1797,1798,11,0.000000
0,0,divide,1797,1798,1799,10,0.000294
0,0,merge,1797,1798,1799,10,0.000001
0,0,divide,1794,1796,1799,9,0.000325
0,0,merge,1794,1796,1799,9,0.000000
0,0,divide,1800,1800,1801,11,0.000000
0,0,merge,1800,1800,1801,11,0.000000
0,0,divide,1800,1801,1802,10,0.000009
0,0,merge,1800,1801,1802,10,0.000000
0,0,divide,1803,1803,1804,11,0.000000
0,0,merge,1803,1803,1804,11,0.000000
0,0,divide,1803,1804,1805,10,0.000011
0,0,merge,1803,1804,1805,10,0.000000
0,0,divide,1800,1802,1805,9,0.000037
0,0,merge,1800,1802,1805,9,0.000000
0,0,divide,1794,1799,1805,8,0.000381
0,0,merge,1794,1799,1805,8,0.000001
0,0,divide,1782,1793,1805,7,0.001833
0,0,merge,1782,1793,1805,7,0.000001
0,0,divide,1806,1806,1807,11,0.000000
0,0,merge,1806,1806,1807,11,0.000000
0,0,divide,1806,1807,1808,10,0.000012
0,0,merge,1806,1807,1808,10,0.000000
0,0,divide,1809,1809,1810,11,0.000000
0,0,merge,1809,1809,1810,11,0.000000
0,0,divide,1809,1810,1811,10,0.000010
0,0,merge,1809,1810,1811,10,0.000000
0,0,divide,1806,1808,1811,9,0.000041
0,0,merge,1806,1808,1811,9,0.000000
0,0,divide,1812,1812,1813,11,0.000000
0,0,merge,1812,1812,1813,11,0.000000
0,0,divide,1812,1813,1814,10,0.000012
0,0,merge,1812,1813,1814,10,0.000000
0,0,divide,1815,1815,1816,11,0.000000
0,0,merge,1815,1815,1816,11,0.000000
0,0,divide,1815,1816,1817,10,0.000008
0,0,merge,1815,1816,1817,10,0.000000
0,0,divide,1812,1814,1817,9,0.000038
0,0,merge,1812,1814,1817,9,0.000000
0,0,divide,1806,1811,1817,8,0.000098
0,0,merge,1806,1811,1817,8,0.000000
0,0,divide,1818,1818,1819,11,0.000000
0,0,merge,1818,1818,1819,11,0.000000
0,0,divide,1818,1819,1820,10,0.000011
0,0,merge,1818,1819,1820,10,0.000000
0,0,divide,1821,1821,1822,11,0.000000
0,0,merge,1821,1821,1822,11,0.000000
0,0,divide,1821,1822,1823,10,0.000012
0,0,merge,1821,1822,1823,10,0.000000
0,0,divide,1818,1820,1823,9,0.000039
0,0,merge,1818,1820,1823,9,0.000000
0,0,divide,1824,1824,1825,11,0.000000
0,0,merge,1824,1824,1825,11,0.000000
0,0,divide,1824,1825,1826,10,0.000011
0,0,merge,1824,1825,1826,10,0.000000
0,0,divide,1827,1827,1828,10,0.000000
0,0,merge,1827,1827,1828,10,0.000000
0,0,divide,1824,1826,1828,9,0.000028
0,0,merge,1824,1826,1828,9,0.000000
0,0,divide,1818,1823,1828,8,0.000085
0,0,merge,1818,1823,1828,8,0.000001
0,0,divide,1806,1817,1828,7,0.000213
0,0,merge,1806,1817,1828,7,0.000001
0,0,divide,1782,1805,1828,6,0.002065
0,0,merge,1782,1805,1828,6,0.000002
0,0,divide,1782,1828,1874,5,0.002560
0,0,merge,1782,1828,1874,5,0.000004
0,0,divide,1735,1735,1736,11,0.000000
0,0,merge,1735,1735,1736,11,0.000000
0,0,divide,1735,1736,1737,10,0.000010
0,0,merge,1735,1736,1737,10,0.000000
0,0,divide,1738,1738,1739,11,0.000000
0,0,merge,1738,1738,1739,11,0.000000
0,0,divide,1738,1739,1740,10,0.000008
0,0,merge,1738,1739,1740,10,0.000000
0,0,divide,1735,1737,1740,9,0.000037
0,0,merge,1735,1737,1740,9,0.000000
0,0,divide,1741,1741,1742,11,0.000000
0,0,merge,1741,1741,1742,11,0.000000
0,0,divide,1741,1742,1743,10,0.000009
0,0,merge,1741,1742,1743,10,0.000000
0,0,divide,1744,1744,1745,11,0.000000
0,0,merge,1744,1744,1745,11,0.000000
0,0,divide,1744,1745,1746,10,0.000009
0,0,merge,1744,1745,1746,10,0.000000
0,0,divide,1741,1743,1746,9,0.000039
0,0,merge,1741,1743,1746,9,0.000000
0,0,divide,1735,1740,1746,8,0.000257
0,0,merge,1735,1740,1746,8,0.000001
0,0,divide,1747,1747,1748,11,0.000000
0,0,merge,1747,1747,1748,11,0.000000
0,0,divide,1747,1748,1749,10,0.000011
0,0,merge,1747,1748,1749,10,0.000000
0,0,divide,1750,1750,1751,11,0.000000
0,0,merge,1750,1750,1751,11,0.000000
0,0,divide,1750,1751,1752,10,0.000011
0,0,merge,1750,1751,1752,10,0.000000
0,0,divide,1747,1749,1752,9,0.000039
0,0,merge,1747,1749,1752,9,0.000000
0,0,divide,1753,1753,1754,11,0.000000
0,0,merge,1753,1753,1754,11,0.000000
0,0,divide,1753,1754,1755,10,0.000012
0,0,merge,1753,1754,1755,10,0.000000
0,0,divide,1756,1756,1757,11,0.000000
0,0,merge,1756,1756,1757,11,0.000000
0,0,divide,1756,1757,1758,10,0.000010
0,0,merge,1756,1757,1758,10,0.000000
0,0,divide,1753,1755,1758,9,0.000039
0,0,merge,1753,1755,1758,9,0.000000
0,0,divide,1747,1752,1758,8,0.000095
0,0,merge,1747,1752,1758,8,0.000001
0,0,divide,1735,1746,1758,7,0.000376
0,0,merge,1735,1746,1758,7,0.000001
0,0,divide,1759,1759,1760,11,0.000000
0,0,merge,1759,1759,1760,11,0.000000
0,0,divide,1759,1760,1761,10,0.000008
0,0,merge,1759,1760,1761,10,0.000000
0,0,divide,1762,1762,1763,11,0.000000
0,0,merge,1762,1762,1763,11,0.000000
0,0,divide,1762,1763,1764,10,0.000011
0,0,merge,1762,1763,1764,10,0.000000
0,0,divide,1759,1761,1764,9,0.000037
0,0,merge,1759,1761,1764,9,0.000000
0,0,divide,1765,1765,1766,11,0.000000
0,0,merge,1765,1765,1766,11,0.000000
0,0,divide,1765,1766,1767,10,0.000009
0,0,merge,1765,1766,1767,10,0.000000
0,0,divide,1768,1768,1769,11,0.000000
0,0,merge,1768,1768,1769,11,0.000000
0,0,divide,1768,1769,1770,10,0.000010
0,0,merge,1768,1769,1770,10,0.000000
0,0,divide,1765,1767,1770,9,0.000037
0,0,merge,1765,1767,1770,9,0.000000
0,0,divide,1759,1764,1770,8,0.000093
0,0,merge,1759,1764,1770,8,0.000001
0,0,divide,1771,1771,1772,11,0.000000
0,0,merge,1771,1771,1772,11,0.000000
0,0,divide,1771,1772,1773,10,0.000009
0,0,merge,1771,1772,1773,10,0.000000
0,0,divide,1774,1774,1775,11,0.000000
0,0,merge,1774,1774,1775,11,0.000000
0,0,divide,1774,1775,1776,10,0.000009
0,0,merge,1774,1775,1776,10,0.000000
0,0,divide,1771,1773,1776,9,0.000038
0,0,merge,1771,1773,1776,9,0.000000
0,0,divide,1777,1777,1778,11,0.000000
0,0,merge,1777,1777,1778,11,0.000000
0,0,divide,1777,1778,1779,10,0.000008
0,0,merge,1777,1778,1779,10,0.000000
0,0,divide,1780,1780,1781,10,0.000000
0,0,merge,1780,1780,1781,10,0.000000
0,0,divide,1777,1779,1781,9,0.000029
0,0,merge,1777,1779,1781,9,0.000000
0,0,divide,1771,1776,1781,8,0.000086
0,0,merge,1771,1776,1781,8,0.000001
0,0,divide,1759,1770,1781,7,0.000202
0,0,merge,1759,1770,1781,7,0.000001
0,0,divide,1735,1758,1781,6,0.000597
0,0,merge,1735,1758,1781,6,0.000002
0,0,divide,1688,1688,1689,11,0.000000
0,0,merge,1688,1688,1689,11,0.000000
0,0,divide,1688,1689,1690,10,0.000011
0,0,merge,1688,1689,1690,10,0.000000
0,0,divide,1691,1691,1692,11,0.000000
0,0,merge,1691,1691,1692,11,0.000000
0,0,divide,1691,1692,1693,10,0.000008
0,0,merge,1691,1692,1693,10,0.000000
0,0,divide,1688,1690,1693,9,0.000039
0,0,merge,1688,1690,1693,9,0.000000
0,0,divide,1694,1694,1695,11,0.000000
0,0,merge,1694,1694,1695,11,0.000000
0,0,divide,1694,1695,1696,10,0.000014
0,0,merge,1694,1695,1696,10,0.000000
0,0,divide,1697,1697,1698,11,0.000000
0,0,merge,1697,1697,1698,11,0.000000
0,0,divide,1697,1698,1699,10,0.000009
0,0,merge,1697,1698,1699,10,0.000000
0,0,divide,1694,1696,1699,9,0.000044
0,0,merge,1694,1696,1699,9,0.000000
0,0,divide,1688,1693,1699,8,0.000102
0,0,merge,1688,1693,1699,8,0.000001
0,0,divide,1700,1700,1701,11,0.000000
0,0,merge,1700,1700,1701,11,0.000000
0,0,divide,1700,1701,1702,10,0.000008
0,0,merge,1700,1701,1702,10,0.000000
0,0,divide,1703,1703,1704,11,0.000000
0,0,merge,1703,1703,1704,11,0.000000
0,0,divide,1703,1704,1705,10,0.000009
0,0,merge,1703,1704,1705,10,0.000000
0,0,divide,1700,1702,1705,9,0.000040
0,0,merge,1700,1702,1705,9,0.000000
0,0,divide,1706,1706,1707,11,0.000000
0,0,merge,1706,1706,1707,11,0.000000
0,0,divide,1706,1707,1708,10,0.000010
0,0,merge,1706,1707,1708,10,0.000000
0,0,divide,1709,1709,1710,11,0.000000
0,0,merge,1709,1709,1710,11,0.000000
0,0,divide,1709,1710,1711,10,0.000008
0,0,merge,1709,1710,1711,10,0.000000
0,0,divide,1706,1708,1711,9,0.000037
0,0,merge,1706,1708,1711,9,0.000000
0,0,divide,1700,1705,1711,8,0.000094
0,0,merge,1700,1705,1711,8,0.000001
0,0,divide,1688,1699,1711,7,0.000216
0,0,merge,1688,1699,1711,7,0.000001
0,0,divide,1712,1712,1713,11,0.000000
0,0,merge,1712,1712,1713,11,0.000000
0,0,divide,1712,1713,1714,10,0.000008
0,0,merge,1712,1713,1714,10,0.000000
0,0,divide,1715,1715,1716,11,0.000000
0,0,merge,1715,1715,1716,11,0.000000
0,0,divide,1715,1716,1717,10,0.000011
0,0,merge,1715,1716,1717,10,0.000000
0,0,divide,1712,1714,1717,9,0.000037
0,0,merge,1712,1714,1717,9,0.000000
0,0,divide,1718,1718,1719,11,0.000000
0,0,merge,1718,1718,1719,11,0.000000
0,0,divide,1718,1719,1720,10,0.000009
0,0,merge,1718,1719,1720,10,0.000000
0,0,divide,1721,1721,1722,11,0.000000
0,0,merge,1721,1721,1722,11,0.000000
0,0,divide,1721,1722,1723,10,0.000009
0,0,merge,1721,1722,1723,10,0.000000
0,0,divide,1718,1720,1723,9,0.000035
0,0,merge,1718,1720,1723,9,0.000000
0,0,divide,1712,1717,1723,8,0.000092
0,0,merge,1712,1717,1723,8,0.000000
0,0,divide,1724,1724,1725,11,0.000000
0,0,merge,1724,1724,1725,11,0.000000
0,0,divide,1724,1725,1726,10,0.000008
0,0,merge,1724,1725,1726,10,0.000000
0,0,divide,1727,1727,1728,11,0.000000
0,0,merge,1727,1727,1728,11,0.000001
0,0,divide,1727,1728,1729,10,0.001204
0,0,merge,1727,1728,1729,10,0.000001
0,0,divide,1724,1726,1729,9,0.001232
0,0,merge,1724,1726,1729,9,0.000000
0,0,divide,1730,1730,1731,11,0.000000
0,0,merge,1730,1730,1731,11,0.000000
0,0,divide,1730,1731,1732,10,0.000010
0,0,merge,1730,1731,1732,10,0.000000
0,0,divide,1733,1733,1734,10,0.000000
0,0,merge,1733,1733,1734,10,0.000000
0,0,divide,1730,1732,1734,9,0.000031
0,0,merge,1730,1732,1734,9,0.000000
0,0,divide,1724,1729,1734,8,0.001281
0,0,merge,1724,1729,1734,8,0.000000
0,0,divide,1712,1723,1734,7,0.001391
0,0,merge,1712,1723,1734,7,0.000001
0,0,divide,1688,1711,1734,6,0.001627
0,0,merge,1688,1711,1734,6,0.000002
0,0,divide,1688,1734,1781,5,0.002249
0,0,merge,1688,1734,1781,5,0.000004
0,0,divide,1688,1781,1874,4,0.004835
0,0,merge,1688,1781,1874,4,0.000006
0,0,divide,1641,1641,1642,11,0.000000
0,0,merge,1641,1641,1642,11,0.000000
0,0,divide,1641,1642,1643,10,0.000013
0,0,merge,1641,1642,1643,10,0.000000
0,0,divide,1644,1644,1645,11,0.000000
0,0,merge,1644,1644,1645,11,0.000000
0,0,divide,1644,1645,1646,10,0.000009
0,0,merge,1644,1645,1646,10,0.000000
0,0,divide,1641,1643,1646,9,0.000042
0,0,merge,1641,1643,1646,9,0.000000
0,0,divide,1647,1647,1648,11,0.000000
0,0,merge,1647,1647,1648,11,0.000000
0,0,divide,1647,1648,1649,10,0.000009
0,0,merge,1647,1648,1649,10,0.000000
0,0,divide,1650,1650,1651,11,0.000000
0,0,merge,1650,1650,1651,11,0.000000
0,0,divide,1650,1651,1652,10,0.000011
0,0,merge,1650,1651,1652,10,0.000000
0,0,divide,1647,1649,1652,9,0.000043
0,0,merge,1647,1649,1652,9,0.000000
0,0,divide,1641,1646,1652,8,0.000106
0,0,merge,1641,1646,1652,8,0.000000
0,0,divide,1653,1653,1654,11,0.000000
0,0,merge,1653,1653,1654,11,0.000000
0,0,divide,1653,1654,1655,10,0.000009
0,0,merge,1653,1654,1655,10,0.000000
0,0,divide,1656,1656,1657,11,0.000000
0,0,merge,1656,1656,1657,11,0.000000
0,0,divide,1656,1657,1658,10,0.000025
0,0,merge,1656,1657,1658,10,0.000000
0,0,divide,1653,1655,1658,9,0.000055
0,0,merge,1653,1655,1658,9,0.000000
0,0,divide,1659,1659,1660,11,0.000000
0,0,merge,1659,1659,1660,11,0.000000
0,0,divide,1659,1660,1661,10,0.000011
0,0,merge,1659,1660,1661,10,0.000000
0,0,divide,1662,1662,1663,11,0.000000
0,0,merge,1662,1662,1663,11,0.000000
0,0,divide,1662,1663,1664,10,0.000011
0,0,merge,1662,1663,1664,10,0.000000
0,0,divide,1659,1661,1664,9,0.000046
0,0,merge,1659,1661,1664,9,0.000000
0,0,divide,1653,1658,1664,8,0.000122
0,0,merge,1653,1658,1664,8,0.000000
0,0,divide,1641,1652,1664,7,0.000247
0,0,merge,1641,1652,1664,7,0.000001
0,0,divide,1665,1665,1666,11,0.000000
0,0,merge,1665,1665,1666,11,0.000000
0,0,divide,1665,1666,1667,10,0.000009
0,0,merge,1665,1666,1667,10,0.000000
0,0,divide,1668,1668,1669,11,0.000000
0,0,merge,1668,1668,1669,11,0.000000
0,0,divide,1668,1669,1670,10,0.000010
0,0,merge,1668,1669,1670,10,0.000000
0,0,divide,1665,1667,1670,9,0.000039
0,0,merge,1665,1667,1670,9,0.000000
0,0,divide,1671,1671,1672,11,0.000000
0,0,merge,1671,1671,1672,11,0.000000
0,0,divide,1671,1672,1673,10,0.000009
0,0,merge,1671,1672,1673,10,0.000000
0,0,divide,1674,1674,1675,11,0.000000
0,0,merge,1674,1674,1675,11,0.000000
0,0,divide,1674,1675,1676,10,0.000012
0,0,merge,1674,1675,1676,10,0.000000
0,0,divide,1671,1673,1676,9,0.000039
0,0,merge,1671,1673,1676,9,0.000000
0,0,divide,1665,1670,1676,8,0.000102
0,0,merge,1665,1670,1676,8,0.000000
0,0,divide,1677,1677,1678,11,0.000000
0,0,merge,1677,1677,1678,11,0.000000
0,0,divide,1677,1678,1679,10,0.000009
0,0,merge,1677,1678,1679,10,0.000000
0,0,divide,1680,1680,1681,11,0.000000
0,0,merge,1680,1680,1681,11,0.000000
0,0,divide,1680,1681,1682,10,0.000011
0,0,merge,1680,1681,1682,10,0.000000
0,0,divide,1677,1679,1682,9,0.000041
0,0,merge,1677,1679,1682,9,0.000000
0,0,divide,1683,1683,1684,11,0.000000
0,0,merge,1683,1683,1684,11,0.000000
0,0,divide,1683,1684,1685,10,0.000009
0,0,merge,1683,1684,1685,10,0.000000
0,0,divide,1686,1686,1687,10,0.000000
0,0,merge,1686,1686,1687,10,0.000000
0,0,divide,1683,1685,1687,9,0.000030
0,0,merge,1683,1685,1687,9,0.000000
0,0,divide,1677,1682,1687,8,0.000091
0,0,merge,1677,1682,1687,8,0.000000
0,0,divide,1665,1676,1687,7,0.000210
0,0,merge,1665,1676,1687,7,0.000001
0,0,divide,1641,1664,1687,6,0.000479
0,0,merge,1641,1664,1687,6,0.000002
0,0,divide,1594,1594,1595,11,0.000000
0,0,merge,1594,1594,1595,11,0.000000
0,0,divide,1594,1595,1596,10,0.000009
0,0,merge,1594,1595,1596,10,0.000000
0,0,divide,1597,1597,1598,11,0.000000
0,0,merge,1597,1597,1598,11,0.000000
0,0,divide,1597,1598,1599,10,0.000012
0,0,merge,1597,1598,1599,10,0.000000
0,0,divide,1594,1596,1599,9,0.000039
0,0,merge,1594,1596,1599,9,0.000000
0,0,divide,1600,1600,1601,11,0.000000
0,0,merge,1600,1600,1601,11,0.000000
0,0,divide,1600,1601,1602,10,0.000018
0,0,merge,1600,1601,1602,10,0.000000
0,0,divide,1603,1603,1604,11,0.000000
0,0,merge,1603,1603,1604,11,0.000000
0,0,divide,1603,1604,1605,10,0.000008
0,0,merge,1603,1604,1605,10,0.000000
0,0,divide,1600,1602,1605,9,0.000046
0,0,merge,1600,1602,1605,9,0.000000
0,0,divide,1594,1599,1605,8,0.000475
0,0,merge,1594,1599,1605,8,0.000001
0,0,divide,1606,1606,1607,11,0.000000
0,0,merge,1606,1606,1607,11,0.000000
0,0,divide,1606,1607,1608,10,0.000010
0,0,merge,1606,1607,1608,10,0.000000
0,0,divide,1609,1609,1610,11,0.000000
0,0,merge,1609,1609,1610,11,0.000000
0,0,divide,1609,1610,1611,10,0.000008
0,0,merge,1609,1610,1611,10,0.000000
0,0,divide,1606,1608,1611,9,0.000038
0,0,merge,1606,1608,1611,9,0.000000
0,0,divide,1612,1612,1613,11,0.000000
0,0,merge,1612,1612,1613,11,0.000000
0,0,divide,1612,1613,1614,10,0.000008
0,0,merge,1612,1613,1614,10,0.000000
0,0,divide,1615,1615,1616,11,0.000000
0,0,merge,1615,1615,1616,11,0.000000
0,0,divide,1615,1616,1617,10,0.000011
0,0,merge,1615,1616,1617,10,0.000000
0,0,divide,1612,1614,1617,9,0.000036
0,0,merge,1612,1614,1617,9,0.000000
0,0,divide,1606,1611,1617,8,0.000097
0,0,merge,1606,1611,1617,8,0.000001
0,0,divide,1594,1605,1617,7,0.000590
0,0,merge,1594,1605,1617,7,0.000001
0,0,divide,1618,1618,1619,11,0.000000
0,0,merge,1618,1618,1619,11,0.000000
0,0,divide,1618,1619,1620,10,0.000010
0,0,merge,1618,1619,1620,10,0.000000
0,0,divide,1621,1621,1622,11,0.000000
0,0,merge,1621,1621,1622,11,0.000000
0,0,divide,1621,1622,1623,10,0.000010
0,0,merge,1621,1622,1623,10,0.000000
0,0,divide,1618,1620,1623,9,0.000040
0,0,merge,1618,1620,1623,9,0.000000
0,0,divide,1624,1624,1625,11,0.000000
0,0,merge,1624,1624,1625,11,0.000000
0,0,divide,1624,1625,1626,10,0.000010
0,0,merge,1624,1625,1626,10,0.000000
0,0,divide,1627,1627,1628,11,0.000000
0,0,merge,1627,1627,1628,11,0.000000
0,0,divide,1627,1628,1629,10,0.000012
0,0,merge,1627,1628,1629,10,0.000000
0,0,divide,1624,1626,1629,9,0.000038
0,0,merge,1624,1626,1629,9,0.000000
0,0,divide,1618,1623,1629,8,0.000095
0,0,merge,1618,1623,1629,8,0.000001
0,0,divide,1630,1630,1631,11,0.000000
0,0,merge,1630,1630,1631,11,0.000000
0,0,divide,1630,1631,1632,10,0.000009
0,0,merge,1630,1631,1632,10,0.000000
0,0,divide,1633,1633,1634,11,0.000000
0,0,merge,1633,1633,1634,11,0.000000
0,0,divide,1633,1634,1635,10,0.000010
0,0,merge,1633,1634,1635,10,0.000000
0,0,divide,1630,1632,1635,9,0.000037
0,0,merge,1630,1632,1635,9,0.000000
0,0,divide,1636,1636,1637,11,0.000000
0,0,merge,1636,1636,1637,11,0.000000
0,0,divide,1636,1637,1638,10,0.000011
0,0,merge,1636,1637,1638,10,0.000000
0,0,divide,1639,1639,1640,10,0.000000
0,0,merge,1639,1639,1640,10,0.000000
0,0,divide,1636,1638,1640,9,0.000030
0,0,merge,1636,1638,1640,9,0.000000
0,0,divide,1630,1635,1640,8,0.000088
0,0,merge,1630,1635,1640,8,0.000000
0,0,divide,1618,1629,1640,7,0.000202
0,0,merge,1618,1629,1640,7,0.000001
0,0,divide,1594,1617,1640,6,0.000818
0,0,merge,1594,1617,1640,6,0.000002
0,0,divide,1594,1640,1687,5,0.001320
0,0,merge,1594,1640,1687,5,0.000004
0,0,divide,1547,1547,1548,11,0.000000
0,0,merge,1547,1547,1548,11,0.000000
0,0,divide,1547,1548,1549,10,0.000012
0,0,merge,1547,1548,1549,10,0.000000
0,0,divide,1550,1550,1551,11,0.000000
0,0,merge,1550,1550,1551,11,0.000000
0,0,divide,1550,1551,1552,10,0.000008
0,0,merge,1550,1551,1552,10,0.000000
0,0,divide,1547,1549,1552,9,0.000039
0,0,merge,1547,1549,1552,9,0.000000
0,0,divide,1553,1553,1554,11,0.000000
0,0,merge,1553,1553,1554,11,0.000000
0,0,divide,1553,1554,1555,10,0.000008
0,0,merge,1553,1554,1555,10,0.000000
0,0,divide,1556,1556,1557,11,0.000000
0,0,merge,1556,1556,1557,11,0.000000
0,0,divide,1556,1557,1558,10,0.000011
0,0,merge,1556,1557,1558,10,0.000000
0,0,divide,1553,1555,1558,9,0.000040
0,0,merge,1553,1555,1558,9,0.000000
0,0,divide,1547,1552,1558,8,0.000097
0,0,merge,1547,1552,1558,8,0.000001
0,0,divide,1559,1559,1560,11,0.000000
0,0,merge,1559,1559,1560,11,0.000000
0,0,divide,1559,1560,1561,10,0.000009
0,0,merge,1559,1560,1561,10,0.000000
0,0,divide,1562,1562,1563,11,0.000000
0,0,merge,1562,1562,1563,11,0.000000
0,0,divide,1562,1563,1564,10,0.000011
0,0,merge,1562,1563,1564,10,0.000000
0,0,divide,1559,1561,1564,9,0.000037
0,0,merge,1559,1561,1564,9,0.000000
0,0,divide,1565,1565,1566,11,0.000000
0,0,merge,1565,1565,1566,11,0.000000
0,0,divide,1565,1566,1567,10,0.000009
0,0,merge,1565,1566,1567,10,0.000000
0,0,divide,1568,1568,1569,11,0.000000
0,0,merge,1568,1568,1569,11,0.000000
0,0,divide,1568,1569,1570,10,0.000010
0,0,merge,1568,1569,1570,10,0.000000
0,0,divide,1565,1567,1570,9,0.000037
0,0,merge,1565,1567,1570,9,0.000000
0,0,divide,1559,1564,1570,8,0.000096
0,0,merge,1559,1564,1570,8,0.000001
0,0,divide,1547,1558,1570,7,0.000214
0,0,merge,1547,1558,1570,7,0.000001
0,0,divide,1571,1571,1572,11,0.000000
0,0,merge,1571,1571,1572,11,0.000000
0,0,divide,1571,1572,1573,10,0.000011
0,0,merge,1571,1572,1573,10,0.000000
0,0,divide,1574,1574,1575,11,0.000000
0,0,merge,1574,1574,1575,11,0.000000
0,0,divide,1574,1575,1576,10,0.000008
0,0,merge,1574,1575,1576,10,0.000000
0,0,divide,1571,1573,1576,9,0.000038
0,0,merge,1571,1573,1576,9,0.000000
0,0,divide,1577,1577,1578,11,0.000000
0,0,merge,1577,1577,1578,11,0.000000
0,0,divide,1577,1578,1579,10,0.000008
0,0,merge,1577,1578,1579,10,0.000000
0,0,divide,1580,1580,1581,11,0.000000
0,0,merge,1580,1580,1581,11,0.000000
0,0,divide,1580,1581,1582,10,0.000017
0,0,merge,1580,1581,1582,10,0.000000
0,0,divide,1577,1579,1582,9,0.000041
0,0,merge,1577,1579,1582,9,0.000000
0,0,divide,1571,1576,1582,8,0.000098
0,0,merge,1571,1576,1582,8,0.000000
0,0,divide,1583,1583,1584,11,0.000000
0,0,merge,1583,1583,1584,11,0.000000
0,0,divide,1583,1584,1585,10,0.000009
0,0,merge,1583,1584,1585,10,0.000000
0,0,divide,1586,1586,1587,11,0.000000
0,0,merge,1586,1586,1587,11,0.000000
0,0,divide,1586,1587,1588,10,0.000011
0,0,merge,1586,1587,1588,10,0.000000
0,0,divide,1583,1585,1588,9,0.000037
0,0,merge,1583,1585,1588,9,0.000000
0,0,divide,1589,1589,1590,11,0.000000
0,0,merge,1589,1589,1590,11,0.000000
0,0,divide,1589,1590,1591,10,0.000010
0,0,merge,1589,1590,1591,10,0.000000
0,0,divide,1592,1592,1593,10,0.000000
0,0,merge,1592,1592,1593,10,0.000000
0,0,divide,1589,1591,1593,9,0.000029
0,0,merge,1589,1591,1593,9,0.000000
0,0,divide,1583,1588,1593,8,0.000085
0,0,merge,1583,1588,1593,8,0.000000
0,0,divide,1571,1582,1593,7,0.000205
0,0,merge,1571,1582,1593,7,0.000001
0,0,divide,1547,1570,1593,6,0.000439
0,0,merge,1547,1570,1593,6,0.000002
0,0,divide,1500,1500,1501,11,0.000000
0,0,merge,1500,1500,1501,11,0.000001
0,0,divide,1500,1501,1502,10,0.000009
0,0,merge,1500,1501,1502,10,0.000000
0,0,divide,1503,1503,1504,11,0.000000
0,0,merge,1503,1503,1504,11,0.000000
0,0,divide,1503,1504,1505,10,0.000009
0,0,merge,1503,1504,1505,10,0.000000
0,0,divide,1500,1502,1505,9,0.000518
0,0,merge,1500,1502,1505,9,0.000001
0,0,divide,1506,1506,1507,11,0.000000
0,0,merge,1506,1506,1507,11,0.000000
0,0,divide,1506,1507,1508,10,0.000013
0,0,merge,1506,1507,1508,10,0.000000
0,0,divide,1509,1509,1510,11,0.000000
0,0,merge,1509,1509,1510,11,0.000000
0,0,divide,1509,1510,1511,10,0.000010
0,0,merge,1509,1510,1511,10,0.000000
0,0,divide,1506,1508,1511,9,0.000040
0,0,merge,1506,1508,1511,9,0.000000
0,0,divide,1500,1505,1511,8,0.000662
0,0,merge,1500,1505,1511,8,0.000001
0,0,divide,1512,1512,1513,11,0.000000
0,0,merge,1512,1512,1513,11,0.000000
0,0,divide,1512,1513,1514,10,0.000011
0,0,merge,1512,1513,1514,10,0.000000
0,0,divide,1515,1515,1516,11,0.000000
0,0,merge,1515,1515,1516,11,0.000000
0,0,divide,1515,1516,1517,10,0.000011
0,0,merge,1515,1516,1517,10,0.000000
0,0,divide,1512,1514,1517,9,0.000040
0,0,merge,1512,1514,1517,9,0.000000
0,0,divide,1518,1518,1519,11,0.000000
0,0,merge,1518,1518,1519,11,0.000000
0,0,divide,1518,1519,1520,10,0.000009
0,0,merge,1518,1519,1520,10,0.000000
0,0,divide,1521,1521,1522,11,0.000000
0,0,merge,1521,1521,1522,11,0.000000
0,0,divide,1521,1522,1523,10,0.000009
0,0,merge,1521,1522,1523,10,0.000000
0,0,divide,1518,1520,1523,9,0.000039
0,0,merge,1518,1520,1523,9,0.000000
0,0,divide,1512,1517,1523,8,0.000100
0,0,merge,1512,1517,1523,8,0.000000
0,0,divide,1500,1511,1523,7,0.000779
0,0,merge,1500,1511,1523,7,0.000001
0,0,divide,1524,1524,1525,11,0.000000
0,0,merge,1524,1524,1525,11,0.000000
0,0,divide,1524,1525,1526,10,0.000012
0,0,merge,1524,1525,1526,10,0.000000
0,0,divide,1527,1527,1528,11,0.000000
0,0,merge,1527,1527,1528,11,0.000000
0,0,divide,1527,1528,1529,10,0.000008
0,0,merge,1527,1528,1529,10,0.000000
0,0,divide,1524,1526,1529,9,0.000040
0,0,merge,1524,1526,1529,9,0.000000
0,0,divide,1530,1530,1531,11,0.000000
0,0,merge,1530,1530,1531,11,0.000000
0,0,divide,1530,1531,1532,10,0.000008
0,0,merge,1530,1531,1532,10,0.000000
0,0,divide,1533,1533,1534,11,0.000000
0,0,merge,1533,1533,1534,11,0.000000
0,0,divide,1533,1534,1535,10,0.000008
0,0,merge,1533,1534,1535,10,0.000000
0,0,divide,1530,1532,1535,9,0.000035
0,0,merge,1530,1532,1535,9,0.000000
0,0,divide,1524,1529,1535,8,0.000095
0,0,merge,1524,1529,1535,8,0.000000
0,0,divide,1536,1536,1537,11,0.000000
0,0,merge,1536,1536,1537,11,0.000000
0,0,divide,1536,1537,1538,10,0.000010
0,0,merge,1536,1537,1538,10,0.000000
0,0,divide,1539,1539,1540,11,0.000000
0,0,merge,1539,1539,1540,11,0.000000
0,0,divide,1539,1540,1541,10,0.000008
0,0,merge,1539,1540,1541,10,0.000000
0,0,divide,1536,1538,1541,9,0.000036
0,0,merge,1536,1538,1541,9,0.000000
0,0,divide,1542,1542,1543,11,0.000000
0,0,merge,1542,1542,1543,11,0.000000
0,0,divide,1542,1543,1544,10,0.000015
0,0,merge,1542,1543,1544,10,0.000000
0,0,divide,1545,1545,1546,10,0.000000
0,0,merge,1545,1545,1546,10,0.000000
0,0,divide,1542,1544,1546,9,0.000035
0,0,merge,1542,1544,1546,9,0.000000
0,0,divide,1536,1541,1546,8,0.000091
0,0,merge,1536,1541,1546,8,0.000001
0,0,divide,1524,1535,1546,7,0.000206
0,0,merge,1524,1535,1546,7,0.000001
0,0,divide,1500,1523,1546,6,0.001003
0,0,merge,1500,1523,1546,6,0.000002
0,0,divide,1500,1546,1593,5,0.001463
0,0,merge,1500,1546,1593,5,0.000004
0,0,divide,1500,1593,1687,4,0.002810
0,0,merge,1500,1593,1687,4,0.000011
0,0,divide,1500,1687,1874,3,0.007684
0,0,merge,1500,1687,1874,3,0.000013
0,0,divide,1500,1874,2249,2,0.016663
0,0,merge,1500,1874,2249,2,0.000025
0,0,divide,1500,2249,2999,1,0.036612
0,0,merge,1500,2249,2999,1,0.000082
0,0,divide,1454,1454,1455,11,0.000000
0,0,merge,1454,1454,1455,11,0.000000
0,0,divide,1454,1455,1456,10,0.000019
0,0,merge,1454,1455,1456,10,0.000000
0,0,divide,1457,1457,1458,11,0.000000
0,0,merge,1457,1457,1458,11,0.000000
0,0,divide,1457,1458,1459,10,0.000019
0,0,merge,1457,1458,1459,10,0.000000
0,0,divide,1454,1456,1459,9,0.000056
0,0,merge,1454,1456,1459,9,0.000000
0,0,divide,1460,1460,1461,11,0.000000
0,0,merge,1460,1460,1461,11,0.000000
0,0,divide,1460,1461,1462,10,0.000008
0,0,merge,1460,1461,1462,10,0.000000
0,0,divide,1463,1463,1464,11,0.000000
0,0,merge,1463,1463,1464,11,0.000000
0,0,divide,1463,1464,1465,10,0.000009
0,0,merge,1463,1464,1465,10,0.000006
0,0,divide,1460,1462,1465,9,0.000055
0,0,merge,1460,1462,1465,9,0.000000
0,0,divide,1454,1459,1465,8,0.000137
0,0,merge,1454,1459,1465,8,0.000000
0,0,divide,1466,1466,1467,11,0.000000
0,0,merge,1466,1466,1467,11,0.000000
0,0,divide,1466,1467,1468,10,0.000012
0,0,merge,1466,1467,1468,10,0.000000
0,0,divide,1469,1469,1470,11,0.000000
0,0,merge,1469,1469,1470,11,0.000000
0,0,divide,1469,1470,1471,10,0.000012
0,0,merge,1469,1470,1471,10,0.000000
0,0,divide,1466,1468,1471,9,0.000055
0,0,merge,1466,1468,1471,9,0.000000
0,0,divide,1472,1472,1473,11,0.000000
0,0,merge,1472,1472,1473,11,0.000000
0,0,divide,1472,1473,1474,10,0.000017
0,0,merge,1472,1473,1474,10,0.000000
0,0,divide,1475,1475,1476,10,0.000000
0,0,merge,1475,1475,1476,10,0.000000
0,0,divide,1472,1474,1476,9,0.000045
0,0,merge,1472,1474,1476,9,0.000000
0,0,divide,1466,1471,1476,8,0.000118
0,0,merge,1466,1471,1476,8,0.000000
0,0,divide,1454,1465,1476,7,0.000287
0,0,merge,1454,1465,1476,7,0.000001
0,0,divide,1477,1477,1478,11,0.000000
0,0,merge,1477,1477,1478,11,0.000000
0,0,divide,1477,1478,1479,10,0.000009
0,0,merge,1477,1478,1479,10,0.000000
0,0,divide,1480,1480,1481,11,0.000000
0,0,merge,1480,1480,1481,11,0.000000
0,0,divide,1480,1481,1482,10,0.000011
0,0,merge,1480,1481,1482,10,0.000000
0,0,divide,1477,1479,1482,9,0.000142
0,0,merge,1477,1479,1482,9,0.000000
0,0,divide,1483,1483,1484,11,0.000000
0,0,merge,1483,1483,1484,11,0.000000
0,0,divide,1483,1484,1485,10,0.000012
0,0,merge,1483,1484,1485,10,0.000000
0,0,divide,1486,1486,1487,11,0.000000
0,0,merge,1486,1486,1487,11,0.000000
0,0,divide,1486,1487,1488,10,0.000008
0,0,merge,1486,1487,1488,10,0.000000
0,0,divide,1483,1485,1488,9,0.000038
0,0,merge,1483,1485,1488,9,0.000000
0,0,divide,1477,1482,1488,8,0.000207
0,0,merge,1477,1482,1488,8,0.000000
0,0,divide,1489,1489,1490,11,0.000000
0,0,merge,1489,1489,1490,11,0.000000
0,0,divide,1489,1490,1491,10,0.000017
0,0,merge,1489,1490,1491,10,0.000000
0,0,divide,1492,1492,1493,11,0.000000
0,0,merge,1492,1492,1493,11,0.000000
0,0,divide,1492,1493,1494,10,0.000016
0,0,merge,1492,1493,1494,10,0.000000
0,0,divide,1489,1491,1494,9,0.000051
0,0,merge,1489,1491,1494,9,0.000000
0,0,divide,1495,1495,1496,11,0.000000
0,0,merge,1495,1495,1496,11,0.000000
0,0,divide,1495,1496,1497,10,0.000009
0,0,merge,1495,1496,1497,10,0.000000
0,0,divide,1498,1498,1499,10,0.000000
0,0,merge,1498,1498,1499,10,0.000000
0,0,divide,1495,1497,1499,9,0.000034
0,0,merge,1495,1497,1499,9,0.000000
0,0,divide,1489,1494,1499,8,0.000110
0,0,merge,1489,1494,1499,8,0.000001
0,0,divide,1477,1488,1499,7,0.000345
0,0,merge,1477,1488,1499,7,0.000001
0,0,divide,1454,1476,1499,6,0.000671
0,0,merge,1454,1476,1499,6,0.000002
0,0,divide,1407,1407,1408,11,0.000000
0,0,merge,1407,1407,1408,11,0.000000
0,0,divide,1407,1408,1409,10,0.000017
0,0,merge,1407,1408,1409,10,0.000000
0,0,divide,1410,1410,1411,11,0.000000
0,0,merge,1410,1410,1411,11,0.000000
0,0,divide,1410,1411,1412,10,0.001046
0,0,merge,1410,1411,1412,10,0.000001
0,0,divide,1407,1409,1412,9,0.001086
0,0,merge,1407,1409,1412,9,0.000001
0,0,divide,1413,1413,1414,11,0.000000
0,0,merge,1413,1413,1414,11,0.000000
0,0,divide,1413,1414,1415,10,0.000011
0,0,merge,1413,1414,1415,10,0.000000
0,0,divide,1416,1416,1417,11,0.000000
0,0,merge,1416,1416,1417,11,0.000000
0,0,divide,1416,1417,1418,10,0.000011
0,0,merge,1416,1417,1418,10,0.000000
0,0,divide,1413,1415,1418,9,0.000040
0,0,merge,1413,1415,1418,9,0.000000
0,0,divide,1407,1412,1418,8,0.001147
0,0,merge,1407,1412,1418,8,0.000000
0,0,divide,1419,1419,1420,11,0.000000
0,0,merge,1419,1419,1420,11,0.000000
0,0,divide,1419,1420,1421,10,0.000012
0,0,merge,1419,1420,1421,10,0.000000
0,0,divide,1422,1422,1423,11,0.000000
0,0,merge,1422,1422,1423,11,0.000000
0,0,divide,1422,1423,1424,10,0.000008
0,0,merge,1422,1423,1424,10,0.000000
0,0,divide,1419,1421,1424,9,0.000038
0,0,merge,1419,1421,1424,9,0.000000
0,0,divide,1425,1425,1426,11,0.000000
0,0,merge,1425,1425,1426,11,0.000000
0,0,divide,1425,1426,1427,10,0.000008
0,0,merge,1425,1426,1427,10,0.000000
0,0,divide,1428,1428,1429,11,0.000000
0,0,merge,1428,1428,1429,11,0.000000
0,0,divide,1428,1429,1430,10,0.000009
0,0,merge,1428,1429,1430,10,0.000000
0,0,divide,1425,1427,1430,9,0.000036
0,0,merge,1425,1427,1430,9,0.000000
0,0,divide,1419,1424,1430,8,0.000095
0,0,merge,1419,1424,1430,8,0.000000
0,0,divide,1407,1418,1430,7,0.001262
0,0,merge,1407,1418,1430,7,0.000001
0,0,divide,1431,1431,1432,11,0.000000
0,0,merge,1431,1431,1432,11,0.000000
0,0,divide,1431,1432,1433,10,0.000011
0,0,merge,1431,1432,1433,10,0.000000
0,0,divide,1434,1434,1435,11,0.000000
0,0,merge,1434,1434,1435,11,0.000000
0,0,divide,1434,1435,1436,10,0.000010
0,0,merge,1434,1435,1436,10,0.000000
0,0,divide,1431,1433,1436,9,0.000039
0,0,merge,1431,1433,1436,9,0.000000
0,0,divide,1437,1437,1438,11,0.000000
0,0,merge,1437,1437,1438,11,0.000000
0,0,divide,1437,1438,1439,10,0.000009
0,0,merge,1437,1438,1439,10,0.000000
0,0,divide,1440,1440,1441,11,0.000000
0,0,merge,1440,1440,1441,11,0.000000
0,0,divide,1440,1441,1442,10,0.000009
0,0,merge,1440,1441,1442,10,0.000000
0,0,divide,1437,1439,1442,9,0.000037
0,0,merge,1437,1439,1442,9,0.000000
0,0,divide,1431,1436,1442,8,0.000094
0,0,merge,1431,1436,1442,8,0.000001
0,0,divide,1443,1443,1444,11,0.000000
0,0,merge,1443,1443,1444,11,0.000000
0,0,divide,1443,1444,1445,10,0.000008
0,0,merge,1443,1444,1445,10,0.000000
0,0,divide,1446,1446,1447,11,0.000000
0,0,merge,1446,1446,1447,11,0.000000
0,0,divide,1446,1447,1448,10,0.000010
0,0,merge,1446,1447,1448,10,0.000000
0,0,divide,1443,1445,1448,9,0.000035
0,0,merge,1443,1445,1448,9,0.000000
0,0,divide,1449,1449,1450,11,0.000000
0,0,merge,1449,1449,1450,11,0.000000
0,0,divide,1449,1450,1451,10,0.000008
0,0,merge,1449,1450,1451,10,0.000000
0,0,divide,1452,1452,1453,10,0.000000
0,0,merge,1452,1452,1453,10,0.000000
0,0,divide,1449,1451,1453,9,0.000029
0,0,merge,1449,1451,1453,9,0.000000
0,0,divide,1443,1448,1453,8,0.000087
0,0,merge,1443,1448,1453,8,0.000001
0,0,divide,1431,1442,1453,7,0.000203
0,0,merge,1431,1442,1453,7,0.000001
0,0,divide,1407,1430,1453,6,0.001485
0,0,merge,1407,1430,1453,6,0.000002
0,0,divide,1407,1453,1499,5,0.002178
0,0,merge,1407,1453,1499,5,0.000004
0,0,divide,1360,1360,1361,11,0.000000
0,0,merge,1360,1360,1361,11,0.000000
0,0,divide,1360,1361,1362,10,0.000010
0,0,merge,1360,1361,1362,10,0.000000
0,0,divide,1363,1363,1364,11,0.000000
0,0,merge,1363,1363,1364,11,0.000000
0,0,divide,1363,1364,1365,10,0.000010
0,0,merge,1363,1364,1365,10,0.000000
0,0,divide,1360,1362,1365,9,0.000041
0,0,merge,1360,1362,1365,9,0.000000
0,0,divide,1366,1366,1367,11,0.000000
0,0,merge,1366,1366,1367,11,0.000000
0,0,divide,1366,1367,1368,10,0.000012
0,0,merge,1366,1367,1368,10,0.000000
0,0,divide,1369,1369,1370,11,0.000000
0,0,merge,1369,1369,1370,11,0.000000
0,0,divide,1369,1370,1371,10,0.000010
0,0,merge,1369,1370,1371,10,0.000000
0,0,divide,1366,1368,1371,9,0.000049
0,0,merge,1366,1368,1371,9,0.000000
0,0,divide,1360,1365,1371,8,0.000106
0,0,merge,1360,1365,1371,8,0.000001
0,0,divide,1372,1372,1373,11,0.000000
0,0,merge,1372,1372,1373,11,0.000000
0,0,divide,1372,1373,1374,10,0.000009
0,0,merge,1372,1373,1374,10,0.000000
0,0,divide,1375,1375,1376,11,0.000000
0,0,merge,1375,1375,1376,11,0.000000
0,0,divide,1375,1376,1377,10,0.000009
0,0,merge,1375,1376,1377,10,0.000000
0,0,divide,1372,1374,1377,9,0.000037
0,0,merge,1372,1374,1377,9,0.000000
0,0,divide,1378,1378,1379,11,0.000000
0,0,merge,1378,1378,1379,11,0.000000
0,0,divide,1378,1379,1380,10,0.000008
0,0,merge,1378,1379,1380,10,0.000000
0,0,divide,1381,1381,1382,11,0.000000
0,0,merge,1381,1381,1382,11,0.000000
0,0,divide,1381,1382,1383,10,0.000010
0,0,merge,1381,1382,1383,10,0.000000
0,0,divide,1378,1380,1383,9,0.000036
0,0,merge,1378,1380,1383,9,0.000000
0,0,divide,1372,1377,1383,8,0.000091
0,0,merge,1372,1377,1383,8,0.000000
0,0,divide,1360,1371,1383,7,0.000217
0,0,merge,1360,1371,1383,7,0.000001
0,0,divide,1384,1384,1385,11,0.000000
0,0,merge,1384,1384,1385,11,0.000000
0,0,divide,1384,1385,1386,10,0.000009
0,0,merge,1384,1385,1386,10,0.000000
0,0,divide,1387,1387,1388,11,0.000000
0,0,merge,1387,1387,1388,11,0.000000
0,0,divide,1387,1388,1389,10,0.000011
0,0,merge,1387,1388,1389,10,0.000000
0,0,divide,1384,1386,1389,9,0.000037
0,0,merge,1384,1386,1389,9,0.000000
0,0,divide,1390,1390,1391,11,0.000000
0,0,merge,1390,1390,1391,11,0.000000
0,0,divide,1390,1391,1392,10,0.000011
0,0,merge,1390,1391,1392,10,0.000000
0,0,divide,1393,1393,1394,11,0.000000
0,0,merge,1393,1393,1394,11,0.000000
0,0,divide,1393,1394,1395,10,0.000008
0,0,merge,1393,1394,1395,10,0.000000
0,0,divide,1390,1392,1395,9,0.000039
0,0,merge,1390,1392,1395,9,0.000000
0,0,divide,1384,1389,1395,8,0.000094
0,0,merge,1384,1389,1395,8,0.000001
0,0,divide,1396,1396,1397,11,0.000000
0,0,merge,1396,1396,1397,11,0.000000
0,0,divide,1396,1397,1398,10,0.000010
0,0,merge,1396,1397,1398,10,0.000000
0,0,divide,1399,1399,1400,11,0.000000
0,0,merge,1399,1399,1400,11,0.000000
0,0,divide,1399,1400,1401,10,0.000008
0,0,merge,1399,1400,1401,10,0.000000
0,0,divide,1396,1398,1401,9,0.000038
0,0,merge,1396,1398,1401,9,0.000000
0,0,divide,1402,1402,1403,11,0.000000
0,0,merge,1402,1402,1403,11,0.000000
0,0,divide,1402,1403,1404,10,0.000008
0,0,merge,1402,1403,1404,10,0.000000
0,0,divide,1405,1405,1406,10,0.000000
0,0,merge,1405,1405,1406,10,0.000000
0,0,divide,1402,1404,1406,9,0.000028
0,0,merge,1402,1404,1406,9,0.000000
0,0,divide,1396,1401,1406,8,0.000085
0,0,merge,1396,1401,1406,8,0.000000
0,0,divide,1384,1395,1406,7,0.000198
0,0,merge,1384,1395,1406,7,0.000001
0,0,divide,1360,1383,1406,6,0.000438
0,0,merge,1360,1383,1406,6,0.000002
0,0,divide,1313,1313,1314,11,0.000000
0,0,merge,1313,1313,1314,11,0.000000
0,0,divide,1313,1314,1315,10,0.000009
0,0,merge,1313,1314,1315,10,0.000000
0,0,divide,1316,1316,1317,11,0.000000
0,0,merge,1316,1316,1317,11,0.000000
0,0,divide,1316,1317,1318,10,0.000009
0,0,merge,1316,1317,1318,10,0.000000
0,0,divide,1313,1315,1318,9,0.000040
0,0,merge,1313,1315,1318,9,0.000000
0,0,divide,1319,1319,1320,11,0.000000
0,0,merge,1319,1319,1320,11,0.000000
0,0,divide,1319,1320,1321,10,0.000008
0,0,merge,1319,1320,1321,10,0.000000
0,0,divide,1322,1322,1323,11,0.000000
0,0,merge,1322,1322,1323,11,0.000001
0,0,divide,1322,1323,1324,10,0.000693
0,0,merge,1322,1323,1324,10,0.000000
0,0,divide,1319,1321,1324,9,0.000726
0,0,merge,1319,1321,1324,9,0.000000
0,0,divide,1313,1318,1324,8,0.000785
0,0,merge,1313,1318,1324,8,0.000001
0,0,divide,1325,1325,1326,11,0.000000
0,0,merge,1325,1325,1326,11,0.000000
0,0,divide,1325,1326,1327,10,0.000009
0,0,merge,1325,1326,1327,10,0.000000
0,0,divide,1328,1328,1329,11,0.000000
0,0,merge,1328,1328,1329,11,0.000000
0,0,divide,1328,1329,1330,10,0.000010
0,0,merge,1328,1329,1330,10,0.000000
0,0,divide,1325,1327,1330,9,0.000037
0,0,merge,1325,1327,1330,9,0.000000
0,0,divide,1331,1331,1332,11,0.000000
0,0,merge,1331,1331,1332,11,0.000000
0,0,divide,1331,1332,1333,10,0.000009
0,0,merge,1331,1332,1333,10,0.000000
0,0,divide,1334,1334,1335,11,0.000000
0,0,merge,1334,1334,1335,11,0.000000
0,0,divide,1334,1335,1336,10,0.000010
0,0,merge,1334,1335,1336,10,0.000000
0,0,divide,1331,1333,1336,9,0.000038
0,0,merge,1331,1333,1336,9,0.000000
0,0,divide,1325,1330,1336,8,0.000098
0,0,merge,1325,1330,1336,8,0.000000
0,0,divide,1313,1324,1336,7,0.000904
0,0,merge,1313,1324,1336,7,0.000001
0,0,divide,1337,1337,1338,11,0.000000
0,0,merge,1337,1337,1338,11,0.000000
0,0,divide,1337,1338,1339,10,0.000014
0,0,merge,1337,1338,1339,10,0.000000
0,0,divide,1340,1340,1341,11,0.000000
0,0,merge,1340,1340,1341,11,0.000001
0,0,divide,1340,1341,1342,10,0.000010
0,0,merge,1340,1341,1342,10,0.000000
0,0,divide,1337,1339,1342,9,0.000044
0,0,merge,1337,1339,1342,9,0.000000
0,0,divide,1343,1343,1344,11,0.000000
0,0,merge,1343,1343,1344,11,0.000000
0,0,divide,1343,1344,1345,10,0.000011
0,0,merge,1343,1344,1345,10,0.000000
0,0,divide,1346,1346,1347,11,0.000000
0,0,merge,1346,1346,1347,11,0.000000
0,0,divide,1346,1347,1348,10,0.000010
0,0,merge,1346,1347,1348,10,0.000000
0,0,divide,1343,1345,1348,9,0.000037
0,0,merge,1343,1345,1348,9,0.000000
0,0,divide,1337,1342,1348,8,0.000102
0,0,merge,1337,1342,1348,8,0.000000
0,0,divide,1349,1349,1350,11,0.000000
0,0,merge,1349,1349,1350,11,0.000000
0,0,divide,1349,1350,1351,10,0.000012
0,0,merge,1349,1350,1351,10,0.000000
0,0,divide,1352,1352,1353,11,0.000000
0,0,merge,1352,1352,1353,11,0.000000
0,0,divide,1352,1353,1354,10,0.000010
0,0,merge,1352,1353,1354,10,0.000000
0,0,divide,1349,1351,1354,9,0.000041
0,0,merge,1349,1351,1354,9,0.000000
0,0,divide,1355,1355,1356,11,0.000000
0,0,merge,1355,1355,1356,11,0.000000
0,0,divide,1355,1356,1357,10,0.000017
0,0,merge,1355,1356,1357,10,0.000000
0,0,divide,1358,1358,1359,10,0.000000
0,0,merge,1358,1358,1359,10,0.000000
0,0,divide,1355,1357,1359,9,0.000037
0,0,merge,1355,1357,1359,9,0.000000
0,0,divide,1349,1354,1359,8,0.001115
0,0,merge,1349,1354,1359,8,0.000001
0,0,divide,1337,1348,1359,7,0.001234
0,0,merge,1337,1348,1359,7,0.000001
0,0,divide,1313,1336,1359,6,0.002161
0,0,merge,1313,1336,1359,6,0.000002
0,0,divide,1313,1359,1406,5,0.002620
0,0,merge,1313,1359,1406,5,0.000004
0,0,divide,1313,1406,1499,4,0.004826
0,0,merge,1313,1406,1499,4,0.000007
0,0,divide,1266,1266,1267,11,0.000000
0,0,merge,1266,1266,1267,11,0.000001
0,0,divide,1266,1267,1268,10,0.000009
0,0,merge,1266,1267,1268,10,0.000000
0,0,divide,1269,1269,1270,11,0.000000
0,0,merge,1269,1269,1270,11,0.000000
0,0,divide,1269,1270,1271,10,0.000010
0,0,merge,1269,1270,1271,10,0.000000
0,0,divide,1266,1268,1271,9,0.000038
0,0,merge,1266,1268,1271,9,0.000000
0,0,divide,1272,1272,1273,11,0.000000
0,0,merge,1272,1272,1273,11,0.000000
0,0,divide,1272,1273,1274,10,0.000011
0,0,merge,1272,1273,1274,10,0.000000
0,0,divide,1275,1275,1276,11,0.000000
0,0,merge,1275,1275,1276,11,0.000000
0,0,divide,1275,1276,1277,10,0.000012
0,0,merge,1275,1276,1277,10,0.000000
0,0,divide,1272,1274,1277,9,0.000039
0,0,merge,1272,1274,1277,9,0.000000
0,0,divide,1266,1271,1277,8,0.000096
0,0,merge,1266,1271,1277,8,0.000001
0,0,divide,1278,1278,1279,11,0.000000
0,0,merge,1278,1278,1279,11,0.000000
0,0,divide,1278,1279,1280,10,0.000008
0,0,merge,1278,1279,1280,10,0.000000
0,0,divide,1281,1281,1282,11,0.000000
0,0,merge,1281,1281,1282,11,0.000000
0,0,divide,1281,1282,1283,10,0.000012
0,0,merge,1281,1282,1283,10,0.000000
0,0,divide,1278,1280,1283,9,0.000037
0,0,merge,1278,1280,1283,9,0.000000
0,0,divide,1284,1284,1285,11,0.000000
0,0,merge,1284,1284,1285,11,0.000000
0,0,divide,1284,1285,1286,10,0.000011
0,0,merge,1284,1285,1286,10,0.000000
0,0,divide,1287,1287,1288,11,0.000000
0,0,merge,1287,1287,1288,11,0.000000
0,0,divide,1287,1288,1289,10,0.000011
0,0,merge,1287,1288,1289,10,0.000000
0,0,divide,1284,1286,1289,9,0.000040
0,0,merge,1284,1286,1289,9,0.000000
0,0,divide,1278,1283,1289,8,0.000097
0,0,merge,1278,1283,1289,8,0.000000
0,0,divide,1266,1277,1289,7,0.000211
0,0,merge,1266,1277,1289,7,0.000001
0,0,divide,1290,1290,1291,11,0.000000
0,0,merge,1290,1290,1291,11,0.000000
0,0,divide,1290,1291,1292,10,0.000013
0,0,merge,1290,1291,1292,10,0.000000
0,0,divide,1293,1293,1294,11,0.000000
0,0,merge,1293,1293,1294,11,0.000000
0,0,divide,1293,1294,1295,10,0.000010
0,0,merge,1293,1294,1295,10,0.000000
0,0,divide,1290,1292,1295,9,0.000043
0,0,merge,1290,1292,1295,9,0.000000
0,0,divide,1296,1296,1297,11,0.000000
0,0,merge,1296,1296,1297,11,0.000000
0,0,divide,1296,1297,1298,10,0.000008
0,0,merge,1296,1297,1298,10,0.000000
0,0,divide,1299,1299,1300,11,0.000000
0,0,merge,1299,1299,1300,11,0.000000
0,0,divide,1299,1300,1301,10,0.000009
0,0,merge,1299,1300,1301,10,0.000000
0,0,divide,1296,1298,1301,9,0.000040
0,0,merge,1296,1298,1301,9,0.000000
0,0,divide,1290,1295,1301,8,0.000100
0,0,merge,1290,1295,1301,8,0.000000
0,0,divide,1302,1302,1303,11,0.000000
0,0,merge,1302,1302,1303,11,0.000000
0,0,divide,1302,1303,1304,10,0.000011
0,0,merge,1302,1303,1304,10,0.000000
0,0,divide,1305,1305,1306,11,0.000000
0,0,merge,1305,1305,1306,11,0.000000
0,0,divide,1305,1306,1307,10,0.000008
0,0,merge,1305,1306,1307,10,0.000000
0,0,divide,1302,1304,1307,9,0.000038
0,0,merge,1302,1304,1307,9,0.000000
0,0,divide,1308,1308,1309,11,0.000000
0,0,merge,1308,1308,1309,11,0.000000
0,0,divide,1308,1309,1310,10,0.000008
0,0,merge,1308,1309,1310,10,0.000000
0,0,divide,1311,1311,1312,10,0.000000
0,0,merge,1311,1311,1312,10,0.000000
0,0,divide,1308,1310,1312,9,0.000032
0,0,merge,1308,1310,1312,9,0.000000
0,0,divide,1302,1307,1312,8,0.000089
0,0,merge,1302,1307,1312,8,0.000000
0,0,divide,1290,1301,1312,7,0.000207
0,0,merge,1290,1301,1312,7,0.000001
0,0,divide,1266,1289,1312,6,0.000444
0,0,merge,1266,1289,1312,6,0.000002
0,0,divide,1219,1219,1220,11,0.000000
0,0,merge,1219,1219,1220,11,0.000000
0,0,divide,1219,1220,1221,10,0.000014
0,0,merge,1219,1220,1221,10,0.000000
0,0,divide,1222,1222,1223,11,0.000000
0,0,merge,1222,1222,1223,11,0.000000
0,0,divide,1222,1223,1224,10,0.000008
0,0,merge,1222,1223,1224,10,0.000000
0,0,divide,1219,1221,1224,9,0.000042
0,0,merge,1219,1221,1224,9,0.000000
0,0,divide,1225,1225,1226,11,0.000000
0,0,merge,1225,1225,1226,11,0.000000
0,0,divide,1225,1226,1227,10,0.000008
0,0,merge,1225,1226,1227,10,0.000000
0,0,divide,1228,1228,1229,11,0.000000
0,0,merge,1228,1228,1229,11,0.000000
0,0,divide,1228,1229,1230,10,0.000009
0,0,merge,1228,1229,1230,10,0.000000
0,0,divide,1225,1227,1230,9,0.000035
0,0,merge,1225,1227,1230,9,0.000000
0,0,divide,1219,1224,1230,8,0.000097
0,0,merge,1219,1224,1230,8,0.000000
0,0,divide,1231,1231,1232,11,0.000000
0,0,merge,1231,1231,1232,11,0.000000
0,0,divide,1231,1232,1233,10,0.000009
0,0,merge,1231,1232,1233,10,0.000000
0,0,divide,1234,1234,1235,11,0.000000
0,0,merge,1234,1234,1235,11,0.000000
0,0,divide,1234,1235,1236,10,0.000012
0,0,merge,1234,1235,1236,10,0.000000
0,0,divide,1231,1233,1236,9,0.000037
0,0,merge,1231,1233,1236,9,0.000000
0,0,divide,1237,1237,1238,11,0.000000
0,0,merge,1237,1237,1238,11,0.000000
0,0,divide,1237,1238,1239,10,0.000012
0,0,merge,1237,1238,1239,10,0.000000
0,0,divide,1240,1240,1241,11,0.000000
0,0,merge,1240,1240,1241,11,0.000000
0,0,divide,1240,1241,1242,10,0.000010
0,0,merge,1240,1241,1242,10,0.000000
0,0,divide,1237,1239,1242,9,0.000040
0,0,merge,1237,1239,1242,9,0.000000
0,0,divide,1231,1236,1242,8,0.000094
0,0,merge,1231,1236,1242,8,0.000001
0,0,divide,1219,1230,1242,7,0.000213
0,0,merge,1219,1230,1242,7,0.000001
0,0,divide,1243,1243,1244,11,0.000000
0,0,merge,1243,1243,1244,11,0.000000
0,0,divide,1243,1244,1245,10,0.000009
0,0,merge,1243,1244,1245,10,0.000000
0,0,divide,1246,1246,1247,11,0.000000
0,0,merge,1246,1246,1247,11,0.000000
0,0,divide,1246,1247,1248,10,0.000011
0,0,merge,1246,1247,1248,10,0.000000
0,0,divide,1243,1245,1248,9,0.000037
0,0,merge,1243,1245,1248,9,0.000000
0,0,divide,1249,1249,1250,11,0.000000
0,0,merge,1249,1249,1250,11,0.000000
0,0,divide,1249,1250,1251,10,0.000011
0,0,merge,1249,1250,1251,10,0.000000
0,0,divide,1252,1252,1253,11,0.000000
0,0,merge,1252,1252,1253,11,0.000000
0,0,divide,1252,1253,1254,10,0.000008
0,0,merge,1252,1253,1254,10,0.000000
0,0,divide,1249,1251,1254,9,0.000043
0,0,merge,1249,1251,1254,9,0.000000
0,0,divide,1243,1248,1254,8,0.000099
0,0,merge,1243,1248,1254,8,0.000000
0,0,divide,1255,1255,1256,11,0.000000
0,0,merge,1255,1255,1256,11,0.000000
0,0,divide,1255,1256,1257,10,0.000011
0,0,merge,1255,1256,1257,10,0.000000
0,0,divide,1258,1258,1259,11,0.000000
0,0,merge,1258,1258,1259,11,0.000000
0,0,divide,1258,1259,1260,10,0.000008
0,0,merge,1258,1259,1260,10,0.000000
0,0,divide,1255,1257,1260,9,0.000039
0,0,merge,1255,1257,1260,9,0.000000
0,0,divide,1261,1261,1262,11,0.000000
0,0,merge,1261,1261,1262,11,0.000000
0,0,divide,1261,1262,1263,10,0.000010
0,0,merge,1261,1262,1263,10,0.000000
0,0,divide,1264,1264,1265,10,0.000000
0,0,merge,1264,1264,1265,10,0.000000
0,0,divide,1261,1263,1265,9,0.000029
0,0,merge,1261,1263,1265,9,0.000000
0,0,divide,1255,1260,1265,8,0.000121
0,0,merge,1255,1260,1265,8,0.000001
0,0,divide,1243,1254,1265,7,0.000246
0,0,merge,1243,1254,1265,7,0.000001
0,0,divide,1219,1242,1265,6,0.000478
0,0,merge,1219,1242,1265,6,0.000002
0,0,divide,1219,1265,1312,5,0.000942
0,0,merge,1219,1265,1312,5,0.000003
0,0,divide,1172,1172,1173,11,0.000000
0,0,merge,1172,1172,1173,11,0.000000
0,0,divide,1172,1173,1174,10,0.000009
0,0,merge,1172,1173,1174,10,0.000000
0,0,divide,1175,1175,1176,11,0.000000
0,0,merge,1175,1175,1176,11,0.000000
0,0,divide,1175,1176,1177,10,0.000011
0,0,merge,1175,1176,1177,10,0.000000
0,0,divide,1172,1174,1177,9,0.000037
0,0,merge,1172,1174,1177,9,0.000000
0,0,divide,1178,1178,1179,11,0.000000
0,0,merge,1178,1178,1179,11,0.000000
0,0,divide,1178,1179,1180,10,0.000009
0,0,merge,1178,1179,1180,10,0.000000
0,0,divide,1181,1181,1182,11,0.000000
0,0,merge,1181,1181,1182,11,0.000000
0,0,divide,1181,1182,1183,10,0.000010
0,0,merge,1181,1182,1183,10,0.000000
0,0,divide,1178,1180,1183,9,0.000037
0,0,merge,1178,1180,1183,9,0.000000
0,0,divide,1172,1177,1183,8,0.000093
0,0,merge,1172,1177,1183,8,0.000000
0,0,divide,1184,1184,1185,11,0.000000
0,0,merge,1184,1184,1185,11,0.000000
0,0,divide,1184,1185,1186,10,0.000009
0,0,merge,1184,1185,1186,10,0.000000
0,0,divide,1187,1187,1188,11,0.000000
0,0,merge,1187,1187,1188,11,0.000000
0,0,divide,1187,1188,1189,10,0.000009
0,0,merge,1187,1188,1189,10,0.000000
0,0,divide,1184,1186,1189,9,0.000037
0,0,merge,1184,1186,1189,9,0.000000
0,0,divide,1190,1190,1191,11,0.000000
0,0,merge,1190,1190,1191,11,0.000000
0,0,divide,1190,1191,1192,10,0.000009
0,0,merge,1190,1191,1192,10,0.000000
0,0,divide,1193,1193,1194,11,0.000000
0,0,merge,1193,1193,1194,11,0.000000
0,0,divide,1193,1194,1195,10,0.000010
0,0,merge,1193,1194,1195,10,0.000000
0,0,divide,1190,1192,1195,9,0.000037
0,0,merge,1190,1192,1195,9,0.000000
0,0,divide,1184,1189,1195,8,0.000093
0,0,merge,1184,1189,1195,8,0.000000
0,0,divide,1172,1183,1195,7,0.000208
0,0,merge,1172,1183,1195,7,0.000001
0,0,divide,1196,1196,1197,11,0.000000
0,0,merge,1196,1196,1197,11,0.000000
0,0,divide,1196,1197,1198,10,0.000010
0,0,merge,1196,1197,1198,10,0.000000
0,0,divide,1199,1199,1200,11,0.000000
0,0,merge,1199,1199,1200,11,0.000000
0,0,divide,1199,1200,1201,10,0.000008
0,0,merge,1199,1200,1201,10,0.000000
0,0,divide,1196,1198,1201,9,0.000038
0,0,merge,1196,1198,1201,9,0.000000
0,0,divide,1202,1202,1203,11,0.000000
0,0,merge,1202,1202,1203,11,0.000000
0,0,divide,1202,1203,1204,10,0.000008
0,0,merge,1202,1203,1204,10,0.000000
0,0,divide,1205,1205,1206,11,0.000000
0,0,merge,1205,1205,1206,11,0.000000
0,0,divide,1205,1206,1207,10,0.000009
0,0,merge,1205,1206,1207,10,0.000000
0,0,divide,1202,1204,1207,9,0.000036
0,0,merge,1202,1204,1207,9,0.000000
0,0,divide,1196,1201,1207,8,0.000096
0,0,merge,1196,1201,1207,8,0.000000
0,0,divide,1208,1208,1209,11,0.000000
0,0,merge,1208,1208,1209,11,0.000000
0,0,divide,1208,1209,1210,10,0.000008
0,0,merge,1208,1209,1210,10,0.000000
0,0,divide,1211,1211,1212,11,0.000000
0,0,merge,1211,1211,1212,11,0.000000
0,0,divide,1211,1212,1213,10,0.000009
0,0,merge,1211,1212,1213,10,0.000000
0,0,divide,1208,1210,1213,9,0.000038
0,0,merge,1208,1210,1213,9,0.000000
0,0,divide,1214,1214,1215,11,0.000000
0,0,merge,1214,1214,1215,11,0.000000
0,0,divide,1214,1215,1216,10,0.000010
0,0,merge,1214,1215,1216,10,0.000000
0,0,divide,1217,1217,1218,10,0.000000
0,0,merge,1217,1217,1218,10,0.000000
0,0,divide,1214,1216,1218,9,0.000037
0,0,merge,1214,1216,1218,9,0.000000
0,0,divide,1208,1213,1218,8,0.000096
0,0,merge,1208,1213,1218,8,0.000000
0,0,divide,1196,1207,1218,7,0.000209
0,0,merge,1196,1207,1218,7,0.000001
0,0,divide,1172,1195,1218,6,0.000440
0,0,merge,1172,1195,1218,6,0.000002
0,0,divide,1125,1125,1126,11,0.000000
0,0,merge,1125,1125,1126,11,0.000000
0,0,divide,1125,1126,1127,10,0.000010
0,0,merge,1125,1126,1127,10,0.000000
0,0,divide,1128,1128,1129,11,0.000000
0,0,merge,1128,1128,1129,11,0.000000
0,0,divide,1128,1129,1130,10,0.000008
0,0,merge,1128,1129,1130,10,0.000000
0,0,divide,1125,1127,1130,9,0.000038
0,0,merge,1125,1127,1130,9,0.000000
0,0,divide,1131,1131,1132,11,0.000000
0,0,merge,1131,1131,1132,11,0.000000
0,0,divide,1131,1132,1133,10,0.000008
0,0,merge,1131,1132,1133,10,0.000000
0,0,divide,1134,1134,1135,11,0.000000
0,0,merge,1134,1134,1135,11,0.000000
0,0,divide,1134,1135,1136,10,0.000010
0,0,merge,1134,1135,1136,10,0.000000
0,0,divide,1131,1133,1136,9,0.000036
0,0,merge,1131,1133,1136,9,0.000000
0,0,divide,1125,1130,1136,8,0.000095
0,0,merge,1125,1130,1136,8,0.000001
0,0,divide,1137,1137,1138,11,0.000000
0,0,merge,1137,1137,1138,11,0.000000
0,0,divide,1137,1138,1139,10,0.000008
0,0,merge,1137,1138,1139,10,0.000000
0,0,divide,1140,1140,1141,11,0.000000
0,0,merge,1140,1140,1141,11,0.000000
0,0,divide,1140,1141,1142,10,0.000011
0,0,merge,1140,1141,1142,10,0.000000
0,0,divide,1137,1139,1142,9,0.000037
0,0,merge,1137,1139,1142,9,0.000000
0,0,divide,1143,1143,1144,11,0.000000
0,0,merge,1143,1143,1144,11,0.000000
0,0,divide,1143,1144,1145,10,0.000009
0,0,merge,1143,1144,1145,10,0.000000
0,0,divide,1146,1146,1147,11,0.000000
0,0,merge,1146,1146,1147,11,0.000000
0,0,divide,1146,1147,1148,10,0.000011
0,0,merge,1146,1147,1148,10,0.000000
0,0,divide,1143,1145,1148,9,0.000037
0,0,merge,1143,1145,1148,9,0.000000
0,0,divide,1137,1142,1148,8,0.000093
0,0,merge,1137,1142,1148,8,0.000000
0,0,divide,1125,1136,1148,7,0.000210
0,0,merge,1125,1136,1148,7,0.000001
0,0,divide,1149,1149,1150,11,0.000000
0,0,merge,1149,1149,1150,11,0.000000
0,0,divide,1149,1150,1151,10,0.000010
0,0,merge,1149,1150,1151,10,0.000000
0,0,divide,1152,1152,1153,11,0.000000
0,0,merge,1152,1152,1153,11,0.000000
0,0,divide,1152,1153,1154,10,0.000010
0,0,merge,1152,1153,1154,10,0.000000
0,0,divide,1149,1151,1154,9,0.000040
0,0,merge,1149,1151,1154,9,0.000000
0,0,divide,1155,1155,1156,11,0.000000
0,0,merge,1155,1155,1156,11,0.000000
0,0,divide,1155,1156,1157,10,0.000010
0,0,merge,1155,1156,1157,10,0.000000
0,0,divide,1158,1158,1159,11,0.000000
0,0,merge,1158,1158,1159,11,0.000000
0,0,divide,1158,1159,1160,10,0.000008
0,0,merge,1158,1159,1160,10,0.000000
0,0,divide,1155,1157,1160,9,0.000040
0,0,merge,1155,1157,1160,9,0.000000
0,0,divide,1149,1154,1160,8,0.000097
0,0,merge,1149,1154,1160,8,0.000000
0,0,divide,1161,1161,1162,11,0.000000
0,0,merge,1161,1161,1162,11,0.000000
0,0,divide,1161,1162,1163,10,0.000010
0,0,merge,1161,1162,1163,10,0.000000
0,0,divide,1164,1164,1165,11,0.000000
0,0,merge,1164,1164,1165,11,0.000000
0,0,divide,1164,1165,1166,10,0.000012
0,0,merge,1164,1165,1166,10,0.000000
0,0,divide,1161,1163,1166,9,0.000039
0,0,merge,1161,1163,1166,9,0.000000
0,0,divide,1167,1167,1168,11,0.000000
0,0,merge,1167,1167,1168,11,0.000000
0,0,divide,1167,1168,1169,10,0.000010
0,0,merge,1167,1168,1169,10,0.000000
0,0,divide,1170,1170,1171,10,0.000000
0,0,merge,1170,1170,1171,10,0.000000
0,0,divide,1167,1169,1171,9,0.000027
0,0,merge,1167,1169,1171,9,0.000000
0,0,divide,1161,1166,1171,8,0.000083
0,0,merge,1161,1166,1171,8,0.000000
0,0,divide,1149,1160,1171,7,0.000199
0,0,merge,1149,1160,1171,7,0.000001
0,0,divide,1125,1148,1171,6,0.000427
0,0,merge,1125,1148,1171,6,0.000002
0,0,divide,1125,1171,1218,5,0.000890
0,0,merge,1125,1171,1218,5,0.000003
0,0,divide,1125,1218,1312,4,0.001859
0,0,merge,1125,1218,1312,4,0.000006
0,0,divide,1125,1312,1499,3,0.008025
0,0,merge,1125,1312,1499,3,0.000013
0,0,divide,1079,1079,1080,11,0.000000
0,0,merge,1079,1079,1080,11,0.000000
0,0,divide,1079,1080,1081,10,0.000018
0,0,merge,1079,1080,1081,10,0.000000
0,0,divide,1082,1082,1083,11,0.000000
0,0,merge,1082,1082,1083,11,0.000000
0,0,divide,1082,1083,1084,10,0.000010
0,0,merge,1082,1083,1084,10,0.000000
0,0,divide,1079,1081,1084,9,0.000046
0,0,merge,1079,1081,1084,9,0.000000
0,0,divide,1085,1085,1086,11,0.000000
0,0,merge,1085,1085,1086,11,0.000000
0,0,divide,1085,1086,1087,10,0.000008
0,0,merge,1085,1086,1087,10,0.000001
0,0,divide,1088,1088,1089,11,0.000000
0,0,merge,1088,1088,1089,11,0.000000
0,0,divide,1088,1089,1090,10,0.000010
0,0,merge,1088,1089,1090,10,0.000000
0,0,divide,1085,1087,1090,9,0.000073
0,0,merge,1085,1087,1090,9,0.000000
0,0,divide,1079,1084,1090,8,0.000136
0,0,merge,1079,1084,1090,8,0.000000
0,0,divide,1091,1091,1092,11,0.000000
0,0,merge,1091,1091,1092,11,0.000000
0,0,divide,1091,1092,1093,10,0.000009
0,0,merge,1091,1092,1093,10,0.000000
0,0,divide,1094,1094,1095,11,0.000000
0,0,merge,1094,1094,1095,11,0.000000
0,0,divide,1094,1095,1096,10,0.000009
0,0,merge,1094,1095,1096,10,0.000000
0,0,divide,1091,1093,1096,9,0.000041
0,0,merge,1091,1093,1096,9,0.000000
0,0,divide,1097,1097,1098,11,0.000000
0,0,merge,1097,1097,1098,11,0.000000
0,0,divide,1097,1098,1099,10,0.000008
0,0,merge,1097,1098,1099,10,0.000000
0,0,divide,1100,1100,1101,10,0.000000
0,0,merge,1100,1100,1101,10,0.000000
0,0,divide,1097,1099,1101,9,0.000028
0,0,merge,1097,1099,1101,9,0.000000
0,0,divide,1091,1096,1101,8,0.000086
0,0,merge,1091,1096,1101,8,0.000001
0,0,divide,1079,1090,1101,7,0.000245
0,0,merge,1079,1090,1101,7,0.000001
0,0,divide,1102,1102,1103,11,0.000000
0,0,merge,1102,1102,1103,11,0.000000
0,0,divide,1102,1103,1104,10,0.000011
0,0,merge,1102,1103,1104,10,0.000000
0,0,divide,1105,1105,1106,11,0.000000
0,0,merge,1105,1105,1106,11,0.000000
0,0,divide,1105,1106,1107,10,0.000009
0,0,merge,1105,1106,1107,10,0.000000
0,0,divide,1102,1104,1107,9,0.000040
0,0,merge,1102,1104,1107,9,0.000000
0,0,divide,1108,1108,1109,11,0.000000
0,0,merge,1108,1108,1109,11,0.000001
0,0,divide,1108,1109,1110,10,0.000009
0,0,merge,1108,1109,1110,10,0.000000
0,0,divide,1111,1111,1112,11,0.000000
0,0,merge,1111,1111,1112,11,0.000000
0,0,divide,1111,1112,1113,10,0.000011
0,0,merge,1111,1112,1113,10,0.000000
0,0,divide,1108,1110,1113,9,0.000037
0,0,merge,1108,1110,1113,9,0.000000
0,0,divide,1102,1107,1113,8,0.000094
0,0,merge,1102,1107,1113,8,0.000001
0,0,divide,1114,1114,1115,11,0.000000
0,0,merge,1114,1114,1115,11,0.000000
0,0,divide,1114,1115,1116,10,0.000009
0,0,merge,1114,1115,1116,10,0.000000
0,0,divide,1117,1117,1118,11,0.000000
0,0,merge,1117,1117,1118,11,0.000000
0,0,divide,1117,1118,1119,10,0.000010
0,0,merge,1117,1118,1119,10,0.000000
0,0,divide,1114,1116,1119,9,0.000037
0,0,merge,1114,1116,1119,9,0.000000
0,0,divide,1120,1120,1121,11,0.000000
0,0,merge,1120,1120,1121,11,0.000000
0,0,divide,1120,1121,1122,10,0.000010
0,0,merge,1120,1121,1122,10,0.000000
0,0,divide,1123,1123,1124,10,0.000000
0,0,merge,1123,1123,1124,10,0.000000
0,0,divide,1120,1122,1124,9,0.000027
0,0,merge,1120,1122,1124,9,0.000000
0,0,divide,1114,1119,1124,8,0.000081
0,0,merge,1114,1119,1124,8,0.000000
0,0,divide,1102,1113,1124,7,0.000197
0,0,merge,1102,1113,1124,7,0.000001
0,0,divide,1079,1101,1124,6,0.000460
0,0,merge,1079,1101,1124,6,0.000002
0,0,divide,1032,1032,1033,11,0.000000
0,0,merge,1032,1032,1033,11,0.000000
0,0,divide,1032,1033,1034,10,0.000009
0,0,merge,1032,1033,1034,10,0.000000
0,0,divide,1035,1035,1036,11,0.000000
0,0,merge,1035,1035,1036,11,0.000000
0,0,divide,1035,1036,1037,10,0.000011
0,0,merge,1035,1036,1037,10,0.000000
0,0,divide,1032,1034,1037,9,0.000037
0,0,merge,1032,1034,1037,9,0.000000
0,0,divide,1038,1038,1039,11,0.000000
0,0,merge,1038,1038,1039,11,0.000000
0,0,divide,1038,1039,1040,10,0.000009
0,0,merge,1038,1039,1040,10,0.000000
0,0,divide,1041,1041,1042,11,0.000000
0,0,merge,1041,1041,1042,11,0.000000
0,0,divide,1041,1042,1043,10,0.000011
0,0,merge,1041,1042,1043,10,0.000000
0,0,divide,1038,1040,1043,9,0.000037
0,0,merge,1038,1040,1043,9,0.000000
0,0,divide,1032,1037,1043,8,0.000094
0,0,merge,1032,1037,1043,8,0.000001
0,0,divide,1044,1044,1045,11,0.000000
0,0,merge,1044,1044,1045,11,0.000000
0,0,divide,1044,1045,1046,10,0.000011
0,0,merge,1044,1045,1046,10,0.000000
0,0,divide,1047,1047,1048,11,0.000000
0,0,merge,1047,1047,1048,11,0.000000
0,0,divide,1047,1048,1049,10,0.000011
0,0,merge,1047,1048,1049,10,0.000000
0,0,divide,1044,1046,1049,9,0.000039
0,0,merge,1044,1046,1049,9,0.000000
0,0,divide,1050,1050,1051,11,0.000000
0,0,merge,1050,1050,1051,11,0.000000
0,0,divide,1050,1051,1052,10,0.000009
0,0,merge,1050,1051,1052,10,0.000000
0,0,divide,1053,1053,1054,11,0.000000
0,0,merge,1053,1053,1054,11,0.000000
0,0,divide,1053,1054,1055,10,0.000016
0,0,merge,1053,1054,1055,10,0.000000
0,0,divide,1050,1052,1055,9,0.000046
0,0,merge,1050,1052,1055,9,0.000000
0,0,divide,1044,1049,1055,8,0.000107
0,0,merge,1044,1049,1055,8,0.000001
0,0,divide,1032,1043,1055,7,0.000233
0,0,merge,1032,1043,1055,7,0.000001
0,0,divide,1056,1056,1057,11,0.000000
0,0,merge,1056,1056,1057,11,0.000000
0,0,divide,1056,1057,1058,10,0.000008
0,0,merge,1056,1057,1058,10,0.000000
0,0,divide,1059,1059,1060,11,0.000000
0,0,merge,1059,1059,1060,11,0.000000
0,0,divide,1059,1060,1061,10,0.000009
0,0,merge,1059,1060,1061,10,0.000000
0,0,divide,1056,1058,1061,9,0.000038
0,0,merge,1056,1058,1061,9,0.000000
0,0,divide,1062,1062,1063,11,0.000000
0,0,merge,1062,1062,1063,11,0.000000
0,0,divide,1062,1063,1064,10,0.000008
0,0,merge,1062,1063,1064,10,0.000000
0,0,divide,1065,1065,1066,11,0.000000
0,0,merge,1065,1065,1066,11,0.000000
0,0,divide,1065,1066,1067,10,0.000012
0,0,merge,1065,1066,1067,10,0.000000
0,0,divide,1062,1064,1067,9,0.000037
0,0,merge,1062,1064,1067,9,0.000000
0,0,divide,1056,1061,1067,8,0.000094
0,0,merge,1056,1061,1067,8,0.000000
0,0,divide,1068,1068,1069,11,0.000000
0,0,merge,1068,1068,1069,11,0.000000
0,0,divide,1068,1069,1070,10,0.000009
0,0,merge,1068,1069,1070,10,0.000000
0,0,divide,1071,1071,1072,11,0.000000
0,0,merge,1071,1071,1072,11,0.000000
0,0,divide,1071,1072,1073,10,0.000011
0,0,merge,1071,1072,1073,10,0.000000
0,0,divide,1068,1070,1073,9,0.000037
0,0,merge,1068,1070,1073,9,0.000000
0,0,divide,1074,1074,1075,11,0.000000
0,0,merge,1074,1074,1075,11,0.000000
0,0,divide,1074,1075,1076,10,0.000011
0,0,merge,1074,1075,1076,10,0.000000
0,0,divide,1077,1077,1078,10,0.000000
0,0,merge,1077,1077,1078,10,0.000000
0,0,divide,1074,1076,1078,9,0.000031
0,0,merge,1074,1076,1078,9,0.000000
0,0,divide,1068,1073,1078,8,0.000085
0,0,merge,1068,1073,1078,8,0.000000
0,0,divide,1056,1067,1078,7,0.000198
0,0,merge,1056,1067,1078,7,0.000001
0,0,divide,1032,1055,1078,6,0.000450
0,0,merge,1032,1055,1078,6,0.000002
0,0,divide,1032,1078,1124,5,0.000932
0,0,merge,1032,1078,1124,5,0.000003
0,0,divide,985,985,986,11,0.000000
0,0,merge,985,985,986,11,0.000000
0,0,divide,985,986,987,10,0.000012
0,0,merge,985,986,987,10,0.000000
0,0,divide,988,988,989,11,0.000000
0,0,merge,988,988,989,11,0.000000
0,0,divide,988,989,990,10,0.000011
0,0,merge,988,989,990,10,0.000000
0,0,divide,985,987,990,9,0.000041
0,0,merge,985,987,990,9,0.000000
0,0,divide,991,991,992,11,0.000000
0,0,merge,991,991,992,11,0.000000
0,0,divide,991,992,993,10,0.000008
0,0,merge,991,992,993,10,0.000000
0,0,divide,994,994,995,11,0.000000
0,0,merge,994,994,995,11,0.000000
0,0,divide,994,995,996,10,0.000012
0,0,merge,994,995,996,10,0.000000
0,0,divide,991,993,996,9,0.000037
0,0,merge,991,993,996,9,0.000000
0,0,divide,985,990,996,8,0.000095
0,0,merge,985,990,996,8,0.000000
0,0,divide,997,997,998,11,0.000000
0,0,merge,997,997,998,11,0.000000
0,0,divide,997,998,999,10,0.000010
0,0,merge,997,998,999,10,0.000000
0,0,divide,1000,1000,1001,11,0.000000
0,0,merge,1000,1000,1001,11,0.000000
0,0,divide,1000,1001,1002,10,0.000011
0,0,merge,1000,1001,1002,10,0.000000
0,0,divide,997,999,1002,9,0.000040
0,0,merge,997,999,1002,9,0.000000
0,0,divide,1003,1003,1004,11,0.000000
0,0,merge,1003,1003,1004,11,0.000000
0,0,divide,1003,1004,1005,10,0.000008
0,0,merge,1003,1004,1005,10,0.000000
0,0,divide,1006,1006,1007,11,0.000000
0,0,merge,1006,1006,1007,11,0.000000
0,0,divide,1006,1007,1008,10,0.000011
0,0,merge,1006,1007,1008,10,0.000000
0,0,divide,1003,1005,1008,9,0.000042
0,0,merge,1003,1005,1008,9,0.000000
0,0,divide,997,1002,1008,8,0.000101
0,0,merge,997,1002,1008,8,0.000000
0,0,divide,985,996,1008,7,0.000215
0,0,merge,985,996,1008,7,0.000001
0,0,divide,1009,1009,1010,11,0.000000
0,0,merge,1009,1009,1010,11,0.000000
0,0,divide,1009,1010,1011,10,0.000008
0,0,merge,1009,1010,1011,10,0.000000
0,0,divide,1012,1012,1013,11,0.000000
0,0,merge,1012,1012,1013,11,0.000000
0,0,divide,1012,1013,1014,10,0.000009
0,0,merge,1012,1013,1014,10,0.000000
0,0,divide,1009,1011,1014,9,0.000036
0,0,merge,1009,1011,1014,9,0.000000
0,0,divide,1015,1015,1016,11,0.000000
0,0,merge,1015,1015,1016,11,0.000000
0,0,divide,1015,1016,1017,10,0.000009
0,0,merge,1015,1016,1017,10,0.000000
0,0,divide,1018,1018,1019,11,0.000000
0,0,merge,1018,1018,1019,11,0.000000
0,0,divide,1018,1019,1020,10,0.000012
0,0,merge,1018,1019,1020,10,0.000000
0,0,divide,1015,1017,1020,9,0.000037
0,0,merge,1015,1017,1020,9,0.000000
0,0,divide,1009,1014,1020,8,0.000097
0,0,merge,1009,1014,1020,8,0.000001
0,0,divide,1021,1021,1022,11,0.000000
0,0,merge,1021,1021,1022,11,0.000000
0,0,divide,1021,1022,1023,10,0.000008
0,0,merge,1021,1022,1023,10,0.000000
0,0,divide,1024,1024,1025,11,0.000000
0,0,merge,1024,1024,1025,11,0.000000
0,0,divide,1024,1025,1026,10,0.000009
0,0,merge,1024,1025,1026,10,0.000000
0,0,divide,1021,1023,1026,9,0.000037
0,0,merge,1021,1023,1026,9,0.000000
0,0,divide,1027,1027,1028,11,0.000000
0,0,merge,1027,1027,1028,11,0.000000
0,0,divide,1027,1028,1029,10,0.000009
0,0,merge,1027,1028,1029,10,0.000000
0,0,divide,1030,1030,1031,10,0.000000
0,0,merge,1030,1030,1031,10,0.000000
0,0,divide,1027,1029,1031,9,0.000028
0,0,merge,1027,1029,1031,9,0.000000
0,0,divide,1021,1026,1031,8,0.000084
0,0,merge,1021,1026,1031,8,0.000000
0,0,divide,1009,1020,1031,7,0.000200
0,0,merge,1009,1020,1031,7,0.000001
0,0,divide,985,1008,1031,6,0.000437
0,0,merge,985,1008,1031,6,0.000002
0,0,divide,938,938,939,11,0.000000
0,0,merge,938,938,939,11,0.000000
0,0,divide,938,939,940,10,0.000009
0,0,merge,938,939,940,10,0.000000
0,0,divide,941,941,942,11,0.000000
0,0,merge,941,941,942,11,0.000000
0,0,divide,941,942,943,10,0.000009
0,0,merge,941,942,943,10,0.000000
0,0,divide,938,940,943,9,0.000036
0,0,merge,938,940,943,9,0.000000
0,0,divide,944,944,945,11,0.000000
0,0,merge,944,944,945,11,0.000000
0,0,divide,944,945,946,10,0.000009
0,0,merge,944,945,946,10,0.000000
0,0,divide,947,947,948,11,0.000000
0,0,merge,947,947,948,11,0.000000
0,0,divide,947,948,949,10,0.000010
0,0,merge,947,948,949,10,0.000000
0,0,divide,944,946,949,9,0.000036
0,0,merge,944,946,949,9,0.000000
0,0,divide,938,943,949,8,0.000092
0,0,merge,938,943,949,8,0.000000
0,0,divide,950,950,951,11,0.000000
0,0,merge,950,950,951,11,0.000000
0,0,divide,950,951,952,10,0.000009
0,0,merge,950,951,952,10,0.000000
0,0,divide,953,953,954,11,0.000000
0,0,merge,953,953,954,11,0.000000
0,0,divide,953,954,955,10,0.000011
0,0,merge,953,954,955,10,0.000000
0,0,divide,950,952,955,9,0.000036
0,0,merge,950,952,955,9,0.000000
0,0,divide,956,956,957,11,0.000000
0,0,merge,956,956,957,11,0.000000
0,0,divide,956,957,958,10,0.000010
0,0,merge,956,957,958,10,0.000000
0,0,divide,959,959,960,11,0.000000
0,0,merge,959,959,960,11,0.000000
0,0,divide,959,960,961,10,0.000011
0,0,merge,959,960,961,10,0.000000
0,0,divide,956,958,961,9,0.000039
0,0,merge,956,958,961,9,0.000000
0,0,divide,950,955,961,8,0.000092
0,0,merge,950,955,961,8,0.000000
0,0,divide,938,949,961,7,0.000206
0,0,merge,938,949,961,7,0.000001
0,0,divide,962,962,963,11,0.000000
0,0,merge,962,962,963,11,0.000000
0,0,divide,962,963,964,10,0.000010
0,0,merge,962,963,964,10,0.000000
0,0,divide,965,965,966,11,0.000000
0,0,merge,965,965,966,11,0.000000
0,0,divide,965,966,967,10,0.000008
0,0,merge,965,966,967,10,0.000000
0,0,divide,962,964,967,9,0.000036
0,0,merge,962,964,967,9,0.000000
0,0,divide,968,968,969,11,0.000000
0,0,merge,968,968,969,11,0.000000
0,0,divide,968,969,970,10,0.001020
0,0,merge,968,969,970,10,0.000001
0,0,divide,971,971,972,11,0.000000
0,0,merge,971,971,972,11,0.000000
0,0,divide,971,972,973,10,0.000014
0,0,merge,971,972,973,10,0.000000
0,0,divide,968,970,973,9,0.001173
0,0,merge,968,970,973,9,0.000000
0,0,divide,962,967,973,8,0.001229
0,0,merge,962,967,973,8,0.000001
0,0,divide,974,974,975,11,0.000000
0,0,merge,974,974,975,11,0.000000
0,0,divide,974,975,976,10,0.000009
0,0,merge,974,975,976,10,0.000000
0,0,divide,977,977,978,11,0.000000
0,0,merge,977,977,978,11,0.000000
0,0,divide,977,978,979,10,0.000011
0,0,merge,977,978,979,10,0.000000
0,0,divide,974,976,979,9,0.000038
0,0,merge,974,976,979,9,0.000000
0,0,divide,980,980,981,11,0.000000
0,0,merge,980,980,981,11,0.000000
0,0,divide,980,981,982,10,0.000011
0,0,merge,980,981,982,10,0.000000
0,0,divide,983,983,984,10,0.000000
0,0,merge,983,983,984,10,0.000000
0,0,divide,980,982,984,9,0.000028
0,0,merge,980,982,984,9,0.000000
0,0,divide,974,979,984,8,0.000085
0,0,merge,974,979,984,8,0.000000
0,0,divide,962,973,984,7,0.001334
0,0,merge,962,973,984,7,0.000001
0,0,divide,938,961,984,6,0.001559
0,0,merge,938,961,984,6,0.000002
0,0,divide,938,984,1031,5,0.002018
0,0,merge,938,984,1031,5,0.000003
0,0,divide,938,1031,1124,4,0.002974
0,0,merge,938,1031,1124,4,0.000006
0,0,divide,891,891,892,11,0.000000
0,0,merge,891,891,892,11,0.000000
0,0,divide,891,892,893,10,0.000009
0,0,merge,891,892,893,10,0.000000
0,0,divide,894,894,895,11,0.000000
0,0,merge,894,894,895,11,0.000000
0,0,divide,894,895,896,10,0.000009
0,0,merge,894,895,896,10,0.000000
0,0,divide,891,893,896,9,0.000038
0,0,merge,891,893,896,9,0.000000
0,0,divide,897,897,898,11,0.000000
0,0,merge,897,897,898,11,0.000000
0,0,divide,897,898,899,10,0.000008
0,0,merge,897,898,899,10,0.000000
0,0,divide,900,900,901,11,0.000000
0,0,merge,900,900,901,11,0.000000
0,0,divide,900,901,902,10,0.000009
0,0,merge,900,901,902,10,0.000000
0,0,divide,897,899,902,9,0.000036
0,0,merge,897,899,902,9,0.000000
0,0,divide,891,896,902,8,0.000096
0,0,merge,891,896,902,8,0.000000
0,0,divide,903,903,904,11,0.000000
0,0,merge,903,903,904,11,0.000000
0,0,divide,903,904,905,10,0.000008
0,0,merge,903,904,905,10,0.000000
0,0,divide,906,906,907,11,0.000000
0,0,merge,906,906,907,11,0.000000
0,0,divide,906,907,908,10,0.000011
0,0,merge,906,907,908,10,0.000000
0,0,divide,903,905,908,9,0.000036
0,0,merge,903,905,908,9,0.000000
0,0,divide,909,909,910,11,0.000000
0,0,merge,909,909,910,11,0.000000
0,0,divide,909,910,911,10,0.000009
0,0,merge,909,910,911,10,0.000000
0,0,divide,912,912,913,11,0.000000
0,0,merge,912,912,913,11,0.000000
0,0,divide,912,913,914,10,0.000008
0,0,merge,912,913,914,10,0.000000
0,0,divide,909,911,914,9,0.000038
0,0,merge,909,911,914,9,0.000000
0,0,divide,903,908,914,8,0.000094
0,0,merge,903,908,914,8,0.000000
0,0,divide,891,902,914,7,0.000207
0,0,merge,891,902,914,7,0.000001
0,0,divide,915,915,916,11,0.000000
0,0,merge,915,915,916,11,0.000000
0,0,divide,915,916,917,10,0.000010
0,0,merge,915,916,917,10,0.000000
0,0,divide,918,918,919,11,0.000000
0,0,merge,918,918,919,11,0.000000
0,0,divide,918,919,920,10,0.000010
0,0,merge,918,919,920,10,0.000000
0,0,divide,915,917,920,9,0.000038
0,0,merge,915,917,920,9,0.000000
0,0,divide,921,921,922,11,0.000000
0,0,merge,921,921,922,11,0.000000
0,0,divide,921,922,923,10,0.000008
0,0,merge,921,922,923,10,0.000000
0,0,divide,924,924,925,11,0.000000
0,0,merge,924,924,925,11,0.000000
0,0,divide,924,925,926,10,0.000009
0,0,merge,924,925,926,10,0.000000
0,0,divide,921,923,926,9,0.000035
0,0,merge,921,923,926,9,0.000000
0,0,divide,915,920,926,8,0.000094
0,0,merge,915,920,926,8,0.000000
0,0,divide,927,927,928,11,0.000000
0,0,merge,927,927,928,11,0.000000
0,0,divide,927,928,929,10,0.000011
0,0,merge,927,928,929,10,0.000000
0,0,divide,930,930,931,11,0.000000
0,0,merge,930,930,931,11,0.000000
0,0,divide,930,931,932,10,0.000008
0,0,merge,930,931,932,10,0.000000
0,0,divide,927,929,932,9,0.000040
0,0,merge,927,929,932,9,0.000000
0,0,divide,933,933,934,11,0.000000
0,0,merge,933,933,934,11,0.000000
0,0,divide,933,934,935,10,0.000008
0,0,merge,933,934,935,10,0.000000
0,0,divide,936,936,937,10,0.000000
0,0,merge,936,936,937,10,0.000000
0,0,divide,933,935,937,9,0.000028
0,0,merge,933,935,937,9,0.000000
0,0,divide,927,932,937,8,0.000085
0,0,merge,927,932,937,8,0.000001
0,0,divide,915,926,937,7,0.000204
0,0,merge,915,926,937,7,0.000001
0,0,divide,891,914,937,6,0.000431
0,0,merge,891,914,937,6,0.000002
0,0,divide,844,844,845,11,0.000000
0,0,merge,844,844,845,11,0.000000
0,0,divide,844,845,846,10,0.000010
0,0,merge,844,845,846,10,0.000000
0,0,divide,847,847,848,11,0.000000
0,0,merge,847,847,848,11,0.000000
0,0,divide,847,848,849,10,0.000008
0,0,merge,847,848,849,10,0.000000
0,0,divide,844,846,849,9,0.000038
0,0,merge,844,846,849,9,0.000000
0,0,divide,850,850,851,11,0.000000
0,0,merge,850,850,851,11,0.000000
0,0,divide,850,851,852,10,0.000008
0,0,merge,850,851,852,10,0.000000
0,0,divide,853,853,854,11,0.000000
0,0,merge,853,853,854,11,0.000000
0,0,divide,853,854,855,10,0.000011
0,0,merge,853,854,855,10,0.000000
0,0,divide,850,852,855,9,0.000036
0,0,merge,850,852,855,9,0.000000
0,0,divide,844,849,855,8,0.000096
0,0,merge,844,849,855,8,0.000001
0,0,divide,856,856,857,11,0.000000
0,0,merge,856,856,857,11,0.000000
0,0,divide,856,857,858,10,0.000010
0,0,merge,856,857,858,10,0.000000
0,0,divide,859,859,860,11,0.000000
0,0,merge,859,859,860,11,0.000000
0,0,divide,859,860,861,10,0.000008
0,0,merge,859,860,861,10,0.000000
0,0,divide,856,858,861,9,0.000038
0,0,merge,856,858,861,9,0.000000
0,0,divide,862,862,863,11,0.000000
0,0,merge,862,862,863,11,0.000000
0,0,divide,862,863,864,10,0.000010
0,0,merge,862,863,864,10,0.000000
0,0,divide,865,865,866,11,0.000000
0,0,merge,865,865,866,11,0.000000
0,0,divide,865,866,867,10,0.000010
0,0,merge,865,866,867,10,0.000000
0,0,divide,862,864,867,9,0.000039
0,0,merge,862,864,867,9,0.000000
0,0,divide,856,861,867,8,0.000094
0,0,merge,856,861,867,8,0.000000
0,0,divide,844,855,867,7,0.000208
0,0,merge,844,855,867,7,0.000001
0,0,divide,868,868,869,11,0.000000
0,0,merge,868,868,869,11,0.000000
0,0,divide,868,869,870,10,0.000008
0,0,merge,868,869,870,10,0.000001
0,0,divide,871,871,872,11,0.000000
0,0,merge,871,871,872,11,0.000000
0,0,divide,871,872,873,10,0.000013
0,0,merge,871,872,873,10,0.000000
0,0,divide,868,870,873,9,0.000765
0,0,merge,868,870,873,9,0.000000
0,0,divide,874,874,875,11,0.000000
0,0,merge,874,874,875,11,0.000000
0,0,divide,874,875,876,10,0.000010
0,0,merge,874,875,876,10,0.000000
0,0,divide,877,877,878,11,0.000000
0,0,merge,877,877,878,11,0.000000
0,0,divide,877,878,879,10,0.000008
0,0,merge,877,878,879,10,0.000000
0,0,divide,874,876,879,9,0.000038
0,0,merge,874,876,879,9,0.000000
0,0,divide,868,873,879,8,0.000820
0,0,merge,868,873,879,8,0.000000
0,0,divide,880,880,881,11,0.000000
0,0,merge,880,880,881,11,0.000000
0,0,divide,880,881,882,10,0.000011
0,0,merge,880,881,882,10,0.000000
0,0,divide,883,883,884,11,0.000000
0,0,merge,883,883,884,11,0.000000
0,0,divide,883,884,885,10,0.000011
0,0,merge,883,884,885,10,0.000000
0,0,divide,880,882,885,9,0.000040
0,0,merge,880,882,885,9,0.000000
0,0,divide,886,886,887,11,0.000000
0,0,merge,886,886,887,11,0.000000
0,0,divide,886,887,888,10,0.000012
0,0,merge,886,887,888,10,0.000000
0,0,divide,889,889,890,10,0.000000
0,0,merge,889,889,890,10,0.000000
0,0,divide,886,888,890,9,0.000029
0,0,merge,886,888,890,9,0.000000
0,0,divide,880,885,890,8,0.000086
0,0,merge,880,885,890,8,0.000001
0,0,divide,868,879,890,7,0.000925
0,0,merge,868,879,890,7,0.000001
0,0,divide,844,867,890,6,0.001152
0,0,merge,844,867,890,6,0.000002
0,0,divide,844,890,937,5,0.001602
0,0,merge,844,890,937,5,0.000003
0,0,divide,797,797,798,11,0.000000
0,0,merge,797,797,798,11,0.000000
0,0,divide,797,798,799,10,0.000009
0,0,merge,797,798,799,10,0.000000
0,0,divide,800,800,801,11,0.000000
0,0,merge,800,800,801,11,0.000000
0,0,divide,800,801,802,10,0.000010
0,0,merge,800,801,802,10,0.000000
0,0,divide,797,799,802,9,0.000037
0,0,merge,797,799,802,9,0.000000
0,0,divide,803,803,804,11,0.000000
0,0,merge,803,803,804,11,0.000000
0,0,divide,803,804,805,10,0.000008
0,0,merge,803,804,805,10,0.000001
0,0,divide,806,806,807,11,0.000000
0,0,merge,806,806,807,11,0.000001
0,0,divide,806,807,808,10,0.000090
0,0,merge,806,807,808,10,0.000000
0,0,divide,803,805,808,9,0.000379
0,0,merge,803,805,808,9,0.000000
0,0,divide,797,802,808,8,0.000436
0,0,merge,797,802,808,8,0.000000
0,0,divide,809,809,810,11,0.000000
0,0,merge,809,809,810,11,0.000000
0,0,divide,809,810,811,10,0.000012
0,0,merge,809,810,811,10,0.000000
0,0,divide,812,812,813,11,0.000000
0,0,merge,812,812,813,11,0.000000
0,0,divide,812,813,814,10,0.000008
0,0,merge,812,813,814,10,0.000000
0,0,divide,809,811,814,9,0.000040
0,0,merge,809,811,814,9,0.000000
0,0,divide,815,815,816,11,0.000000
0,0,merge,815,815,816,11,0.000000
0,0,divide,815,816,817,10,0.000008
0,0,merge,815,816,817,10,0.000000
0,0,divide,818,818,819,11,0.000000
0,0,merge,818,818,819,11,0.000000
0,0,divide,818,819,820,10,0.000011
0,0,merge,818,819,820,10,0.000000
0,0,divide,815,817,820,9,0.000037
0,0,merge,815,817,820,9,0.000000
0,0,divide,809,814,820,8,0.000096
0,0,merge,809,814,820,8,0.000000
0,0,divide,797,808,820,7,0.000558
0,0,merge,797,808,820,7,0.000001
0,0,divide,821,821,822,11,0.000000
0,0,merge,821,821,822,11,0.000000
0,0,divide,821,822,823,10,0.000008
0,0,merge,821,822,823,10,0.000000
0,0,divide,824,824,825,11,0.000000
0,0,merge,824,824,825,11,0.000000
0,0,divide,824,825,826,10,0.000009
0,0,merge,824,825,826,10,0.000000
0,0,divide,821,823,826,9,0.000036
0,0,merge,821,823,826,9,0.000000
0,0,divide,827,827,828,11,0.000000
0,0,merge,827,827,828,11,0.000000
0,0,divide,827,828,829,10,0.000008
0,0,merge,827,828,829,10,0.000000
0,0,divide,830,830,831,11,0.000000
0,0,merge,830,830,831,11,0.000000
0,0,divide,830,831,832,10,0.000009
0,0,merge,830,831,832,10,0.000000
0,0,divide,827,829,832,9,0.000036
0,0,merge,827,829,832,9,0.000000
0,0,divide,821,826,832,8,0.000094
0,0,merge,821,826,832,8,0.000001
0,0,divide,833,833,834,11,0.000000
0,0,merge,833,833,834,11,0.000000
0,0,divide,833,834,835,10,0.000010
0,0,merge,833,834,835,10,0.000000
0,0,divide,836,836,837,11,0.000000
0,0,merge,836,836,837,11,0.000000
0,0,divide,836,837,838,10,0.000009
0,0,merge,836,837,838,10,0.000000
0,0,divide,833,835,838,9,0.000037
0,0,merge,833,835,838,9,0.000000
0,0,divide,839,839,840,11,0.000000
0,0,merge,839,839,840,11,0.000000
0,0,divide,839,840,841,10,0.000010
0,0,merge,839,840,841,10,0.000000
0,0,divide,842,842,843,10,0.000000
0,0,merge,842,842,843,10,0.000000
0,0,divide,839,841,843,9,0.001010
0,0,merge,839,841,843,9,0.000000
0,0,divide,833,838,843,8,0.001071
0,0,merge,833,838,843,8,0.000001
0,0,divide,821,832,843,7,0.001183
0,0,merge,821,832,843,7,0.000001
0,0,divide,797,820,843,6,0.001761
0,0,merge,797,820,843,6,0.000109
0,0,divide,750,750,751,11,0.000000
0,0,merge,750,750,751,11,0.000000
0,0,divide,750,751,752,10,0.000011
0,0,merge,750,751,752,10,0.000000
0,0,divide,753,753,754,11,0.000000
0,0,merge,753,753,754,11,0.000000
0,0,divide,753,754,755,10,0.000008
0,0,merge,753,754,755,10,0.000000
0,0,divide,750,752,755,9,0.000037
0,0,merge,750,752,755,9,0.000000
0,0,divide,756,756,757,11,0.000000
0,0,merge,756,756,757,11,0.000000
0,0,divide,756,757,758,10,0.000017
0,0,merge,756,757,758,10,0.000000
0,0,divide,759,759,760,11,0.000000
0,0,merge,759,759,760,11,0.000000
0,0,divide,759,760,761,10,0.000014
0,0,merge,759,760,761,10,0.000000
0,0,divide,756,758,761,9,0.000050
0,0,merge,756,758,761,9,0.000000
0,0,divide,750,755,761,8,0.000104
0,0,merge,750,755,761,8,0.000000
0,0,divide,762,762,763,11,0.000000
0,0,merge,762,762,763,11,0.000000
0,0,divide,762,763,764,10,0.000017
0,0,merge,762,763,764,10,0.000000
0,0,divide,765,765,766,11,0.000000
0,0,merge,765,765,766,11,0.000000
0,0,divide,765,766,767,10,0.000009
0,0,merge,765,766,767,10,0.000000
0,0,divide,762,764,767,9,0.000049
0,0,merge,762,764,767,9,0.000001
0,0,divide,768,768,769,11,0.000000
0,0,merge,768,768,769,11,0.000000
0,0,divide,768,769,770,10,0.000010
0,0,merge,768,769,770,10,0.000000
0,0,divide,771,771,772,11,0.000000
0,0,merge,771,771,772,11,0.000000
0,0,divide,771,772,773,10,0.000012
0,0,merge,771,772,773,10,0.000000
0,0,divide,768,770,773,9,0.000038
0,0,merge,768,770,773,9,0.000000
0,0,divide,762,767,773,8,0.000800
0,0,merge,762,767,773,8,0.000001
0,0,divide,750,761,773,7,0.000930
0,0,merge,750,761,773,7,0.000001
0,0,divide,774,774,775,11,0.000000
0,0,merge,774,774,775,11,0.000000
0,0,divide,774,775,776,10,0.000011
0,0,merge,774,775,776,10,0.000000
0,0,divide,777,777,778,11,0.000000
0,0,merge,777,777,778,11,0.000000
0,0,divide,777,778,779,10,0.000009
0,0,merge,777,778,779,10,0.000000
0,0,divide,774,776,779,9,0.000047
0,0,merge,774,776,779,9,0.000000
0,0,divide,780,780,781,11,0.000000
0,0,merge,780,780,781,11,0.000000
0,0,divide,780,781,782,10,0.000008
0,0,merge,780,781,782,10,0.000000
0,0,divide,783,783,784,11,0.000000
0,0,merge,783,783,784,11,0.000000
0,0,divide,783,784,785,10,0.000009
0,0,merge,783,784,785,10,0.000000
0,0,divide,780,782,785,9,0.000036
0,0,merge,780,782,785,9,0.000000
0,0,divide,774,779,785,8,0.000104
0,0,merge,774,779,785,8,0.000001
0,0,divide,786,786,787,11,0.000000
0,0,merge,786,786,787,11,0.000000
0,0,divide,786,787,788,10,0.000010
0,0,merge,786,787,788,10,0.000000
0,0,divide,789,789,790,11,0.000000
0,0,merge,789,789,790,11,0.000000
0,0,divide,789,790,791,10,0.000010
0,0,merge,789,790,791,10,0.000000
0,0,divide,786,788,791,9,0.000040
0,0,merge,786,788,791,9,0.000000
0,0,divide,792,792,793,11,0.000000
0,0,merge,792,792,793,11,0.000000
0,0,divide,792,793,794,10,0.000011
0,0,merge,792,793,794,10,0.000000
0,0,divide,795,795,796,10,0.000000
0,0,merge,795,795,796,10,0.000000
0,0,divide,792,794,796,9,0.000027
0,0,merge,792,794,796,9,0.000000
0,0,divide,786,791,796,8,0.000087
0,0,merge,786,791,796,8,0.000000
0,0,divide,774,785,796,7,0.000210
0,0,merge,774,785,796,7,0.000001
0,0,divide,750,773,796,6,0.001158
0,0,merge,750,773,796,6,0.000002
0,0,divide,750,796,843,5,0.003049
0,0,merge,750,796,843,5,0.000009
0,0,divide,750,843,937,4,0.004688
0,0,merge,750,843,937,4,0.000007
0,0,divide,750,937,1124,3,0.007695
0,0,merge,750,937,1124,3,0.000013
0,0,divide,750,1124,1499,2,0.015769
0,0,merge,750,1124,1499,2,0.000024
0,0,divide,704,704,705,11,0.000000
0,0,merge,704,704,705,11,0.000001
0,0,divide,704,705,706,10,0.000009
0,0,merge,704,705,706,10,0.000000
0,0,divide,707,707,708,11,0.000000
0,0,merge,707,707,708,11,0.000000
0,0,divide,707,708,709,10,0.000009
0,0,merge,707,708,709,10,0.000000
0,0,divide,704,706,709,9,0.000037
0,0,merge,704,706,709,9,0.000000
0,0,divide,710,710,711,11,0.000000
0,0,merge,710,710,711,11,0.000000
0,0,divide,710,711,712,10,0.000009
0,0,merge,710,711,712,10,0.000000
0,0,divide,713,713,714,11,0.000000
0,0,merge,713,713,714,11,0.000000
0,0,divide,713,714,715,10,0.000008
0,0,merge,713,714,715,10,0.000000
0,0,divide,710,712,715,9,0.000036
0,0,merge,710,712,715,9,0.000000
0,0,divide,704,709,715,8,0.000092
0,0,merge,704,709,715,8,0.000000
0,0,divide,716,716,717,11,0.000000
0,0,merge,716,716,717,11,0.000000
0,0,divide,716,717,718,10,0.000011
0,0,merge,716,717,718,10,0.000000
0,0,divide,719,719,720,11,0.000000
0,0,merge,719,719,720,11,0.000000
0,0,divide,719,720,721,10,0.000010
0,0,merge,719,720,721,10,0.000000
0,0,divide,716,718,721,9,0.000040
0,0,merge,716,718,721,9,0.000000
0,0,divide,722,722,723,11,0.000000
0,0,merge,722,722,723,11,0.000000
0,0,divide,722,723,724,10,0.000011
0,0,merge,722,723,724,10,0.000000
0,0,divide,725,725,726,10,0.000000
0,0,merge,725,725,726,10,0.000000
0,0,divide,722,724,726,9,0.000031
0,0,merge,722,724,726,9,0.000000
0,0,divide,716,721,726,8,0.000089
0,0,merge,716,721,726,8,0.000000
0,0,divide,704,715,726,7,0.000197
0,0,merge,704,715,726,7,0.000001
0,0,divide,727,727,728,11,0.000000
0,0,merge,727,727,728,11,0.000000
0,0,divide,727,728,729,10,0.000011
0,0,merge,727,728,729,10,0.000000
0,0,divide,730,730,731,11,0.000000
0,0,merge,730,730,731,11,0.000000
0,0,divide,730,731,732,10,0.000011
0,0,merge,730,731,732,10,0.000000
0,0,divide,727,729,732,9,0.000040
0,0,merge,727,729,732,9,0.000000
0,0,divide,733,733,734,11,0.000000
0,0,merge,733,733,734,11,0.000000
0,0,divide,733,734,735,10,0.000008
0,0,merge,733,734,735,10,0.000000
0,0,divide,736,736,737,11,0.000000
0,0,merge,736,736,737,11,0.000000
0,0,divide,736,737,738,10,0.000011
0,0,merge,736,737,738,10,0.000000
0,0,divide,733,735,738,9,0.000036
0,0,merge,733,735,738,9,0.000000
0,0,divide,727,732,738,8,0.000097
0,0,merge,727,732,738,8,0.000001
0,0,divide,739,739,740,11,0.000000
0,0,merge,739,739,740,11,0.000000
0,0,divide,739,740,741,10,0.000014
0,0,merge,739,740,741,10,0.000000
0,0,divide,742,742,743,11,0.000000
0,0,merge,742,742,743,11,0.000000
0,0,divide,742,743,744,10,0.000012
0,0,merge,742,743,744,10,0.000000
0,0,divide,739,741,744,9,0.000043
0,0,merge,739,741,744,9,0.000000
0,0,divide,745,745,746,11,0.000000
0,0,merge,745,745,746,11,0.000000
0,0,divide,745,746,747,10,0.000011
0,0,merge,745,746,747,10,0.000000
0,0,divide,748,748,749,10,0.000000
0,0,merge,748,748,749,10,0.000000
0,0,divide,745,747,749,9,0.000028
0,0,merge,745,747,749,9,0.000000
0,0,divide,739,744,749,8,0.000093
0,0,merge,739,744,749,8,0.000001
0,0,divide,727,738,749,7,0.000210
0,0,merge,727,738,749,7,0.000001
0,0,divide,704,726,749,6,0.000427
0,0,merge,704,726,749,6,0.000002
0,0,divide,657,657,658,11,0.000000
0,0,merge,657,657,658,11,0.000000
0,0,divide,657,658,659,10,0.000009
0,0,merge,657,658,659,10,0.000000
0,0,divide,660,660,661,11,0.000000
0,0,merge,660,660,661,11,0.000000
0,0,divide,660,661,662,10,0.000011
0,0,merge,660,661,662,10,0.000000
0,0,divide,657,659,662,9,0.000037
0,0,merge,657,659,662,9,0.000000
0,0,divide,663,663,664,11,0.000000
0,0,merge,663,663,664,11,0.000000
0,0,divide,663,664,665,10,0.000011
0,0,merge,663,664,665,10,0.000000
0,0,divide,666,666,667,11,0.000000
0,0,merge,666,666,667,11,0.000000
0,0,divide,666,667,668,10,0.000012
0,0,merge,666,667,668,10,0.000000
0,0,divide,663,665,668,9,0.000039
0,0,merge,663,665,668,9,0.000000
0,0,divide,657,662,668,8,0.000095
0,0,merge,657,662,668,8,0.000001
0,0,divide,669,669,670,11,0.000000
0,0,merge,669,669,670,11,0.000000
0,0,divide,669,670,671,10,0.000011
0,0,merge,669,670,671,10,0.000000
0,0,divide,672,672,673,11,0.000000
0,0,merge,672,672,673,11,0.000000
0,0,divide,672,673,674,10,0.000009
0,0,merge,672,673,674,10,0.000000
0,0,divide,669,671,674,9,0.000037
0,0,merge,669,671,674,9,0.000000
0,0,divide,675,675,676,11,0.000000
0,0,merge,675,675,676,11,0.000000
0,0,divide,675,676,677,10,0.000011
0,0,merge,675,676,677,10,0.000000
0,0,divide,678,678,679,11,0.000000
0,0,merge,678,678,679,11,0.000000
0,0,divide,678,679,680,10,0.000012
0,0,merge,678,679,680,10,0.000000
0,0,divide,675,677,680,9,0.000040
0,0,merge,675,677,680,9,0.000000
0,0,divide,669,674,680,8,0.000097
0,0,merge,669,674,680,8,0.000001
0,0,divide,657,668,680,7,0.000211
0,0,merge,657,668,680,7,0.000001
0,0,divide,681,681,682,11,0.000000
0,0,merge,681,681,682,11,0.000000
0,0,divide,681,682,683,10,0.000009
0,0,merge,681,682,683,10,0.000000
0,0,divide,684,684,685,11,0.000000
0,0,merge,684,684,685,11,0.000000
0,0,divide,684,685,686,10,0.000009
0,0,merge,684,685,686,10,0.000000
0,0,divide,681,683,686,9,0.000037
0,0,merge,681,683,686,9,0.000000
0,0,divide,687,687,688,11,0.000000
0,0,merge,687,687,688,11,0.000000
0,0,divide,687,688,689,10,0.000011
0,0,merge,687,688,689,10,0.000000
0,0,divide,690,690,691,11,0.000000
0,0,merge,690,690,691,11,0.000000
0,0,divide,690,691,692,10,0.000011
0,0,merge,690,691,692,10,0.000000
0,0,divide,687,689,692,9,0.000039
0,0,merge,687,689,692,9,0.000000
0,0,divide,681,686,692,8,0.000094
0,0,merge,681,686,692,8,0.000001
0,0,divide,693,693,694,11,0.000000
0,0,merge,693,693,694,11,0.000000
0,0,divide,693,694,695,10,0.000009
0,0,merge,693,694,695,10,0.000000
0,0,divide,696,696,697,11,0.000000
0,0,merge,696,696,697,11,0.000000
0,0,divide,696,697,698,10,0.000010
0,0,merge,696,697,698,10,0.000000
0,0,divide,693,695,698,9,0.000035
0,0,merge,693,695,698,9,0.000000
0,0,divide,699,699,700,11,0.000000
0,0,merge,699,699,700,11,0.000000
0,0,divide,699,700,701,10,0.000012
0,0,merge,699,700,701,10,0.000000
0,0,divide,702,702,703,10,0.000000
0,0,merge,702,702,703,10,0.000000
0,0,divide,699,701,703,9,0.000032
0,0,merge,699,701,703,9,0.000000
0,0,divide,693,698,703,8,0.000084
0,0,merge,693,698,703,8,0.000001
0,0,divide,681,692,703,7,0.000201
0,0,merge,681,692,703,7,0.000001
0,0,divide,657,680,703,6,0.000433
0,0,merge,657,680,703,6,0.000002
0,0,divide,657,703,749,5,0.000883
0,0,merge,657,703,749,5,0.000003
0,0,divide,610,610,611,11,0.000000
0,0,merge,610,610,611,11,0.000000
0,0,divide,610,611,612,10,0.000010
0,0,merge,610,611,612,10,0.000001
0,0,divide,613,613,614,11,0.000001
0,0,merge,613,613,614,11,0.000000
0,0,divide,613,614,615,10,0.000010
0,0,merge,613,614,615,10,0.000000
0,0,divide,610,612,615,9,0.001066
0,0,merge,610,612,615,9,0.000000
0,0,divide,616,616,617,11,0.000000
0,0,merge,616,616,617,11,0.000000
0,0,divide,616,617,618,10,0.000009
0,0,merge,616,617,618,10,0.000000
0,0,divide,619,619,620,11,0.000000
0,0,merge,619,619,620,11,0.000000
0,0,divide,619,620,621,10,0.000009
0,0,merge,619,620,621,10,0.000000
0,0,divide,616,618,621,9,0.000037
0,0,merge,616,618,621,9,0.000000
0,0,divide,610,615,621,8,0.001125
0,0,merge,610,615,621,8,0.000001
0,0,divide,622,622,623,11,0.000000
0,0,merge,622,622,623,11,0.000000
0,0,divide,622,623,624,10,0.000012
0,0,merge,622,623,624,10,0.000000
0,0,divide,625,625,626,11,0.000000
0,0,merge,625,625,626,11,0.000000
0,0,divide,625,626,627,10,0.000008
0,0,merge,625,626,627,10,0.000000
0,0,divide,622,624,627,9,0.000039
0,0,merge,622,624,627,9,0.000000
0,0,divide,628,628,629,11,0.000000
0,0,merge,628,628,629,11,0.000000
0,0,divide,628,629,630,10,0.000008
0,0,merge,628,629,630,10,0.000000
0,0,divide,631,631,632,11,0.000000
0,0,merge,631,631,632,11,0.000000
0,0,divide,631,632,633,10,0.000009
0,0,merge,631,632,633,10,0.000000
0,0,divide,628,630,633,9,0.000036
0,0,merge,628,630,633,9,0.000000
0,0,divide,622,627,633,8,0.000095
0,0,merge,622,627,633,8,0.000000
0,0,divide,610,621,633,7,0.001238
0,0,merge,610,621,633,7,0.000001
0,0,divide,634,634,635,11,0.000000
0,0,merge,634,634,635,11,0.000000
0,0,divide,634,635,636,10,0.000012
0,0,merge,634,635,636,10,0.000000
0,0,divide,637,637,638,11,0.000000
0,0,merge,637,637,638,11,0.000000
0,0,divide,637,638,639,10,0.000010
0,0,merge,637,638,639,10,0.000000
0,0,divide,634,636,639,9,0.000040
0,0,merge,634,636,639,9,0.000000
0,0,divide,640,640,641,11,0.000000
0,0,merge,640,640,641,11,0.000000
0,0,divide,640,641,642,10,0.000008
0,0,merge,640,641,642,10,0.000000
0,0,divide,643,643,644,11,0.000000
0,0,merge,643,643,644,11,0.000000
0,0,divide,643,644,645,10,0.000009
0,0,merge,643,644,645,10,0.000000
0,0,divide,640,642,645,9,0.000036
0,0,merge,640,642,645,9,0.000000
0,0,divide,634,639,645,8,0.000094
0,0,merge,634,639,645,8,0.000001
0,0,divide,646,646,647,11,0.000000
0,0,merge,646,646,647,11,0.000000
0,0,divide,646,647,648,10,0.000010
0,0,merge,646,647,648,10,0.000000
0,0,divide,649,649,650,11,0.000000
0,0,merge,649,649,650,11,0.000000
0,0,divide,649,650,651,10,0.000008
0,0,merge,649,650,651,10,0.000000
0,0,divide,646,648,651,9,0.000036
0,0,merge,646,648,651,9,0.000000
0,0,divide,652,652,653,11,0.000000
0,0,merge,652,652,653,11,0.000000
0,0,divide,652,653,654,10,0.000009
0,0,merge,652,653,654,10,0.000000
0,0,divide,655,655,656,10,0.000000
0,0,merge,655,655,656,10,0.000000
0,0,divide,652,654,656,9,0.000029
0,0,merge,652,654,656,9,0.000000
0,0,divide,646,651,656,8,0.000084
0,0,merge,646,651,656,8,0.000001
0,0,divide,634,645,656,7,0.000198
0,0,merge,634,645,656,7,0.000001
0,0,divide,610,633,656,6,0.001455
0,0,merge,610,633,656,6,0.000002
0,0,divide,563,563,564,11,0.000000
0,0,merge,563,563,564,11,0.000001
0,0,divide,563,564,565,10,0.000011
0,0,merge,563,564,565,10,0.000000
0,0,divide,566,566,567,11,0.000000
0,0,merge,566,566,567,11,0.000000
0,0,divide,566,567,568,10,0.000011
0,0,merge,566,567,568,10,0.000000
0,0,divide,563,565,568,9,0.000041
0,0,merge,563,565,568,9,0.000000
0,0,divide,569,569,570,11,0.000000
0,0,merge,569,569,570,11,0.000000
0,0,divide,569,570,571,10,0.000008
0,0,merge,569,570,571,10,0.000000
0,0,divide,572,572,573,11,0.000000
0,0,merge,572,572,573,11,0.000000
0,0,divide,572,573,574,10,0.000011
0,0,merge,572,573,574,10,0.000000
0,0,divide,569,571,574,9,0.000036
0,0,merge,569,571,574,9,0.000000
0,0,divide,563,568,574,8,0.000095
0,0,merge,563,568,574,8,0.000000
0,0,divide,575,575,576,11,0.000000
0,0,merge,575,575,576,11,0.000000
0,0,divide,575,576,577,10,0.000009
0,0,merge,575,576,577,10,0.000000
0,0,divide,578,578,579,11,0.000000
0,0,merge,578,578,579,11,0.000000
0,0,divide,578,579,580,10,0.000008
0,0,merge,578,579,580,10,0.000000
0,0,divide,575,577,580,9,0.000036
0,0,merge,575,577,580,9,0.000000
0,0,divide,581,581,582,11,0.000000
0,0,merge,581,581,582,11,0.000000
0,0,divide,581,582,583,10,0.000011
0,0,merge,581,582,583,10,0.000000
0,0,divide,584,584,585,11,0.000000
0,0,merge,584,584,585,11,0.000000
0,0,divide,584,585,586,10,0.000008
0,0,merge,584,585,586,10,0.000000
0,0,divide,581,583,586,9,0.000037
0,0,merge,581,583,586,9,0.000000
0,0,divide,575,580,586,8,0.000098
0,0,merge,575,580,586,8,0.000001
0,0,divide,563,574,586,7,0.000213
0,0,merge,563,574,586,7,0.000001
0,0,divide,587,587,588,11,0.000000
0,0,merge,587,587,588,11,0.000000
0,0,divide,587,588,589,10,0.000010
0,0,merge,587,588,589,10,0.000000
0,0,divide,590,590,591,11,0.000000
0,0,merge,590,590,591,11,0.000000
0,0,divide,590,591,592,10,0.000008
0,0,merge,590,591,592,10,0.000000
0,0,divide,587,589,592,9,0.000036
0,0,merge,587,589,592,9,0.000000
0,0,divide,593,593,594,11,0.000000
0,0,merge,593,593,594,11,0.000000
0,0,divide,593,594,595,10,0.000008
0,0,merge,593,594,595,10,0.000000
0,0,divide,596,596,597,11,0.000000
0,0,merge,596,596,597,11,0.000000
0,0,divide,596,597,598,10,0.000011
0,0,merge,596,597,598,10,0.000000
0,0,divide,593,595,598,9,0.000036
0,0,merge,593,595,598,9,0.000000
0,0,divide,587,592,598,8,0.000096
0,0,merge,587,592,598,8,0.000000
0,0,divide,599,599,600,11,0.000000
0,0,merge,599,599,600,11,0.000000
0,0,divide,599,600,601,10,0.000008
0,0,merge,599,600,601,10,0.000000
0,0,divide,602,602,603,11,0.000000
0,0,merge,602,602,603,11,0.000000
0,0,divide,602,603,604,10,0.000008
0,0,merge,602,603,604,10,0.000000
0,0,divide,599,601,604,9,0.000036
0,0,merge,599,601,604,9,0.000000
0,0,divide,605,605,606,11,0.000000
0,0,merge,605,605,606,11,0.000000
0,0,divide,605,606,607,10,0.000008
0,0,merge,605,606,607,10,0.000000
0,0,divide,608,608,609,10,0.000000
0,0,merge,608,608,609,10,0.000000
0,0,divide,605,607,609,9,0.000028
0,0,merge,605,607,609,9,0.000000
0,0,divide,599,604,609,8,0.000083
0,0,merge,599,604,609,8,0.000001
0,0,divide,587,598,609,7,0.000197
0,0,merge,587,598,609,7,0.000001
0,0,divide,563,586,609,6,0.000430
0,0,merge,563,586,609,6,0.000002
0,0,divide,563,609,656,5,0.001907
0,0,merge,563,609,656,5,0.000004
0,0,divide,563,656,749,4,0.002816
0,0,merge,563,656,749,4,0.000006
0,0,divide,516,516,517,11,0.000000
0,0,merge,516,516,517,11,0.000000
0,0,divide,516,517,518,10,0.000010
0,0,merge,516,517,518,10,0.000000
0,0,divide,519,519,520,11,0.000000
0,0,merge,519,519,520,11,0.000000
0,0,divide,519,520,521,10,0.000010
0,0,merge,519,520,521,10,0.000000
0,0,divide,516,518,521,9,0.000038
0,0,merge,516,518,521,9,0.000000
0,0,divide,522,522,523,11,0.000000
0,0,merge,522,522,523,11,0.000000
0,0,divide,522,523,524,10,0.000010
0,0,merge,522,523,524,10,0.000000
0,0,divide,525,525,526,11,0.000000
0,0,merge,525,525,526,11,0.000000
0,0,divide,525,526,527,10,0.000008
0,0,merge,525,526,527,10,0.000001
0,0,divide,522,524,527,9,0.000182
0,0,merge,522,524,527,9,0.000000
0,0,divide,516,521,527,8,0.000237
0,0,merge,516,521,527,8,0.000001
0,0,divide,528,528,529,11,0.000000
0,0,merge,528,528,529,11,0.000000
0,0,divide,528,529,530,10,0.000012
0,0,merge,528,529,530,10,0.000000
0,0,divide,531,531,532,11,0.000000
0,0,merge,531,531,532,11,0.000000
0,0,divide,531,532,533,10,0.000013
0,0,merge,531,532,533,10,0.000000
0,0,divide,528,530,533,9,0.000041
0,0,merge,528,530,533,9,0.000000
0,0,divide,534,534,535,11,0.000000
0,0,merge,534,534,535,11,0.000000
0,0,divide,534,535,536,10,0.000011
0,0,merge,534,535,536,10,0.000000
0,0,divide,537,537,538,11,0.000000
0,0,merge,537,537,538,11,0.000000
0,0,divide,537,538,539,10,0.000010
0,0,merge,537,538,539,10,0.000000
0,0,divide,534,536,539,9,0.000040
0,0,merge,534,536,539,9,0.000000
0,0,divide,528,533,539,8,0.000099
0,0,merge,528,533,539,8,0.000001
0,0,divide,516,527,539,7,0.000355
0,0,merge,516,527,539,7,0.000001
0,0,divide,540,540,541,11,0.000000
0,0,merge,540,540,541,11,0.000000
0,0,divide,540,541,542,10,0.000010
0,0,merge,540,541,542,10,0.000000
0,0,divide,543,543,544,11,0.000000
0,0,merge,543,543,544,11,0.000000
0,0,divide,543,544,545,10,0.000008
0,0,merge,543,544,545,10,0.000000
0,0,divide,540,542,545,9,0.000036
0,0,merge,540,542,545,9,0.000000
0,0,divide,546,546,547,11,0.000000
0,0,merge,546,546,547,11,0.000000
0,0,divide,546,547,548,10,0.000009
0,0,merge,546,547,548,10,0.000000
0,0,divide,549,549,550,11,0.000000
0,0,merge,549,549,550,11,0.000000
0,0,divide,549,550,551,10,0.000009
0,0,merge,549,550,551,10,0.000000
0,0,divide,546,548,551,9,0.000037
0,0,merge,546,548,551,9,0.000000
0,0,divide,540,545,551,8,0.000099
0,0,merge,540,545,551,8,0.000001
0,0,divide,552,552,553,11,0.000000
0,0,merge,552,552,553,11,0.000000
0,0,divide,552,553,554,10,0.000008
0,0,merge,552,553,554,10,0.000000
0,0,divide,555,555,556,11,0.000000
0,0,merge,555,555,556,11,0.000000
0,0,divide,555,556,557,10,0.000009
0,0,merge,555,556,557,10,0.000000
0,0,divide,552,554,557,9,0.000038
0,0,merge,552,554,557,9,0.000000
0,0,divide,558,558,559,11,0.000000
0,0,merge,558,558,559,11,0.000000
0,0,divide,558,559,560,10,0.000008
0,0,merge,558,559,560,10,0.000000
0,0,divide,561,561,562,10,0.000000
0,0,merge,561,561,562,10,0.000000
0,0,divide,558,560,562,9,0.000028
0,0,merge,558,560,562,9,0.000000
0,0,divide,552,557,562,8,0.000084
0,0,merge,552,557,562,8,0.000001
0,0,divide,540,551,562,7,0.000204
0,0,merge,540,551,562,7,0.000001
0,0,divide,516,539,562,6,0.000577
0,0,merge,516,539,562,6,0.000002
0,0,divide,469,469,470,11,0.000000
0,0,merge,469,469,470,11,0.000000
0,0,divide,469,470,471,10,0.000009
0,0,merge,469,470,471,10,0.000000
0,0,divide,472,472,473,11,0.000000
0,0,merge,472,472,473,11,0.000000
0,0,divide,472,473,474,10,0.000012
0,0,merge,472,473,474,10,0.000000
0,0,divide,469,471,474,9,0.000037
0,0,merge,469,471,474,9,0.000000
0,0,divide,475,475,476,11,0.000000
0,0,merge,475,475,476,11,0.000000
0,0,divide,475,476,477,10,0.000011
0,0,merge,475,476,477,10,0.000000
0,0,divide,478,478,479,11,0.000000
0,0,merge,478,478,479,11,0.000000
0,0,divide,478,479,480,10,0.000008
0,0,merge,478,479,480,10,0.000000
0,0,divide,475,477,480,9,0.000040
0,0,merge,475,477,480,9,0.000000
0,0,divide,469,474,480,8,0.000094
0,0,merge,469,474,480,8,0.000000
0,0,divide,481,481,482,11,0.000000
0,0,merge,481,481,482,11,0.000000
0,0,divide,481,482,483,10,0.000010
0,0,merge,481,482,483,10,0.000000
0,0,divide,484,484,485,11,0.000000
0,0,merge,484,484,485,11,0.000000
0,0,divide,484,485,486,10,0.000008
0,0,merge,484,485,486,10,0.000000
0,0,divide,481,483,486,9,0.000037
0,0,merge,481,483,486,9,0.000000
0,0,divide,487,487,488,11,0.000000
0,0,merge,487,487,488,11,0.000000
0,0,divide,487,488,489,10,0.000008
0,0,merge,487,488,489,10,0.000000
0,0,divide,490,490,491,11,0.000000
0,0,merge,490,490,491,11,0.000000
0,0,divide,490,491,492,10,0.000009
0,0,merge,490,491,492,10,0.000000
0,0,divide,487,489,492,9,0.000038
0,0,merge,487,489,492,9,0.000000
0,0,divide,481,486,492,8,0.000096
0,0,merge,481,486,492,8,0.000000
0,0,divide,469,480,492,7,0.000206
0,0,merge,469,480,492,7,0.000001
0,0,divide,493,493,494,11,0.000000
0,0,merge,493,493,494,11,0.000000
0,0,divide,493,494,495,10,0.000010
0,0,merge,493,494,495,10,0.000000
0,0,divide,496,496,497,11,0.000000
0,0,merge,496,496,497,11,0.000000
0,0,divide,496,497,498,10,0.000011
0,0,merge,496,497,498,10,0.000000
0,0,divide,493,495,498,9,0.000038
0,0,merge,493,495,498,9,0.000000
0,0,divide,499,499,500,11,0.000000
0,0,merge,499,499,500,11,0.000000
0,0,divide,499,500,501,10,0.000009
0,0,merge,499,500,501,10,0.000000
0,0,divide,502,502,503,11,0.000000
0,0,merge,502,502,503,11,0.000000
0,0,divide,502,503,504,10,0.000011
0,0,merge,502,503,504,10,0.000000
0,0,divide,499,501,504,9,0.000037
0,0,merge,499,501,504,9,0.000000
0,0,divide,493,498,504,8,0.000094
0,0,merge,493,498,504,8,0.000001
0,0,divide,505,505,506,11,0.000000
0,0,merge,505,505,506,11,0.000000
0,0,divide,505,506,507,10,0.000008
0,0,merge,505,506,507,10,0.000000
0,0,divide,508,508,509,11,0.000000
0,0,merge,508,508,509,11,0.000000
0,0,divide,508,509,510,10,0.000011
0,0,merge,508,509,510,10,0.000000
0,0,divide,505,507,510,9,0.000036
0,0,merge,505,507,510,9,0.000000
0,0,divide,511,511,512,11,0.000000
0,0,merge,511,511,512,11,0.000000
0,0,divide,511,512,513,10,0.000010
0,0,merge,511,512,513,10,0.000000
0,0,divide,514,514,515,10,0.000000
0,0,merge,514,514,515,10,0.000000
0,0,divide,511,513,515,9,0.000032
0,0,merge,511,513,515,9,0.000000
0,0,divide,505,510,515,8,0.000087
0,0,merge,505,510,515,8,0.000000
0,0,divide,493,504,515,7,0.000200
0,0,merge,493,504,515,7,0.000001
0,0,divide,469,492,515,6,0.000427
0,0,merge,469,492,515,6,0.000002
0,0,divide,469,515,562,5,0.001027
0,0,merge,469,515,562,5,0.000003
0,0,divide,422,422,423,11,0.000000
0,0,merge,422,422,423,11,0.000000
0,0,divide,422,423,424,10,0.000011
0,0,merge,422,423,424,10,0.000000
0,0,divide,425,425,426,11,0.000000
0,0,merge,425,425,426,11,0.000000
0,0,divide,425,426,427,10,0.000011
0,0,merge,425,426,427,10,0.000001
0,0,divide,422,424,427,9,0.001084
0,0,merge,422,424,427,9,0.000000
0,0,divide,428,428,429,11,0.000000
0,0,merge,428,428,429,11,0.000000
0,0,divide,428,429,430,10,0.000012
0,0,merge,428,429,430,10,0.000000
0,0,divide,431,431,432,11,0.000000
0,0,merge,431,431,432,11,0.000000
0,0,divide,431,432,433,10,0.000010
0,0,merge,431,432,433,10,0.000000
0,0,divide,428,430,433,9,0.000039
0,0,merge,428,430,433,9,0.000000
0,0,divide,422,427,433,8,0.001143
0,0,merge,422,427,433,8,0.000001
0,0,divide,434,434,435,11,0.000000
0,0,merge,434,434,435,11,0.000000
0,0,divide,434,435,436,10,0.000008
0,0,merge,434,435,436,10,0.000000
0,0,divide,437,437,438,11,0.000000
0,0,merge,437,437,438,11,0.000000
0,0,divide,437,438,439,10,0.000011
0,0,merge,437,438,439,10,0.000000
0,0,divide,434,436,439,9,0.000037
0,0,merge,434,436,439,9,0.000000
0,0,divide,440,440,441,11,0.000000
0,0,merge,440,440,441,11,0.000000
0,0,divide,440,441,442,10,0.000010
0,0,merge,440,441,442,10,0.000000
0,0,divide,443,443,444,11,0.000000
0,0,merge,443,443,444,11,0.000000
0,0,divide,443,444,445,10,0.000010
0,0,merge,443,444,445,10,0.000000
0,0,divide,440,442,445,9,0.000153
0,0,merge,440,442,445,9,0.000000
0,0,divide,434,439,445,8,0.000208
0,0,merge,434,439,445,8,0.000001
0,0,divide,422,433,445,7,0.001372
0,0,merge,422,433,445,7,0.000001
0,0,divide,446,446,447,11,0.000000
0,0,merge,446,446,447,11,0.000000
0,0,divide,446,447,448,10,0.000018
0,0,merge,446,447,448,10,0.000000
0,0,divide,449,449,450,11,0.000000
0,0,merge,449,449,450,11,0.000000
0,0,divide,449,450,451,10,0.000015
0,0,merge,449,450,451,10,0.000000
0,0,divide,446,448,451,9,0.000051
0,0,merge,446,448,451,9,0.000000
0,0,divide,452,452,453,11,0.000000
0,0,merge,452,452,453,11,0.000000
0,0,divide,452,453,454,10,0.000012
0,0,merge,452,453,454,10,0.000000
0,0,divide,455,455,456,11,0.000000
0,0,merge,455,455,456,11,0.000000
0,0,divide,455,456,457,10,0.000009
0,0,merge,455,456,457,10,0.000000
0,0,divide,452,454,457,9,0.000055
0,0,merge,452,454,457,9,0.000000
0,0,divide,446,451,457,8,0.000132
0,0,merge,446,451,457,8,0.000001
0,0,divide,458,458,459,11,0.000000
0,0,merge,458,458,459,11,0.000000
0,0,divide,458,459,460,10,0.000009
0,0,merge,458,459,460,10,0.000000
0,0,divide,461,461,462,11,0.000000
0,0,merge,461,461,462,11,0.000000
0,0,divide,461,462,463,10,0.000009
0,0,merge,461,462,463,10,0.000000
0,0,divide,458,460,463,9,0.000053
0,0,merge,458,460,463,9,0.000000
0,0,divide,464,464,465,11,0.000000
0,0,merge,464,464,465,11,0.000000
0,0,divide,464,465,466,10,0.000014
0,0,merge,464,465,466,10,0.000000
0,0,divide,467,467,468,10,0.000000
0,0,merge,467,467,468,10,0.000000
0,0,divide,464,466,468,9,0.000041
0,0,merge,464,466,468,9,0.000000
0,0,divide,458,463,468,8,0.000112
0,0,merge,458,463,468,8,0.000000
0,0,divide,446,457,468,7,0.000280
0,0,merge,446,457,468,7,0.000001
0,0,divide,422,445,468,6,0.001670
0,0,merge,422,445,468,6,0.000002
0,0,divide,375,375,376,11,0.000000
0,0,merge,375,375,376,11,0.000000
0,0,divide,375,376,377,10,0.000019
0,0,merge,375,376,377,10,0.000000
0,0,divide,378,378,379,11,0.000000
0,0,merge,378,378,379,11,0.000000
0,0,divide,378,379,380,10,0.000010
0,0,merge,378,379,380,10,0.000000
0,0,divide,375,377,380,9,0.000053
0,0,merge,375,377,380,9,0.000000
0,0,divide,381,381,382,11,0.000000
0,0,merge,381,381,382,11,0.000000
0,0,divide,381,382,383,10,0.000019
0,0,merge,381,382,383,10,0.000000
0,0,divide,384,384,385,11,0.000000
0,0,merge,384,384,385,11,0.000000
0,0,divide,384,385,386,10,0.000010
0,0,merge,384,385,386,10,0.000000
0,0,divide,381,383,386,9,0.000158
0,0,merge,381,383,386,9,0.000000
0,0,divide,375,380,386,8,0.000239
0,0,merge,375,380,386,8,0.000000
0,0,divide,387,387,388,11,0.000000
0,0,merge,387,387,388,11,0.000000
0,0,divide,387,388,389,10,0.000009
0,0,merge,387,388,389,10,0.000000
0,0,divide,390,390,391,11,0.000000
0,0,merge,390,390,391,11,0.000000
0,0,divide,390,391,392,10,0.000016
0,0,merge,390,391,392,10,0.000000
0,0,divide,387,389,392,9,0.000045
0,0,merge,387,389,392,9,0.000000
0,0,divide,393,393,394,11,0.000000
0,0,merge,393,393,394,11,0.000000
0,0,divide,393,394,395,10,0.000011
0,0,merge,393,394,395,10,0.000000
0,0,divide,396,396,397,11,0.000000
0,0,merge,396,396,397,11,0.000000
0,0,divide,396,397,398,10,0.000011
0,0,merge,396,397,398,10,0.000000
0,0,divide,393,395,398,9,0.000070
0,0,merge,393,395,398,9,0.000000
0,0,divide,387,392,398,8,0.000151
0,0,merge,387,392,398,8,0.000000
0,0,divide,375,386,398,7,0.000407
0,0,merge,375,386,398,7,0.000001
0,0,divide,399,399,400,11,0.000000
0,0,merge,399,399,400,11,0.000000
0,0,divide,399,400,401,10,0.000010
0,0,merge,399,400,401,10,0.000000
0,0,divide,402,402,403,11,0.000000
0,0,merge,402,402,403,11,0.000000
0,0,divide,402,403,404,10,0.000010
0,0,merge,402,403,404,10,0.000000
0,0,divide,399,401,404,9,0.000056
0,0,merge,399,401,404,9,0.000000
0,0,divide,405,405,406,11,0.000000
0,0,merge,405,405,406,11,0.000000
0,0,divide,405,406,407,10,0.000015
0,0,merge,405,406,407,10,0.000000
0,0,divide,408,408,409,11,0.000000
0,0,merge,408,408,409,11,0.000000
0,0,divide,408,409,410,10,0.000016
0,0,merge,408,409,410,10,0.000000
0,0,divide,405,407,410,9,0.000052
0,0,merge,405,407,410,9,0.000000
0,0,divide,399,404,410,8,0.000135
0,0,merge,399,404,410,8,0.000000
0,0,divide,411,411,412,11,0.000000
0,0,merge,411,411,412,11,0.000000
0,0,divide,411,412,413,10,0.000018
0,0,merge,411,412,413,10,0.000000
0,0,divide,414,414,415,11,0.000000
0,0,merge,414,414,415,11,0.000000
0,0,divide,414,415,416,10,0.000016
0,0,merge,414,415,416,10,0.000000
0,0,divide,411,413,416,9,0.000053
0,0,merge,411,413,416,9,0.000000
0,0,divide,417,417,418,11,0.000000
0,0,merge,417,417,418,11,0.000000
0,0,divide,417,418,419,10,0.000017
0,0,merge,417,418,419,10,0.000000
0,0,divide,420,420,421,10,0.000000
0,0,merge,420,420,421,10,0.000001
0,0,divide,417,419,421,9,0.000204
0,0,merge,417,419,421,9,0.000000
0,0,divide,411,416,421,8,0.000283
0,0,merge,411,416,421,8,0.000001
0,0,divide,399,410,421,7,0.000437
0,0,merge,399,410,421,7,0.000001
0,0,divide,375,398,421,6,0.000868
0,0,merge,375,398,421,6,0.000002
0,0,divide,375,421,468,5,0.002558
0,0,merge,375,421,468,5,0.000003
0,0,divide,375,468,562,4,0.003612
0,0,merge,375,468,562,4,0.000006
0,0,divide,375,562,749,3,0.006462
0,0,merge,375,562,749,3,0.000012
0,0,divide,329,329,330,11,0.000000
0,0,merge,329,329,330,11,0.000000
0,0,divide,329,330,331,10,0.000012
0,0,merge,329,330,331,10,0.000000
0,0,divide,332,332,333,11,0.000000
0,0,merge,332,332,333,11,0.000000
0,0,divide,332,333,334,10,0.000011
0,0,merge,332,333,334,10,0.000000
0,0,divide,329,331,334,9,0.000041
0,0,merge,329,331,334,9,0.000000
0,0,divide,335,335,336,11,0.000000
0,0,merge,335,335,336,11,0.000000
0,0,divide,335,336,337,10,0.000010
0,0,merge,335,336,337,10,0.000000
0,0,divide,338,338,339,11,0.000000
0,0,merge,338,338,339,11,0.000000
0,0,divide,338,339,340,10,0.000008
0,0,merge,338,339,340,10,0.000000
0,0,divide,335,337,340,9,0.000036
0,0,merge,335,337,340,9,0.000000
0,0,divide,329,334,340,8,0.000100
0,0,merge,329,334,340,8,0.000001
0,0,divide,341,341,342,11,0.000000
0,0,merge,341,341,342,11,0.000000
0,0,divide,341,342,343,10,0.000008
0,0,merge,341,342,343,10,0.000000
0,0,divide,344,344,345,11,0.000000
0,0,merge,344,344,345,11,0.000000
0,0,divide,344,345,346,10,0.000008
0,0,merge,344,345,346,10,0.000000
0,0,divide,341,343,346,9,0.000037
0,0,merge,341,343,346,9,0.000000
0,0,divide,347,347,348,11,0.000000
0,0,merge,347,347,348,11,0.000000
0,0,divide,347,348,349,10,0.000008
0,0,merge,347,348,349,10,0.000000
0,0,divide,350,350,351,10,0.000000
0,0,merge,350,350,351,10,0.000000
0,0,divide,347,349,351,9,0.000029
0,0,merge,347,349,351,9,0.000000
0,0,divide,341,346,351,8,0.000088
0,0,merge,341,346,351,8,0.000001
0,0,divide,329,340,351,7,0.000208
0,0,merge,329,340,351,7,0.000001
0,0,divide,352,352,353,11,0.000000
0,0,merge,352,352,353,11,0.000000
0,0,divide,352,353,354,10,0.000011
0,0,merge,352,353,354,10,0.000000
0,0,divide,355,355,356,11,0.000000
0,0,merge,355,355,356,11,0.000000
0,0,divide,355,356,357,10,0.000012
0,0,merge,355,356,357,10,0.000000
0,0,divide,352,354,357,9,0.000039
0,0,merge,352,354,357,9,0.000000
0,0,divide,358,358,359,11,0.000000
0,0,merge,358,358,359,11,0.000000
0,0,divide,358,359,360,10,0.000011
0,0,merge,358,359,360,10,0.000000
0,0,divide,361,361,362,11,0.000000
0,0,merge,361,361,362,11,0.000000
0,0,divide,361,362,363,10,0.000008
0,0,merge,361,362,363,10,0.000000
0,0,divide,358,360,363,9,0.000038
0,0,merge,358,360,363,9,0.000000
0,0,divide,352,357,363,8,0.000096
0,0,merge,352,357,363,8,0.000000
0,0,divide,364,364,365,11,0.000000
0,0,merge,364,364,365,11,0.000000
0,0,divide,364,365,366,10,0.000011
0,0,merge,364,365,366,10,0.000000
0,0,divide,367,367,368,11,0.000000
0,0,merge,367,367,368,11,0.000000
0,0,divide,367,368,369,10,0.000010
0,0,merge,367,368,369,10,0.000000
0,0,divide,364,366,369,9,0.000040
0,0,merge,364,366,369,9,0.000000
0,0,divide,370,370,371,11,0.000000
0,0,merge,370,370,371,11,0.000000
0,0,divide,370,371,372,10,0.000008
0,0,merge,370,371,372,10,0.000000
0,0,divide,373,373,374,10,0.000000
0,0,merge,373,373,374,10,0.000000
0,0,divide,370,372,374,9,0.000029
0,0,merge,370,372,374,9,0.000000
0,0,divide,364,369,374,8,0.000085
0,0,merge,364,369,374,8,0.000000
0,0,divide,352,363,374,7,0.000200
0,0,merge,352,363,374,7,0.000006
0,0,divide,329,351,374,6,0.000438
0,0,merge,329,351,374,6,0.000002
0,0,divide,282,282,283,11,0.000000
0,0,merge,282,282,283,11,0.000000
0,0,divide,282,283,284,10,0.000011
0,0,merge,282,283,284,10,0.000000
0,0,divide,285,285,286,11,0.000000
0,0,merge,285,285,286,11,0.000000
0,0,divide,285,286,287,10,0.000009
0,0,merge,285,286,287,10,0.000000
0,0,divide,282,284,287,9,0.000038
0,0,merge,282,284,287,9,0.000000
0,0,divide,288,288,289,11,0.000000
0,0,merge,288,288,289,11,0.000000
0,0,divide,288,289,290,10,0.000009
0,0,merge,288,289,290,10,0.000000
0,0,divide,291,291,292,11,0.000000
0,0,merge,291,291,292,11,0.000000
0,0,divide,291,292,293,10,0.000011
0,0,merge,291,292,293,10,0.000000
0,0,divide,288,290,293,9,0.000036
0,0,merge,288,290,293,9,0.000000
0,0,divide,282,287,293,8,0.000097
0,0,merge,282,287,293,8,0.000001
0,0,divide,294,294,295,11,0.000000
0,0,merge,294,294,295,11,0.000000
0,0,divide,294,295,296,10,0.000009
0,0,merge,294,295,296,10,0.000000
0,0,divide,297,297,298,11,0.000000
0,0,merge,297,297,298,11,0.000000
0,0,divide,297,298,299,10,0.000011
0,0,merge,297,298,299,10,0.000000
0,0,divide,294,296,299,9,0.000038
0,0,merge,294,296,299,9,0.000000
0,0,divide,300,300,301,11,0.000000
0,0,merge,300,300,301,11,0.000000
0,0,divide,300,301,302,10,0.000009
0,0,merge,300,301,302,10,0.000000
0,0,divide,303,303,304,11,0.000000
0,0,merge,303,303,304,11,0.000000
0,0,divide,303,304,305,10,0.000012
0,0,merge,303,304,305,10,0.000000
0,0,divide,300,302,305,9,0.000039
0,0,merge,300,302,305,9,0.000000
0,0,divide,294,299,305,8,0.000099
0,0,merge,294,299,305,8,0.000001
0,0,divide,282,293,305,7,0.000216
0,0,merge,282,293,305,7,0.000001
0,0,divide,306,306,307,11,0.000000
0,0,merge,306,306,307,11,0.000000
0,0,divide,306,307,308,10,0.000010
0,0,merge,306,307,308,10,0.000000
0,0,divide,309,309,310,11,0.000000
0,0,merge,309,309,310,11,0.000000
0,0,divide,309,310,311,10,0.000012
0,0,merge,309,310,311,10,0.000000
0,0,divide,306,308,311,9,0.000039
0,0,merge,306,308,311,9,0.000000
0,0,divide,312,312,313,11,0.000000
0,0,merge,312,312,313,11,0.000000
0,0,divide,312,313,314,10,0.000011
0,0,merge,312,313,314,10,0.000000
0,0,divide,315,315,316,11,0.000000
0,0,merge,315,315,316,11,0.000000
0,0,divide,315,316,317,10,0.000009
0,0,merge,315,316,317,10,0.000000
0,0,divide,312,314,317,9,0.000040
0,0,merge,312,314,317,9,0.000000
0,0,divide,306,311,317,8,0.000096
0,0,merge,306,311,317,8,0.000000
0,0,divide,318,318,319,11,0.000000
0,0,merge,318,318,319,11,0.000000
0,0,divide,318,319,320,10,0.000016
0,0,merge,318,319,320,10,0.000001
0,0,divide,321,321,322,11,0.000000
0,0,merge,321,321,322,11,0.000000
0,0,divide,321,322,323,10,0.000012
0,0,merge,321,322,323,10,0.000000
0,0,divide,318,320,323,9,0.000047
0,0,merge,318,320,323,9,0.000000
0,0,divide,324,324,325,11,0.000000
0,0,merge,324,324,325,11,0.000000
0,0,divide,324,325,326,10,0.000011
0,0,merge,324,325,326,10,0.000000
0,0,divide,327,327,328,10,0.000000
0,0,merge,327,327,328,10,0.000000
0,0,divide,324,326,328,9,0.000032
0,0,merge,324,326,328,9,0.000000
0,0,divide,318,323,328,8,0.000099
0,0,merge,318,323,328,8,0.000000
0,0,divide,306,317,328,7,0.000214
0,0,merge,306,317,328,7,0.000001
0,0,divide,282,305,328,6,0.000457
0,0,merge,282,305,328,6,0.000002
0,0,divide,282,328,374,5,0.000916
0,0,merge,282,328,374,5,0.000003
0,0,divide,235,235,236,11,0.000000
0,0,merge,235,235,236,11,0.000001
0,0,divide,235,236,237,10,0.000012
0,0,merge,235,236,237,10,0.000000
0,0,divide,238,238,239,11,0.000000
0,0,merge,238,238,239,11,0.000000
0,0,divide,238,239,240,10,0.000009
0,0,merge,238,239,240,10,0.000000
0,0,divide,235,237,240,9,0.000040
0,0,merge,235,237,240,9,0.000000
0,0,divide,241,241,242,11,0.000000
0,0,merge,241,241,242,11,0.000000
0,0,divide,241,242,243,10,0.000009
0,0,merge,241,242,243,10,0.000000
0,0,divide,244,244,245,11,0.000000
0,0,merge,244,244,245,11,0.000000
0,0,divide,244,245,246,10,0.000011
0,0,merge,244,245,246,10,0.000000
0,0,divide,241,243,246,9,0.000044
0,0,merge,241,243,246,9,0.000000
0,0,divide,235,240,246,8,0.000106
0,0,merge,235,240,246,8,0.000000
0,0,divide,247,247,248,11,0.000000
0,0,merge,247,247,248,11,0.000000
0,0,divide,247,248,249,10,0.000012
0,0,merge,247,248,249,10,0.000000
0,0,divide,250,250,251,11,0.000000
0,0,merge,250,250,251,11,0.000000
0,0,divide,250,251,252,10,0.000012
0,0,merge,250,251,252,10,0.000000
0,0,divide,247,249,252,9,0.000042
0,0,merge,247,249,252,9,0.000000
0,0,divide,253,253,254,11,0.000000
0,0,merge,253,253,254,11,0.000000
0,0,divide,253,254,255,10,0.000011
0,0,merge,253,254,255,10,0.000000
0,0,divide,256,256,257,11,0.000000
0,0,merge,256,256,257,11,0.000000
0,0,divide,256,257,258,10,0.000013
0,0,merge,256,257,258,10,0.000000
0,0,divide,253,255,258,9,0.000042
0,0,merge,253,255,258,9,0.000000
0,0,divide,247,252,258,8,0.000102
0,0,merge,247,252,258,8,0.000000
0,0,divide,235,246,258,7,0.000229
0,0,merge,235,246,258,7,0.000001
0,0,divide,259,259,260,11,0.000000
0,0,merge,259,259,260,11,0.000000
0,0,divide,259,260,261,10,0.000009
0,0,merge,259,260,261,10,0.000000
0,0,divide,262,262,263,11,0.000000
0,0,merge,262,262,263,11,0.000000
0,0,divide,262,263,264,10,0.000012
0,0,merge,262,263,264,10,0.000000
0,0,divide,259,261,264,9,0.000039
0,0,merge,259,261,264,9,0.000000
0,0,divide,265,265,266,11,0.000000
0,0,merge,265,265,266,11,0.000000
0,0,divide,265,266,267,10,0.000009
0,0,merge,265,266,267,10,0.000000
0,0,divide,268,268,269,11,0.000000
0,0,merge,268,268,269,11,0.000000
0,0,divide,268,269,270,10,0.000011
0,0,merge,268,269,270,10,0.000000
0,0,divide,265,267,270,9,0.000041
0,0,merge,265,267,270,9,0.000000
0,0,divide,259,264,270,8,0.000103
0,0,merge,259,264,270,8,0.000000
0,0,divide,271,271,272,11,0.000000
0,0,merge,271,271,272,11,0.000000
0,0,divide,271,272,273,10,0.000009
0,0,merge,271,272,273,10,0.000000
0,0,divide,274,274,275,11,0.000000
0,0,merge,274,274,275,11,0.000000
0,0,divide,274,275,276,10,0.000009
0,0,merge,274,275,276,10,0.000000
0,0,divide,271,273,276,9,0.000042
0,0,merge,271,273,276,9,0.000000
0,0,divide,277,277,278,11,0.000000
0,0,merge,277,277,278,11,0.000000
0,0,divide,277,278,279,10,0.000009
0,0,merge,277,278,279,10,0.000000
0,0,divide,280,280,281,10,0.000000
0,0,merge,280,280,281,10,0.000000
0,0,divide,277,279,281,9,0.000030
0,0,merge,277,279,281,9,0.000000
0,0,divide,271,276,281,8,0.000090
0,0,merge,271,276,281,8,0.000000
0,0,divide,259,270,281,7,0.000212
0,0,merge,259,270,281,7,0.000001
0,0,divide,235,258,281,6,0.000464
0,0,merge,235,258,281,6,0.000002
0,0,divide,188,188,189,11,0.000000
0,0,merge,188,188,189,11,0.000000
0,0,divide,188,189,190,10,0.000009
0,0,merge,188,189,190,10,0.000000
0,0,divide,191,191,192,11,0.000000
0,0,merge,191,191,192,11,0.000000
0,0,divide,191,192,193,10,0.000018
0,0,merge,191,192,193,10,0.000000
0,0,divide,188,190,193,9,0.002602
0,0,merge,188,190,193,9,0.000000
0,0,divide,194,194,195,11,0.000000
0,0,merge,194,194,195,11,0.000000
0,0,divide,194,195,196,10,0.000009
0,0,merge,194,195,196,10,0.000000
0,0,divide,197,197,198,11,0.000000
0,0,merge,197,197,198,11,0.000000
0,0,divide,197,198,199,10,0.000014
0,0,merge,197,198,199,10,0.000000
0,0,divide,194,196,199,9,0.000040
0,0,merge,194,196,199,9,0.000000
0,0,divide,188,193,199,8,0.002661
0,0,merge,188,193,199,8,0.000000
0,0,divide,200,200,201,11,0.000000
0,0,merge,200,200,201,11,0.000000
0,0,divide,200,201,202,10,0.000011
0,0,merge,200,201,202,10,0.000000
0,0,divide,203,203,204,11,0.000000
0,0,merge,203,203,204,11,0.000000
0,0,divide,203,204,205,10,0.000010
0,0,merge,203,204,205,10,0.000000
0,0,divide,200,202,205,9,0.000040
0,0,merge,200,202,205,9,0.000000
0,0,divide,206,206,207,11,0.000000
0,0,merge,206,206,207,11,0.000000
0,0,divide,206,207,208,10,0.000010
0,0,merge,206,207,208,10,0.000000
0,0,divide,209,209,210,11,0.000000
0,0,merge,209,209,210,11,0.000000
0,0,divide,209,210,211,10,0.000010
0,0,merge,209,210,211,10,0.000000
0,0,divide,206,208,211,9,0.000040
0,0,merge,206,208,211,9,0.000000
0,0,divide,200,205,211,8,0.000099
0,0,merge,200,205,211,8,0.000001
0,0,divide,188,199,211,7,0.002780
0,0,merge,188,199,211,7,0.000001
0,0,divide,212,212,213,11,0.000000
0,0,merge,212,212,213,11,0.000000
0,0,divide,212,213,214,10,0.000010
0,0,merge,212,213,214,10,0.000000
0,0,divide,215,215,216,11,0.000000
0,0,merge,215,215,216,11,0.000000
0,0,divide,215,216,217,10,0.000009
0,0,merge,215,216,217,10,0.000000
0,0,divide,212,214,217,9,0.000041
0,0,merge,212,214,217,9,0.000000
0,0,divide,218,218,219,11,0.000000
0,0,merge,218,218,219,11,0.000000
0,0,divide,218,219,220,10,0.000009
0,0,merge,218,219,220,10,0.000000
0,0,divide,221,221,222,11,0.000000
0,0,merge,221,221,222,11,0.000000
0,0,divide,221,222,223,10,0.000009
0,0,merge,221,222,223,10,0.000000
0,0,divide,218,220,223,9,0.000040
0,0,merge,218,220,223,9,0.000000
0,0,divide,212,217,223,8,0.000101
0,0,merge,212,217,223,8,0.000000
0,0,divide,224,224,225,11,0.000000
0,0,merge,224,224,225,11,0.000000
0,0,divide,224,225,226,10,0.000009
0,0,merge,224,225,226,10,0.000000
0,0,divide,227,227,228,11,0.000000
0,0,merge,227,227,228,11,0.000000
0,0,divide,227,228,229,10,0.000015
0,0,merge,227,228,229,10,0.000000
0,0,divide,224,226,229,9,0.000041
0,0,merge,224,226,229,9,0.000000
0,0,divide,230,230,231,11,0.000000
0,0,merge,230,230,231,11,0.000000
0,0,divide,230,231,232,10,0.000010
0,0,merge,230,231,232,10,0.000000
0,0,divide,233,233,234,10,0.000000
0,0,merge,233,233,234,10,0.000000
0,0,divide,230,232,234,9,0.000029
0,0,merge,230,232,234,9,0.000000
0,0,divide,224,229,234,8,0.000089
0,0,merge,224,229,234,8,0.000000
0,0,divide,212,223,234,7,0.000210
0,0,merge,212,223,234,7,0.000001
0,0,divide,188,211,234,6,0.003011
0,0,merge,188,211,234,6,0.000002
0,0,divide,188,234,281,5,0.003496
0,0,merge,188,234,281,5,0.000004
0,0,divide,188,281,374,4,0.004482
0,0,merge,188,281,374,4,0.000007
0,0,divide,141,141,142,11,0.000000
0,0,merge,141,141,142,11,0.000000
0,0,divide,141,142,143,10,0.000011
0,0,merge,141,142,143,10,0.000000
0,0,divide,144,144,145,11,0.000000
0,0,merge,144,144,145,11,0.000000
0,0,divide,144,145,146,10,0.000010
0,0,merge,144,145,146,10,0.000000
0,0,divide,141,143,146,9,0.000042
0,0,merge,141,143,146,9,0.000000
0,0,divide,147,147,148,11,0.000000
0,0,merge,147,147,148,11,0.000000
0,0,divide,147,148,149,10,0.000012
0,0,merge,147,148,149,10,0.000000
0,0,divide,150,150,151,11,0.000000
0,0,merge,150,150,151,11,0.000000
0,0,divide,150,151,152,10,0.000008
0,0,merge,150,151,152,10,0.000000
0,0,divide,147,149,152,9,0.000039
0,0,merge,147,149,152,9,0.000000
0,0,divide,141,146,152,8,0.000099
0,0,merge,141,146,152,8,0.000001
0,0,divide,153,153,154,11,0.000000
0,0,merge,153,153,154,11,0.000000
0,0,divide,153,154,155,10,0.000011
0,0,merge,153,154,155,10,0.000000
0,0,divide,156,156,157,11,0.000000
0,0,merge,156,156,157,11,0.000000
0,0,divide,156,157,158,10,0.000016
0,0,merge,156,157,158,10,0.000000
0,0,divide,153,155,158,9,0.000045
0,0,merge,153,155,158,9,0.000000
0,0,divide,159,159,160,11,0.000000
0,0,merge,159,159,160,11,0.000000
0,0,divide,159,160,161,10,0.000010
0,0,merge,159,160,161,10,0.000000
0,0,divide,162,162,163,11,0.000000
0,0,merge,162,162,163,11,0.000000
0,0,divide,162,163,164,10,0.000010
0,0,merge,162,163,164,10,0.000000
0,0,divide,159,161,164,9,0.000038
0,0,merge,159,161,164,9,0.000000
0,0,divide,153,158,164,8,0.000102
0,0,merge,153,158,164,8,0.000000
0,0,divide,141,152,164,7,0.000219
0,0,merge,141,152,164,7,0.000001
0,0,divide,165,165,166,11,0.000000
0,0,merge,165,165,166,11,0.000000
0,0,divide,165,166,167,10,0.000009
0,0,merge,165,166,167,10,0.000000
0,0,divide,168,168,169,11,0.000000
0,0,merge,168,168,169,11,0.000000
0,0,divide,168,169,170,10,0.000010
0,0,merge,168,169,170,10,0.000000
0,0,divide,165,167,170,9,0.000035
0,0,merge,165,167,170,9,0.000000
0,0,divide,171,171,172,11,0.000000
0,0,merge,171,171,172,11,0.000000
0,0,divide,171,172,173,10,0.000009
0,0,merge,171,172,173,10,0.000000
0,0,divide,174,174,175,11,0.000000
0,0,merge,174,174,175,11,0.000000
0,0,divide,174,175,176,10,0.000011
0,0,merge,174,175,176,10,0.000000
0,0,divide,171,173,176,9,0.000039
0,0,merge,171,173,176,9,0.000000
0,0,divide,165,170,176,8,0.000096
0,0,merge,165,170,176,8,0.000000
0,0,divide,177,177,178,11,0.000000
0,0,merge,177,177,178,11,0.000000
0,0,divide,177,178,179,10,0.000010
0,0,merge,177,178,179,10,0.000000
0,0,divide,180,180,181,11,0.000000
0,0,merge,180,180,181,11,0.000000
0,0,divide,180,181,182,10,0.000010
0,0,merge,180,181,182,10,0.000000
0,0,divide,177,179,182,9,0.000040
0,0,merge,177,179,182,9,0.000000
0,0,divide,183,183,184,11,0.000000
0,0,merge,183,183,184,11,0.000000
0,0,divide,183,184,185,10,0.000010
0,0,merge,183,184,185,10,0.000000
0,0,divide,186,186,187,10,0.000000
0,0,merge,186,186,187,10,0.000000
0,0,divide,183,185,187,9,0.000028
0,0,merge,183,185,187,9,0.000000
0,0,divide,177,182,187,8,0.000088
0,0,merge,177,182,187,8,0.000000
0,0,divide,165,176,187,7,0.000202
0,0,merge,165,176,187,7,0.000001
0,0,divide,141,164,187,6,0.000443
0,0,merge,141,164,187,6,0.000002
0,0,divide,94,94,95,11,0.000000
0,0,merge,94,94,95,11,0.000000
0,0,divide,94,95,96,10,0.000012
0,0,merge,94,95,96,10,0.000000
0,0,divide,97,97,98,11,0.000000
0,0,merge,97,97,98,11,0.000000
0,0,divide,97,98,99,10,0.000008
0,0,merge,97,98,99,10,0.000000
0,0,divide,94,96,99,9,0.000040
0,0,merge,94,96,99,9,0.000000
0,0,divide,100,100,101,11,0.000000
0,0,merge,100,100,101,11,0.000000
0,0,divide,100,101,102,10,0.000011
0,0,merge,100,101,102,10,0.000000
0,0,divide,103,103,104,11,0.000000
0,0,merge,103,103,104,11,0.000000
0,0,divide,103,104,105,10,0.000008
0,0,merge,103,104,105,10,0.000000
0,0,divide,100,102,105,9,0.000038
0,0,merge,100,102,105,9,0.000000
0,0,divide,94,99,105,8,0.000097
0,0,merge,94,99,105,8,0.000000
0,0,divide,106,106,107,11,0.000000
0,0,merge,106,106,107,11,0.000000
0,0,divide,106,107,108,10,0.000010
0,0,merge,106,107,108,10,0.000000
0,0,divide,109,109,110,11,0.000000
0,0,merge,109,109,110,11,0.000000
0,0,divide,109,110,111,10,0.000008
0,0,merge,109,110,111,10,0.000000
0,0,divide,106,108,111,9,0.000038
0,0,merge,106,108,111,9,0.000000
0,0,divide,112,112,113,11,0.000000
0,0,merge,112,112,113,11,0.000000
0,0,divide,112,113,114,10,0.000010
0,0,merge,112,113,114,10,0.000000
0,0,divide,115,115,116,11,0.000000
0,0,merge,115,115,116,11,0.000000
0,0,divide,115,116,117,10,0.000010
0,0,merge,115,116,117,10,0.000000
0,0,divide,112,114,117,9,0.000040
0,0,merge,112,114,117,9,0.000000
0,0,divide,106,111,117,8,0.000099
0,0,merge,106,111,117,8,0.000001
0,0,divide,94,105,117,7,0.000215
0,0,merge,94,105,117,7,0.000001
0,0,divide,118,118,119,11,0.000000
0,0,merge,118,118,119,11,0.000000
0,0,divide,118,119,120,10,0.000010
0,0,merge,118,119,120,10,0.000000
0,0,divide,121,121,122,11,0.000000
0,0,merge,121,121,122,11,0.000000
0,0,divide,121,122,123,10,0.000008
0,0,merge,121,122,123,10,0.000000
0,0,divide,118,120,123,9,0.000039
0,0,merge,118,120,123,9,0.000000
0,0,divide,124,124,125,11,0.000000
0,0,merge,124,124,125,11,0.000000
0,0,divide,124,125,126,10,0.000011
0,0,merge,124,125,126,10,0.000000
0,0,divide,127,127,128,11,0.000000
0,0,merge,127,127,128,11,0.000000
0,0,divide,127,128,129,10,0.000008
0,0,merge,127,128,129,10,0.000000
0,0,divide,124,126,129,9,0.000041
0,0,merge,124,126,129,9,0.000000
0,0,divide,118,123,129,8,0.000105
0,0,merge,118,123,129,8,0.000000
0,0,divide,130,130,131,11,0.000000
0,0,merge,130,130,131,11,0.000000
0,0,divide,130,131,132,10,0.000009
0,0,merge,130,131,132,10,0.000000
0,0,divide,133,133,134,11,0.000000
0,0,merge,133,133,134,11,0.000000
0,0,divide,133,134,135,10,0.000010
0,0,merge,133,134,135,10,0.000000
0,0,divide,130,132,135,9,0.000037
0,0,merge,130,132,135,9,0.000000
0,0,divide,136,136,137,11,0.000000
0,0,merge,136,136,137,11,0.000000
0,0,divide,136,137,138,10,0.000008
0,0,merge,136,137,138,10,0.000000
0,0,divide,139,139,140,10,0.000000
0,0,merge,139,139,140,10,0.000000
0,0,divide,136,138,140,9,0.000028
0,0,merge,136,138,140,9,0.000000
0,0,divide,130,135,140,8,0.000082
0,0,merge,130,135,140,8,0.000001
0,0,divide,118,129,140,7,0.000208
0,0,merge,118,129,140,7,0.000001
0,0,divide,94,117,140,6,0.000440
0,0,merge,94,117,140,6,0.000002
0,0,divide,94,140,187,5,0.000903
0,0,merge,94,140,187,5,0.000003
0,0,divide,47,47,48,11,0.000000
0,0,merge,47,47,48,11,0.000000
0,0,divide,47,48,49,10,0.000076
0,0,merge,47,48,49,10,0.000000
0,0,divide,50,50,51,11,0.000000
0,0,merge,50,50,51,11,0.000000
0,0,divide,50,51,52,10,0.000012
0,0,merge,50,51,52,10,0.000000
0,0,divide,47,49,52,9,0.000109
0,0,merge,47,49,52,9,0.000000
0,0,divide,53,53,54,11,0.000000
0,0,merge,53,53,54,11,0.000000
0,0,divide,53,54,55,10,0.000011
0,0,merge,53,54,55,10,0.000000
0,0,divide,56,56,57,11,0.000000
0,0,merge,56,56,57,11,0.000000
0,0,divide,56,57,58,10,0.000010
0,0,merge,56,57,58,10,0.000000
0,0,divide,53,55,58,9,0.000043
0,0,merge,53,55,58,9,0.000000
0,0,divide,47,52,58,8,0.000174
0,0,merge,47,52,58,8,0.000000
0,0,divide,59,59,60,11,0.000000
0,0,merge,59,59,60,11,0.000000
0,0,divide,59,60,61,10,0.000011
0,0,merge,59,60,61,10,0.000000
0,0,divide,62,62,63,11,0.000000
0,0,merge,62,62,63,11,0.000000
0,0,divide,62,63,64,10,0.000015
0,0,merge,62,63,64,10,0.000000
0,0,divide,59,61,64,9,0.000170
0,0,merge,59,61,64,9,0.000000
0,0,divide,65,65,66,11,0.000000
0,0,merge,65,65,66,11,0.000000
0,0,divide,65,66,67,10,0.000011
0,0,merge,65,66,67,10,0.000000
0,0,divide,68,68,69,11,0.000000
0,0,merge,68,68,69,11,0.000000
0,0,divide,68,69,70,10,0.000017
0,0,merge,68,69,70,10,0.000000
0,0,divide,65,67,70,9,0.000052
0,0,merge,65,67,70,9,0.000000
0,0,divide,59,64,70,8,0.000256
0,0,merge,59,64,70,8,0.000007
0,0,divide,47,58,70,7,0.000458
0,0,merge,47,58,70,7,0.000001
0,0,divide,71,71,72,11,0.000000
0,0,merge,71,71,72,11,0.000000
0,0,divide,71,72,73,10,0.000013
0,0,merge,71,72,73,10,0.000000
0,0,divide,74,74,75,11,0.000000
0,0,merge,74,74,75,11,0.000000
0,0,divide,74,75,76,10,0.000009
0,0,merge,74,75,76,10,0.000000
0,0,divide,71,73,76,9,0.000061
0,0,merge,71,73,76,9,0.000000
0,0,divide,77,77,78,11,0.000000
0,0,merge,77,77,78,11,0.000000
0,0,divide,77,78,79,10,0.000021
0,0,merge,77,78,79,10,0.000000
0,0,divide,80,80,81,11,0.000000
0,0,merge,80,80,81,11,0.000000
0,0,divide,80,81,82,10,0.000021
0,0,merge,80,81,82,10,0.000000
0,0,divide,77,79,82,9,0.000072
0,0,merge,77,79,82,9,0.000000
0,0,divide,71,76,82,8,0.000154
0,0,merge,71,76,82,8,0.000001
0,0,divide,83,83,84,11,0.000000
0,0,merge,83,83,84,11,0.000000
0,0,divide,83,84,85,10,0.000020
0,0,merge,83,84,85,10,0.000001
0,0,divide,86,86,87,11,0.000000
0,0,merge,86,86,87,11,0.000000
0,0,divide,86,87,88,10,0.000023
0,0,merge,86,87,88,10,0.000000
0,0,divide,83,85,88,9,0.000075
0,0,merge,83,85,88,9,0.000000
0,0,divide,89,89,90,11,0.000000
0,0,merge,89,89,90,11,0.000000
0,0,divide,89,90,91,10,0.000028
0,0,merge,89,90,91,10,0.000000
0,0,divide,92,92,93,10,0.000000
0,0,merge,92,92,93,10,0.000000
0,0,divide,89,91,93,9,0.000048
0,0,merge,89,91,93,9,0.000000
0,0,divide,83,88,93,8,0.000253
0,0,merge,83,88,93,8,0.000001
0,0,divide,71,82,93,7,0.000447
0,0,merge,71,82,93,7,0.000001
0,0,divide,47,70,93,6,0.000945
0,0,merge,47,70,93,6,0.000002
0,0,divide,0,0,1,11,0.000000
0,0,merge,0,0,1,11,0.000000
0,0,divide,0,1,2,10,0.000025
0,0,merge,0,1,2,10,0.000000
0,0,divide,3,3,4,11,0.000000
0,0,merge,3,3,4,11,0.000000
0,0,divide,3,4,5,10,0.000037
0,0,merge,3,4,5,10,0.000000
0,0,divide,0,2,5,9,0.000081
0,0,merge,0,2,5,9,0.000000
0,0,divide,6,6,7,11,0.000000
0,0,merge,6,6,7,11,0.000000
0,0,divide,6,7,8,10,0.000009
0,0,merge,6,7,8,10,0.000000
0,0,divide,9,9,10,11,0.000000
0,0,merge,9,9,10,11,0.000000
0,0,divide,9,10,11,10,0.000011
0,0,merge,9,10,11,10,0.000000
0,0,divide,6,8,11,9,0.000059
0,0,merge,6,8,11,9,0.000000
0,0,divide,0,5,11,8,0.000168
0,0,merge,0,5,11,8,0.000001
0,0,divide,12,12,13,11,0.000000
0,0,merge,12,12,13,11,0.000000
0,0,divide,12,13,14,10,0.000018
0,0,merge,12,13,14,10,0.000000
0,0,divide,15,15,16,11,0.000000
0,0,merge,15,15,16,11,0.000000
0,0,divide,15,16,17,10,0.000022
0,0,merge,15,16,17,10,0.000001
0,0,divide,12,14,17,9,0.000066
0,0,merge,12,14,17,9,0.000000
0,0,divide,18,18,19,11,0.000000
0,0,merge,18,18,19,11,0.000000
0,0,divide,18,19,20,10,0.000022
0,0,merge,18,19,20,10,0.000000
0,0,divide,21,21,22,11,0.000000
0,0,merge,21,21,22,11,0.000000
0,0,divide,21,22,23,10,0.000022
0,0,merge,21,22,23,10,0.000000
0,0,divide,18,20,23,9,0.000069
0,0,merge,18,20,23,9,0.000000
0,0,divide,12,17,23,8,0.000158
0,0,merge,12,17,23,8,0.000000
0,0,divide,0,11,23,7,0.000369
0,0,merge,0,11,23,7,0.000001
0,0,divide,24,24,25,11,0.000000
0,0,merge,24,24,25,11,0.000000
0,0,divide,24,25,26,10,0.000072
0,0,merge,24,25,26,10,0.000000
0,0,divide,27,27,28,11,0.000000
0,0,merge,27,27,28,11,0.000000
0,0,divide,27,28,29,10,0.000009
0,0,merge,27,28,29,10,0.000000
0,0,divide,24,26,29,9,0.000105
0,0,merge,24,26,29,9,0.000000
0,0,divide,30,30,31,11,0.000000
0,0,merge,30,30,31,11,0.000000
0,0,divide,30,31,32,10,0.000008
0,0,merge,30,31,32,10,0.000000
0,0,divide,33,33,34,11,0.000000
0,0,merge,33,33,34,11,0.000000
0,0,divide,33,34,35,10,0.000009
0,0,merge,33,34,35,10,0.000000
0,0,divide,30,32,35,9,0.000038
0,0,merge,30,32,35,9,0.000000
0,0,divide,24,29,35,8,0.000165
0,0,merge,24,29,35,8,0.000001
0,0,divide,36,36,37,11,0.000000
0,0,merge,36,36,37,11,0.000000
0,0,divide,36,37,38,10,0.000009
0,0,merge,36,37,38,10,0.000000
0,0,divide,39,39,40,11,0.000000
0,0,merge,39,39,40,11,0.000000
0,0,divide,39,40,41,10,0.000011
0,0,merge,39,40,41,10,0.000000
0,0,divide,36,38,41,9,0.000043
0,0,merge,36,38,41,9,0.000000
0,0,divide,42,42,43,11,0.000000
0,0,merge,42,42,43,11,0.000000
0,0,divide,42,43,44,10,0.000011
0,0,merge,42,43,44,10,0.000000
0,0,divide,45,45,46,10,0.000000
0,0,merge,45,45,46,10,0.000000
0,0,divide,42,44,46,9,0.000034
0,0,merge,42,44,46,9,0.000000
0,0,divide,36,41,46,8,0.000110
0,0,merge,36,41,46,8,0.000001
0,0,divide,24,35,46,7,0.000302
0,0,merge,24,35,46,7,0.000001
0,0,divide,0,23,46,6,0.000702
0,0,merge,0,23,46,6,0.000002
0,0,divide,0,46,93,5,0.001673
0,0,merge,0,46,93,5,0.000004
0,0,divide,0,93,187,4,0.002608
0,0,merge,0,93,187,4,0.000006
0,0,divide,0,187,374,3,0.007127
0,0,merge,0,187,374,3,0.000013
0,0,divide,0,374,749,2,0.013640
0,0,merge,0,374,749,2,0.000025
0,0,divide,0,749,1499,1,0.029482
0,0,merge,0,749,1499,1,0.000045
0,0,divide,0,1499,2999,0,0.066253
0,0,merge,0,1499,2999,0,0.000120
